firstName,lastName,team,positionGroup,subPosition,officialId,salary,eventId,fp_season_avg,fp_last3_avg,fp_lag1,shots_season_avg,shots_last3_avg,groundBalls_season_avg,groundBalls_last3_avg,saves_season_avg,saves_last3_avg,faceoffsWon_season_avg,faceoffsWon_last3_avg,assists_season_avg,assists_last3_avg,causedTurnovers_season_avg,causedTurnovers_last3_avg,faceoffPct_season_avg,faceoffPct_last3_avg,touches_season_avg,touches_last3_avg,shotPct_season_avg,shotPct_last3_avg,last_startTime,shotPct_anomaly,opponent,game_id,days_since_last_game,team_faceoff_advantage,opp_fp_allowed_to_position_last3,team_roster_churn,opp_def_churn,team_vacated_touch_share,team_inactive_fp_avg,opp_def_health,opp_ssdm_health,opp_goalie_health,pairing_rating,opponent_rating,player_vs_team_rating,team_def_rating,BoomProbability,AvgProbability,BustProbability,EV
Brayden,Mayea,RED,Attack,Attack,003121,4,2026_game_1,-1.0,-1.0,-5.0,4.0,4.0,0.6666666666666666,0.6666666666666666,0.0,0.0,0.0,0.0,0.0,0.0,0.0,0.0,0.0,0.0,12.0,12.0,0.08333333333333333,0.08333333333333333,1722115800.0,0.0,ARC,2026-ev-1,650.1041666666666,0.07634727929691432,108.33333333333333,0.0,0.09090909090909091,0.0,0.0,1.0,1.0,1.0,1.0,1.0,1.0,0.8948132369054351,23.7,40.7,35.6,22.81
Chris,Kavanagh,RED,Attack,Attack,003168,13,2026_game_1,40.416666666666664,43.0,18.0,7.833333333333333,7.666666666666667,2.0,0.6666666666666666,0.0,0.0,0.0,0.0,1.0833333333333333,1.0,0.4166666666666667,0.3333333333333333,0.0,0.0,37.833333333333336,32.0,0.30256132756132753,0.34920634920634913,1756753200.0,0.0466450216450216,ARC,2026-ev-1,249.20833333333334,0.07634727929691432,108.33333333333333,0.0,0.09090909090909091,0.0,0.0,1.0,1.0,1.0,1.0,1.0,0.9122238586156112,0.8948132369054351,36.8,35.2,28.0,28.53
Dylan,Molloy,RED,Attack,Attack,001001,32,2026_game_1,27.0,30.666666666666668,41.0,6.846153846153846,6.0,1.5384615384615385,1.0,0.0,0.0,0.0,0.0,0.8076923076923077,0.3333333333333333,0.19230769230769232,0.3333333333333333,0.0,0.0,30.930230769230768,19.0,0.29457209457209454,0.46507936507936504,1756753200.0,0.1705072705072705,ARC,2026-ev-1,249.20833333333334,0.07634727929691432,108.33333333333333,0.0,0.09090909090909091,0.0,0.0,1.0,1.0,1.0,1.0,1.1232053029267135,1.106910039113429,0.8948132369054351,38.7,43.6,17.7,31.16
Michael,Boehm,RED,Attack,Attack,003104,12,2026_game_1,9.0,9.0,1.0,2.0,2.0,2.0,2.0,0.0,0.0,0.0,0.0,1.0,1.0,0.0,0.0,0.0,0.0,17.5,17.5,0.0,0.0,1749942000.0,0.0,ARC,2026-ev-1,328.0416666666667,0.07634727929691432,108.33333333333333,0.0,0.09090909090909091,0.0,0.0,1.0,1.0,1.0,1.0,0.7132459970887919,0.0,0.8948132369054351,17.6,55.5,26.9,22.55
Ryder,Garnsey,RED,Attack,Attack,000373,11,2026_game_1,24.013698630136986,18.0,-6.0,5.260273972602739,4.0,1.5068493150684932,0.3333333333333333,0.0,0.0,0.0,0.0,0.8493150684931506,1.0,0.1506849315068493,0.0,0.0,0.0,30.011945205479456,27.0,0.3079750538654648,0.16666666666666666,1756753200.0,-0.14130838719879815,ARC,2026-ev-1,249.20833333333334,0.07634727929691432,108.33333333333333,0.0,0.09090909090909091,0.0,0.0,1.0,1.0,1.0,1.0,1.0,0.8109794973323043,0.8948132369054351,39.0,37.8,23.2,30.18
Wes,Berg,RED,Attack,Attack,000385,4,2026_game_1,16.695652173913043,7.666666666666667,7.0,3.0869565217391304,4.333333333333333,1.0434782608695652,0.6666666666666666,0.0,0.0,0.0,0.0,0.2608695652173913,0.0,0.13043478260869565,0.0,0.0,0.0,17.47178260869565,12.0,0.38762939958592135,0.2888888888888889,1723852800.0,-0.09874051069703244,ARC,2026-ev-1,630.0,0.07634727929691432,108.33333333333333,0.0,0.09090909090909091,0.0,0.0,1.0,1.0,1.0,1.0,1.0,0.7654622395833334,0.8948132369054351,0.0,72.5,27.5,16.75
Xavier,Arline,RED,Attack,Attack,003230,4,2026_game_1,0.0,0.0,0.0,0.0,0.0,0.0,0.0,0.0,0.0,0.0,0.0,0.0,0.0,0.0,0.0,0.0,0.0,0.0,0.0,0.0,0.0,0.0,0.0,ARC,2026-ev-1,7.0,0.07634727929691432,108.33333333333333,0.0,0.09090909090909091,0.0,0.0,1.0,1.0,1.0,1.0,1.0,1.0,0.8948132369054351,19.8,44.0,36.1,21.43
Colin,Sharkey,ARC,Attack,Attack,003194,4,2026_game_1,0.0,0.0,0.0,0.0,0.0,0.0,0.0,0.0,0.0,0.0,0.0,0.0,0.0,0.0,0.0,0.0,0.0,0.0,0.0,0.0,0.0,0.0,0.0,RED,2026-ev-1,7.0,-0.07634727929691432,85.66666666666667,0.15789473684210525,0.0,0.0,0.0,1.0,1.0,1.0,1.0,1.0,1.0,1.0839327011807676,20.7,45.0,34.3,22.1
Colin,Sharkey,ARC,Attack,Attack,003194,4,2026_game_3,0.0,0.0,0.0,0.0,0.0,0.0,0.0,0.0,0.0,0.0,0.0,0.0,0.0,0.0,0.0,0.0,0.0,0.0,0.0,0.0,0.0,0.0,0.0,RED,2026-ev-1,7.0,-0.07634727929691432,85.66666666666667,0.15789473684210525,0.0,0.0,0.0,1.0,1.0,1.0,1.0,1.0,1.0,1.0839327011807676,20.7,45.0,34.3,22.1
Connor,Fields,ARC,Attack,Attack,000262,23,2026_game_1,25.78688524590164,13.666666666666666,21.0,5.885245901639344,3.6666666666666665,1.360655737704918,1.0,0.0,0.0,0.0,0.0,0.7704918032786885,0.3333333333333333,0.19672131147540983,0.3333333333333333,0.0,0.0,28.811737704918034,21.0,0.31830601092896177,0.31666666666666665,1754701200.0,-0.001639344262295117,RED,2026-ev-1,272.9583333333333,-0.07634727929691432,85.66666666666667,0.15789473684210525,0.0,0.0,0.0,1.0,1.0,1.0,0.8841339959506719,0.9376601855724727,0.7561506840910486,1.0839327011807676,32.5,35.1,32.4,26.28
Connor,Fields,ARC,Attack,Attack,000262,22,2026_game_3,25.78688524590164,13.666666666666666,21.0,5.885245901639344,3.6666666666666665,1.360655737704918,1.0,0.0,0.0,0.0,0.0,0.7704918032786885,0.3333333333333333,0.19672131147540983,0.3333333333333333,0.0,0.0,28.811737704918034,21.0,0.31830601092896177,0.31666666666666665,1754701200.0,-0.001639344262295117,RED,2026-ev-1,272.9583333333333,-0.07634727929691432,85.66666666666667,0.15789473684210525,0.0,0.0,0.0,1.0,1.0,1.0,1.0,0.971218298313625,0.7561506840910486,1.0839327011807676,32.5,35.1,32.4,26.28
Gannon,Matthews,ARC,Attack,Attack,003199,5,2026_game_1,0.0,0.0,0.0,0.0,0.0,0.0,0.0,0.0,0.0,0.0,0.0,0.0,0.0,0.0,0.0,0.0,0.0,0.0,0.0,0.0,0.0,0.0,0.0,RED,2026-ev-1,7.0,-0.07634727929691432,85.66666666666667,0.15789473684210525,0.0,0.0,0.0,1.0,1.0,1.0,1.0,1.0,1.0,1.0839327011807676,20.7,45.0,34.3,22.1
Gannon,Matthews,ARC,Attack,Attack,003199,5,2026_game_3,0.0,0.0,0.0,0.0,0.0,0.0,0.0,0.0,0.0,0.0,0.0,0.0,0.0,0.0,0.0,0.0,0.0,0.0,0.0,0.0,0.0,0.0,0.0,RED,2026-ev-1,7.0,-0.07634727929691432,85.66666666666667,0.15789473684210525,0.0,0.0,0.0,1.0,1.0,1.0,1.0,1.0,1.0,1.0839327011807676,20.7,45.0,34.3,22.1
Leo,Johnson,ARC,Attack,Attack,003252,7,2026_game_1,0.0,0.0,0.0,0.0,0.0,0.0,0.0,0.0,0.0,0.0,0.0,0.0,0.0,0.0,0.0,0.0,0.0,0.0,0.0,0.0,0.0,0.0,0.0,RED,2026-ev-1,7.0,-0.07634727929691432,85.66666666666667,0.15789473684210525,0.0,0.0,0.0,1.0,1.0,1.0,1.0,1.0,1.0,1.0839327011807676,20.7,45.0,34.3,22.1
Leo,Johnson,ARC,Attack,Attack,003252,6,2026_game_3,0.0,0.0,0.0,0.0,0.0,0.0,0.0,0.0,0.0,0.0,0.0,0.0,0.0,0.0,0.0,0.0,0.0,0.0,0.0,0.0,0.0,0.0,0.0,RED,2026-ev-1,7.0,-0.07634727929691432,85.66666666666667,0.15789473684210525,0.0,0.0,0.0,1.0,1.0,1.0,1.0,1.0,1.0,1.0839327011807676,20.7,45.0,34.3,22.1
Mac,O'Keefe,ARC,Attack,Attack,001814,19,2026_game_1,24.347826086956523,30.666666666666668,51.0,6.173913043478261,4.333333333333333,1.2173913043478262,0.6666666666666666,0.0,0.0,0.0,0.0,0.41304347826086957,1.0,0.17391304347826086,0.0,0.0,0.0,23.311478260869563,19.0,0.271574440052701,0.41111111111111115,1754701200.0,0.13953667105841017,RED,2026-ev-1,272.9583333333333,-0.07634727929691432,85.66666666666667,0.15789473684210525,0.0,0.0,0.0,1.0,1.0,1.0,1.0683628887175534,0.8975488309987432,0.9580570547417115,1.0839327011807676,41.3,40.4,18.3,31.88
Mac,O'Keefe,ARC,Attack,Attack,001814,18,2026_game_3,24.347826086956523,30.666666666666668,51.0,6.173913043478261,4.333333333333333,1.2173913043478262,0.6666666666666666,0.0,0.0,0.0,0.0,0.41304347826086957,1.0,0.17391304347826086,0.0,0.0,0.0,23.311478260869563,19.0,0.271574440052701,0.41111111111111115,1754701200.0,0.13953667105841017,RED,2026-ev-1,272.9583333333333,-0.07634727929691432,85.66666666666667,0.15789473684210525,0.0,0.0,0.0,1.0,1.0,1.0,1.0,1.0,0.9580570547417115,1.0839327011807676,41.3,40.4,18.3,31.88
Matt,Moore,ARC,Attack,Attack,002018,16,2026_game_1,17.47826086956522,14.333333333333334,-2.0,5.304347826086956,7.0,1.391304347826087,2.0,0.0,0.0,0.0,0.0,0.7391304347826086,0.0,0.043478260869565216,0.0,0.0,0.0,24.26086956521739,28.333333333333332,0.16345755693581782,0.16666666666666666,1750608000.0,0.0032091097308488414,RED,2026-ev-1,320.3333333333333,-0.07634727929691432,85.66666666666667,0.15789473684210525,0.0,0.0,0.0,1.0,1.0,1.0,1.0,1.0,1.089884350753916,1.0839327011807676,38.6,36.5,24.8,29.71
Matt,Moore,ARC,Attack,Attack,002018,15,2026_game_3,17.47826086956522,14.333333333333334,-2.0,5.304347826086956,7.0,1.391304347826087,2.0,0.0,0.0,0.0,0.0,0.7391304347826086,0.0,0.043478260869565216,0.0,0.0,0.0,24.26086956521739,28.333333333333332,0.16345755693581782,0.16666666666666666,1750608000.0,0.0032091097308488414,RED,2026-ev-1,320.3333333333333,-0.07634727929691432,85.66666666666667,0.15789473684210525,0.0,0.0,0.0,1.0,1.0,1.0,1.0,1.0,1.089884350753916,1.0839327011807676,38.6,36.5,24.8,29.71
Ryan,Stines,ARC,Attack,Attack,003248,8,2026_game_1,0.0,0.0,0.0,0.0,0.0,0.0,0.0,0.0,0.0,0.0,0.0,0.0,0.0,0.0,0.0,0.0,0.0,0.0,0.0,0.0,0.0,0.0,0.0,RED,2026-ev-1,7.0,-0.07634727929691432,85.66666666666667,0.15789473684210525,0.0,0.0,0.0,1.0,1.0,1.0,1.0,1.0,1.0,1.0839327011807676,20.7,45.0,34.3,22.1
Ryan,Stines,ARC,Attack,Attack,003248,7,2026_game_3,0.0,0.0,0.0,0.0,0.0,0.0,0.0,0.0,0.0,0.0,0.0,0.0,0.0,0.0,0.0,0.0,0.0,0.0,0.0,0.0,0.0,0.0,0.0,RED,2026-ev-1,7.0,-0.07634727929691432,85.66666666666667,0.15789473684210525,0.0,0.0,0.0,1.0,1.0,1.0,1.0,1.0,1.0,1.0839327011807676,20.7,45.0,34.3,22.1
Sam,King,ARC,Attack,Attack,003174,25,2026_game_1,23.4,18.333333333333332,2.0,3.9,5.333333333333333,0.9,1.3333333333333333,0.0,0.0,0.0,0.0,1.0,0.6666666666666666,0.3,0.3333333333333333,0.0,0.0,22.3,28.666666666666668,0.24083333333333332,0.23611111111111108,1754701200.0,-0.004722222222222239,RED,2026-ev-1,272.9583333333333,-0.07634727929691432,85.66666666666667,0.15789473684210525,0.0,0.0,0.0,1.0,1.0,1.0,0.8760683760683761,0.6882115316050241,0.9218559218559219,1.0839327011807676,45.9,36.5,17.6,33.5
Sam,King,ARC,Attack,Attack,003174,24,2026_game_3,23.4,18.333333333333332,2.0,3.9,5.333333333333333,0.9,1.3333333333333333,0.0,0.0,0.0,0.0,1.0,0.6666666666666666,0.3,0.3333333333333333,0.0,0.0,22.3,28.666666666666668,0.24083333333333332,0.23611111111111108,1754701200.0,-0.004722222222222239,RED,2026-ev-1,272.9583333333333,-0.07634727929691432,85.66666666666667,0.15789473684210525,0.0,0.0,0.0,1.0,1.0,1.0,1.0,1.0,0.9218559218559219,1.0839327011807676,45.9,36.5,17.6,33.5
Connor,Shellenberger,ATL,Attack,Attack,003076,47,2026_game_2,41.19047619047619,52.666666666666664,35.0,4.619047619047619,4.333333333333333,1.7142857142857142,1.3333333333333333,0.0,0.0,0.0,0.0,1.9523809523809523,3.0,0.09523809523809523,0.0,0.0,0.0,34.57142857142857,28.666666666666668,0.4302910052910052,0.5555555555555555,1757867400.0,0.12526455026455025,CHA,2026-ev-2,236.41666666666666,0.17264646876949502,75.0,0.0,0.0,0.0,0.0,1.0,1.0,1.0,1.0,0.678090014525698,0.8981007431874484,0.9342045557895605,41.7,36.3,22.0,31.29
Jeff,Teat,ATL,Attack,Attack,001809,20,2026_game_2,45.44444444444444,53.0,71.0,5.981481481481482,8.0,1.962962962962963,1.6666666666666667,0.0,0.0,0.0,0.0,2.3703703703703702,3.0,0.2222222222222222,0.0,0.0,0.0,36.70074074074074,30.0,0.3521431243653466,0.20370370370370372,1757867400.0,-0.1484394206616429,CHA,2026-ev-2,236.41666666666666,0.17264646876949502,75.0,0.0,0.0,0.0,0.0,1.0,1.0,1.0,1.0,1.0,0.8766392531673706,0.9342045557895605,48.3,30.2,21.5,33.51
Xander,Dickson,ATL,Attack,Attack,003010,32,2026_game_2,31.565217391304348,32.666666666666664,27.0,5.391304347826087,4.666666666666667,2.0434782608695654,1.0,0.0,0.0,0.0,0.0,0.34782608695652173,0.0,0.4782608695652174,0.6666666666666666,0.0,0.0,17.652173913043477,14.666666666666666,0.4106107660455486,0.6904761904761904,1757867400.0,0.2798654244306418,CHA,2026-ev-2,236.41666666666666,0.17264646876949502,75.0,0.0,0.0,0.0,0.0,1.0,1.0,1.0,1.0,1.0,0.9212121212121211,0.9342045557895605,31.7,47.2,21.1,28.24
Adam,Charalambides,CHA,Attack,Attack,001846,12,2026_game_2,14.0,11.333333333333334,8.0,5.5,6.0,1.1666666666666667,1.0,0.0,0.0,0.0,0.0,0.16666666666666666,0.0,0.08333333333333333,0.0,0.0,0.0,28.416666666666668,28.333333333333332,0.3030092592592592,0.2222222222222222,1755995400.0,-0.08078703703703699,ATL,2026-ev-2,258.0833333333333,-0.17264646876949502,82.33333333333333,0.05555555555555555,0.0,0.0,0.0,1.0,1.0,1.0,1.0,1.059940676145207,1.2738095238095237,1.1231159586563946,44.5,37.3,18.3,32.94
Brendan,Nichtern,CHA,Attack,Attack,002023,5,2026_game_2,28.076923076923077,4.333333333333333,-5.0,5.153846153846154,3.3333333333333335,1.0,0.6666666666666666,0.0,0.0,0.0,0.0,1.9230769230769231,1.0,0.3076923076923077,0.3333333333333333,0.0,0.0,45.69230769230769,40.666666666666664,0.23455433455433458,0.06666666666666667,1689458400.0,-0.1678876678876679,ATL,2026-ev-2,1028.1875,-0.17264646876949502,82.33333333333333,0.05555555555555555,0.0,0.0,0.0,1.0,1.0,1.0,1.0,1.0,0.8570776255707763,1.1231159586563946,46.4,36.8,16.7,33.82
Eric,Malever,CHA,Attack,Attack,003225,5,2026_game_2,0.0,0.0,0.0,0.0,0.0,0.0,0.0,0.0,0.0,0.0,0.0,0.0,0.0,0.0,0.0,0.0,0.0,0.0,0.0,0.0,0.0,0.0,0.0,ATL,2026-ev-2,7.0,-0.17264646876949502,82.33333333333333,0.05555555555555555,0.0,0.0,0.0,1.0,1.0,1.0,1.0,1.0,1.0,1.1231159586563946,19.8,44.0,36.1,21.43
Eric,Spanos,CHA,Attack,Attack,003250,8,2026_game_2,0.0,0.0,0.0,0.0,0.0,0.0,0.0,0.0,0.0,0.0,0.0,0.0,0.0,0.0,0.0,0.0,0.0,0.0,0.0,0.0,0.0,0.0,0.0,ATL,2026-ev-2,7.0,-0.17264646876949502,82.33333333333333,0.05555555555555555,0.0,0.0,0.0,1.0,1.0,1.0,1.0,1.0,1.0,1.1231159586563946,19.8,44.0,36.1,21.43
Jackson,Eicher,CHA,Attack,Attack,003192,26,2026_game_2,24.818181818181817,33.666666666666664,20.0,7.090909090909091,6.333333333333333,0.5454545454545454,0.6666666666666666,0.0,0.0,0.0,0.0,0.8181818181818182,1.0,0.0,0.0,0.0,0.0,22.727272727272727,21.333333333333332,0.24693690148235603,0.30952380952380953,1755995400.0,0.0625869080414535,ATL,2026-ev-2,258.0833333333333,-0.17264646876949502,82.33333333333333,0.05555555555555555,0.0,0.0,0.0,1.0,1.0,1.0,1.0,1.0706898845507213,1.1892551892551892,1.1231159586563946,45.7,35.6,18.7,33.22
Josh,Zawada,CHA,Attack,Attack,003092,11,2026_game_2,12.777777777777779,8.666666666666666,-8.0,3.6666666666666665,4.0,1.2222222222222223,1.6666666666666667,0.0,0.0,0.0,0.0,0.5555555555555556,0.3333333333333333,0.1111111111111111,0.0,0.0,0.0,31.666666666666668,31.333333333333332,0.31058201058201057,0.14285714285714285,1755995400.0,-0.16772486772486772,ATL,2026-ev-2,258.0833333333333,-0.17264646876949502,82.33333333333333,0.05555555555555555,0.0,0.0,0.0,1.0,1.0,1.0,1.0,1.0,0.9151785714285714,1.1231159586563946,38.0,45.1,16.9,31.09
Owen,Hiltz,CHA,Attack,Attack,003166,15,2026_game_2,40.375,32.0,39.0,6.625,7.0,1.375,2.0,0.0,0.0,0.0,0.0,1.625,1.3333333333333333,0.375,0.3333333333333333,0.0,0.0,29.375,29.0,0.3060515873015873,0.1952380952380952,1755995400.0,-0.11081349206349211,ATL,2026-ev-2,258.0833333333333,-0.17264646876949502,82.33333333333333,0.05555555555555555,0.0,0.0,0.0,1.0,1.0,1.0,1.0,1.0,0.0,1.1231159586563946,55.0,28.2,16.7,36.6
Teddy,Malone,CHA,Attack,Attack,003257,5,2026_game_2,0.0,0.0,0.0,0.0,0.0,0.0,0.0,0.0,0.0,0.0,0.0,0.0,0.0,0.0,0.0,0.0,0.0,0.0,0.0,0.0,0.0,0.0,0.0,ATL,2026-ev-2,7.0,-0.17264646876949502,82.33333333333333,0.05555555555555555,0.0,0.0,0.0,1.0,1.0,1.0,1.0,1.0,1.0,1.1231159586563946,19.8,44.0,36.1,21.43
CJ,Kirst,WAT,Attack,Attack,003159,17,2026_game_4,39.0,55.333333333333336,30.0,7.833333333333333,8.333333333333334,2.0,3.3333333333333335,0.0,0.0,0.0,0.0,1.0,1.6666666666666667,0.16666666666666666,0.3333333333333333,0.0,0.0,29.166666666666668,34.666666666666664,0.3134259259259259,0.39999999999999997,1756742400.0,0.08657407407407408,WHP,2026-ev-4,250.1875,-0.16644477211230468,112.66666666666667,0.0,0.0,0.0,0.0,1.0,1.0,1.0,1.0,1.0,0.8937728937728937,1.0255166607010877,42.6,37.2,20.2,31.93
Jake,Taylor,WAT,Attack,Attack,003167,17,2026_game_4,14.444444444444445,2.3333333333333335,-2.0,3.6666666666666665,2.3333333333333335,1.3333333333333333,1.0,0.0,0.0,0.0,0.0,0.3333333333333333,0.0,0.0,0.0,0.0,0.0,9.666666666666666,7.0,0.28518518518518515,0.08333333333333333,1754101800.0,-0.20185185185185184,WHP,2026-ev-4,280.75,-0.16644477211230468,112.66666666666667,0.0,0.0,0.0,0.0,1.0,1.0,1.0,1.0,1.0,0.9120879120879121,1.0255166607010877,6.2,60.9,32.9,17.69
Kieran,McArdle,WAT,Attack,Attack,000240,35,2026_game_4,31.493150684931507,42.0,18.0,6.082191780821918,7.666666666666667,1.36986301369863,1.3333333333333333,0.0,0.0,0.0,0.0,1.4794520547945205,1.3333333333333333,0.0821917808219178,0.0,0.0,0.0,31.323452054794522,31.333333333333332,0.3099275534207041,0.3428571428571428,1756742400.0,0.0329295894364387,WHP,2026-ev-4,250.1875,-0.16644477211230468,112.66666666666667,0.0,0.0,0.0,0.0,1.0,1.0,1.0,1.0,1.0,1.0770357821478447,1.0255166607010877,47.1,34.8,18.1,33.79
Michael,Lampert,WAT,Attack,Attack,003209,3,2026_game_4,-0.6666666666666666,-0.6666666666666666,-6.0,1.0,1.0,0.0,0.0,0.0,0.0,0.0,0.0,0.3333333333333333,0.3333333333333333,0.0,0.0,0.0,0.0,6.666666666666667,6.666666666666667,0.0,0.0,1752283800.0,0.0,WHP,2026-ev-4,301.7916666666667,-0.16644477211230468,112.66666666666667,0.0,0.0,0.0,0.0,1.0,1.0,1.0,1.0,1.0,1.0,1.0255166607010877,21.4,46.2,32.4,22.7
Michael,Sowers,WAT,Attack,Attack,001810,50,2026_game_4,35.673469387755105,39.666666666666664,17.0,6.551020408163265,4.666666666666667,0.7959183673469388,0.0,0.0,0.0,0.0,0.0,1.7346938775510203,1.6666666666666667,0.02040816326530612,0.0,0.0,0.0,31.197224489795918,22.666666666666668,0.324894719792679,0.6666666666666666,1756742400.0,0.34177194687398765,WHP,2026-ev-4,250.1875,-0.16644477211230468,112.66666666666667,0.0,0.0,0.0,0.0,1.0,1.0,1.0,1.2397978642257819,1.1748541897257327,1.1937571510297482,1.0255166607010877,41.5,38.9,19.6,31.69
Zed,Williams,WAT,Attack,Attack,000419,5,2026_game_4,30.270833333333332,5.333333333333333,5.0,8.333333333333334,6.666666666666667,1.75,1.3333333333333333,0.0,0.0,0.0,0.0,0.5625,0.0,0.20833333333333334,0.3333333333333333,0.0,0.0,29.01695833333333,18.666666666666668,0.2761503542753543,0.08888888888888889,1726426800.0,-0.18726146538646538,WHP,2026-ev-4,601.0625,-0.16644477211230468,112.66666666666667,0.0,0.0,0.0,0.0,1.0,1.0,1.0,1.0,1.0,1.0,1.0255166607010877,38.4,45.7,15.9,31.42
Aidan,Carroll,WHP,Attack,Attack,003165,39,2026_game_4,32.63636363636363,45.666666666666664,72.0,5.818181818181818,7.666666666666667,0.8181818181818182,2.0,0.0,0.0,0.0,0.0,0.8181818181818182,0.6666666666666666,0.2727272727272727,0.6666666666666666,0.0,0.0,30.636363636363637,31.333333333333332,0.3941919191919192,0.38425925925925924,1755986400.0,-0.00993265993265996,WAT,2026-ev-4,258.9375,0.16644477211230468,137.0,0.0,0.0,0.0,0.0,1.0,1.0,1.0,1.0,1.0,1.0041782729805013,1.037837024714605,39.9,43.0,17.1,31.67
Fulton,Bayman,WHP,Attack,Attack,003223,5,2026_game_4,0.0,0.0,0.0,0.0,0.0,0.0,0.0,0.0,0.0,0.0,0.0,0.0,0.0,0.0,0.0,0.0,0.0,0.0,0.0,0.0,0.0,0.0,0.0,WAT,2026-ev-4,7.0,0.16644477211230468,137.0,0.0,0.0,0.0,0.0,1.0,1.0,1.0,1.0,1.0,1.0,1.037837024714605,8.2,56.4,35.5,17.85
Matt,Rambo,WHP,Attack,Attack,000354,5,2026_game_4,25.363636363636363,4.333333333333333,4.0,5.5606060606060606,2.3333333333333335,1.1363636363636365,0.6666666666666666,0.0,0.0,0.0,0.0,1.2878787878787878,0.6666666666666666,0.09090909090909091,0.0,0.0,0.0,26.868181818181817,12.333333333333334,0.26199166994621537,0.0,1753497000.0,-0.26199166994621537,WAT,2026-ev-4,287.75,0.16644477211230468,137.0,0.0,0.0,0.0,0.0,1.0,1.0,1.0,1.0,1.2382040633288942,0.6855436081242532,1.037837024714605,39.5,42.9,17.6,31.44
Rob,Pannell,WHP,Attack,Attack,000414,28,2026_game_4,31.333333333333332,32.666666666666664,38.0,6.4035087719298245,5.666666666666667,1.8245614035087718,1.0,0.0,0.0,0.0,0.0,1.7719298245614035,1.3333333333333333,0.2631578947368421,0.3333333333333333,0.0,0.0,37.056456140350875,31.666666666666668,0.23401622743728007,0.3833333333333333,1755986400.0,0.14931710589605324,WAT,2026-ev-4,258.9375,0.16644477211230468,137.0,0.0,0.0,0.0,0.0,1.0,1.0,1.0,1.0,1.053248713823173,1.24645390070922,1.037837024714605,46.6,36.5,16.9,33.87
Ryan,Cohen,WHP,Attack,Attack,003200,5,2026_game_4,0.0,0.0,0.0,0.0,0.0,0.0,0.0,0.0,0.0,0.0,0.0,0.0,0.0,0.0,0.0,0.0,0.0,0.0,0.0,0.0,0.0,0.0,0.0,WAT,2026-ev-4,7.0,0.16644477211230468,137.0,0.0,0.0,0.0,0.0,1.0,1.0,1.0,1.0,1.0,1.0,1.037837024714605,8.2,56.4,35.5,17.85
TJ,Malone,WHP,Attack,Attack,003048,43,2026_game_4,36.375,21.333333333333332,16.0,6.791666666666667,5.333333333333333,1.7916666666666667,2.0,0.0,0.0,0.0,0.0,1.7083333333333333,0.6666666666666666,0.16666666666666666,0.0,0.0,0.0,31.458333333333332,25.0,0.2710858585858586,0.32222222222222224,1755986400.0,0.051136363636363646,WAT,2026-ev-4,258.9375,0.16644477211230468,137.0,0.0,0.0,0.0,0.0,1.0,1.0,1.0,0.8883161512027492,0.7969940453006858,0.9893470790378007,1.037837024714605,44.0,38.7,17.3,32.95
Bobby,O'Grady,OUT,Attack,Attack,003247,4,2026_game_3,0.0,0.0,0.0,0.0,0.0,0.0,0.0,0.0,0.0,0.0,0.0,0.0,0.0,0.0,0.0,0.0,0.0,0.0,0.0,0.0,0.0,0.0,0.0,ARC,2026-ev-3,7.0,0.026267253688719627,108.33333333333333,0.0,0.09090909090909091,0.0,0.0,1.0,1.0,1.0,1.0,1.0,1.0,0.8948132369054351,19.8,44.0,36.1,21.43
Brennan,O'Neill,OUT,Attack,Attack,003075,44,2026_game_3,31.82608695652174,34.666666666666664,25.0,8.782608695652174,11.0,1.5217391304347827,1.6666666666666667,0.0,0.0,0.0,0.0,0.7391304347826086,0.3333333333333333,0.043478260869565216,0.0,0.0,0.0,33.47826086956522,35.333333333333336,0.24651206281641064,0.26754726754726754,1757867400.0,0.021035204730856905,ARC,2026-ev-3,237.27083333333334,0.026267253688719627,108.33333333333333,0.0,0.09090909090909091,0.0,0.0,1.0,1.0,1.0,1.0,1.1232053029267135,1.1734972677595628,0.8948132369054351,39.2,37.6,23.1,30.24
Brian,Cameron,OUT,Attack,Attack,003154,4,2026_game_3,0.0,0.0,0.0,0.0,0.0,0.0,0.0,0.0,0.0,0.0,0.0,0.0,0.0,0.0,0.0,0.0,0.0,0.0,0.0,0.0,0.0,0.0,0.0,ARC,2026-ev-3,7.0,0.026267253688719627,108.33333333333333,0.0,0.09090909090909091,0.0,0.0,1.0,1.0,1.0,1.0,1.0,1.0,0.8948132369054351,19.8,44.0,36.1,21.43
Logan,Wisnauskas,OUT,Attack,Attack,002015,16,2026_game_3,24.515151515151516,13.333333333333334,19.0,5.545454545454546,5.0,1.303030303030303,0.6666666666666666,0.0,0.0,0.0,0.0,0.8484848484848485,0.6666666666666666,0.09090909090909091,0.0,0.0,0.0,29.333333333333332,22.666666666666668,0.2707431457431458,0.16666666666666666,1757867400.0,-0.10407647907647913,ARC,2026-ev-3,237.27083333333334,0.026267253688719627,108.33333333333333,0.0,0.09090909090909091,0.0,0.0,1.0,1.0,1.0,1.0,1.0,0.8541409147095179,0.8948132369054351,37.8,37.1,25.2,29.42
Pat,Kavanagh,OUT,Attack,Attack,003080,17,2026_game_3,30.68421052631579,23.0,38.0,7.315789473684211,7.666666666666667,1.5789473684210527,2.6666666666666665,0.0,0.0,0.0,0.0,1.263157894736842,1.3333333333333333,0.2631578947368421,0.0,0.0,0.0,35.421052631578945,33.666666666666664,0.24380458722563986,0.16666666666666666,1757867400.0,-0.0771379205589732,ARC,2026-ev-3,237.27083333333334,0.026267253688719627,108.33333333333333,0.0,0.09090909090909091,0.0,0.0,1.0,1.0,1.0,1.0,1.0,1.1845135996079392,0.8948132369054351,43.3,38.0,18.7,32.45
Colin,Sharkey,ARC,Attack,Attack,003194,4,2026_game_1,0.0,0.0,0.0,0.0,0.0,0.0,0.0,0.0,0.0,0.0,0.0,0.0,0.0,0.0,0.0,0.0,0.0,0.0,0.0,0.0,0.0,0.0,0.0,OUT,2026-ev-3,7.0,-0.026267253688719627,85.0,0.15789473684210525,0.0,0.0,0.0,1.0,1.0,1.0,1.0,1.0,1.0,0.870408788298794,19.8,44.0,36.1,21.43
Colin,Sharkey,ARC,Attack,Attack,003194,4,2026_game_3,0.0,0.0,0.0,0.0,0.0,0.0,0.0,0.0,0.0,0.0,0.0,0.0,0.0,0.0,0.0,0.0,0.0,0.0,0.0,0.0,0.0,0.0,0.0,OUT,2026-ev-3,7.0,-0.026267253688719627,85.0,0.15789473684210525,0.0,0.0,0.0,1.0,1.0,1.0,1.0,1.0,1.0,0.870408788298794,19.8,44.0,36.1,21.43
Connor,Fields,ARC,Attack,Attack,000262,23,2026_game_1,25.78688524590164,13.666666666666666,21.0,5.885245901639344,3.6666666666666665,1.360655737704918,1.0,0.0,0.0,0.0,0.0,0.7704918032786885,0.3333333333333333,0.19672131147540983,0.3333333333333333,0.0,0.0,28.811737704918034,21.0,0.31830601092896177,0.31666666666666665,1754701200.0,-0.001639344262295117,OUT,2026-ev-3,273.9166666666667,-0.026267253688719627,85.0,0.15789473684210525,0.0,0.0,0.0,1.0,1.0,1.0,0.8841339959506719,0.9376601855724727,1.2371311123381803,0.870408788298794,39.0,37.8,23.2,30.18
Connor,Fields,ARC,Attack,Attack,000262,22,2026_game_3,25.78688524590164,13.666666666666666,21.0,5.885245901639344,3.6666666666666665,1.360655737704918,1.0,0.0,0.0,0.0,0.0,0.7704918032786885,0.3333333333333333,0.19672131147540983,0.3333333333333333,0.0,0.0,28.811737704918034,21.0,0.31830601092896177,0.31666666666666665,1754701200.0,-0.001639344262295117,OUT,2026-ev-3,273.9166666666667,-0.026267253688719627,85.0,0.15789473684210525,0.0,0.0,0.0,1.0,1.0,1.0,1.0,0.971218298313625,1.2371311123381803,0.870408788298794,39.0,37.8,23.2,30.18
Gannon,Matthews,ARC,Attack,Attack,003199,5,2026_game_1,0.0,0.0,0.0,0.0,0.0,0.0,0.0,0.0,0.0,0.0,0.0,0.0,0.0,0.0,0.0,0.0,0.0,0.0,0.0,0.0,0.0,0.0,0.0,OUT,2026-ev-3,7.0,-0.026267253688719627,85.0,0.15789473684210525,0.0,0.0,0.0,1.0,1.0,1.0,1.0,1.0,1.0,0.870408788298794,19.8,44.0,36.1,21.43
Gannon,Matthews,ARC,Attack,Attack,003199,5,2026_game_3,0.0,0.0,0.0,0.0,0.0,0.0,0.0,0.0,0.0,0.0,0.0,0.0,0.0,0.0,0.0,0.0,0.0,0.0,0.0,0.0,0.0,0.0,0.0,OUT,2026-ev-3,7.0,-0.026267253688719627,85.0,0.15789473684210525,0.0,0.0,0.0,1.0,1.0,1.0,1.0,1.0,1.0,0.870408788298794,19.8,44.0,36.1,21.43
Leo,Johnson,ARC,Attack,Attack,003252,7,2026_game_1,0.0,0.0,0.0,0.0,0.0,0.0,0.0,0.0,0.0,0.0,0.0,0.0,0.0,0.0,0.0,0.0,0.0,0.0,0.0,0.0,0.0,0.0,0.0,OUT,2026-ev-3,7.0,-0.026267253688719627,85.0,0.15789473684210525,0.0,0.0,0.0,1.0,1.0,1.0,1.0,1.0,1.0,0.870408788298794,19.8,44.0,36.1,21.43
Leo,Johnson,ARC,Attack,Attack,003252,6,2026_game_3,0.0,0.0,0.0,0.0,0.0,0.0,0.0,0.0,0.0,0.0,0.0,0.0,0.0,0.0,0.0,0.0,0.0,0.0,0.0,0.0,0.0,0.0,0.0,OUT,2026-ev-3,7.0,-0.026267253688719627,85.0,0.15789473684210525,0.0,0.0,0.0,1.0,1.0,1.0,1.0,1.0,1.0,0.870408788298794,19.8,44.0,36.1,21.43
Mac,O'Keefe,ARC,Attack,Attack,001814,19,2026_game_1,24.347826086956523,30.666666666666668,51.0,6.173913043478261,4.333333333333333,1.2173913043478262,0.6666666666666666,0.0,0.0,0.0,0.0,0.41304347826086957,1.0,0.17391304347826086,0.0,0.0,0.0,23.311478260869563,19.0,0.271574440052701,0.41111111111111115,1754701200.0,0.13953667105841017,OUT,2026-ev-3,273.9166666666667,-0.026267253688719627,85.0,0.15789473684210525,0.0,0.0,0.0,1.0,1.0,1.0,1.0683628887175534,0.8975488309987432,1.0205602672834748,0.870408788298794,38.7,42.0,19.3,30.85
Mac,O'Keefe,ARC,Attack,Attack,001814,18,2026_game_3,24.347826086956523,30.666666666666668,51.0,6.173913043478261,4.333333333333333,1.2173913043478262,0.6666666666666666,0.0,0.0,0.0,0.0,0.41304347826086957,1.0,0.17391304347826086,0.0,0.0,0.0,23.311478260869563,19.0,0.271574440052701,0.41111111111111115,1754701200.0,0.13953667105841017,OUT,2026-ev-3,273.9166666666667,-0.026267253688719627,85.0,0.15789473684210525,0.0,0.0,0.0,1.0,1.0,1.0,1.0,1.0,1.0205602672834748,0.870408788298794,38.7,42.0,19.3,30.85
Matt,Moore,ARC,Attack,Attack,002018,16,2026_game_1,17.47826086956522,14.333333333333334,-2.0,5.304347826086956,7.0,1.391304347826087,2.0,0.0,0.0,0.0,0.0,0.7391304347826086,0.0,0.043478260869565216,0.0,0.0,0.0,24.26086956521739,28.333333333333332,0.16345755693581782,0.16666666666666666,1750608000.0,0.0032091097308488414,OUT,2026-ev-3,321.2916666666667,-0.026267253688719627,85.0,0.15789473684210525,0.0,0.0,0.0,1.0,1.0,1.0,1.0,1.0,0.7786979526109961,0.870408788298794,37.8,42.9,19.2,30.55
Matt,Moore,ARC,Attack,Attack,002018,15,2026_game_3,17.47826086956522,14.333333333333334,-2.0,5.304347826086956,7.0,1.391304347826087,2.0,0.0,0.0,0.0,0.0,0.7391304347826086,0.0,0.043478260869565216,0.0,0.0,0.0,24.26086956521739,28.333333333333332,0.16345755693581782,0.16666666666666666,1750608000.0,0.0032091097308488414,OUT,2026-ev-3,321.2916666666667,-0.026267253688719627,85.0,0.15789473684210525,0.0,0.0,0.0,1.0,1.0,1.0,1.0,1.0,0.7786979526109961,0.870408788298794,37.8,42.9,19.2,30.55
Ryan,Stines,ARC,Attack,Attack,003248,8,2026_game_1,0.0,0.0,0.0,0.0,0.0,0.0,0.0,0.0,0.0,0.0,0.0,0.0,0.0,0.0,0.0,0.0,0.0,0.0,0.0,0.0,0.0,0.0,0.0,OUT,2026-ev-3,7.0,-0.026267253688719627,85.0,0.15789473684210525,0.0,0.0,0.0,1.0,1.0,1.0,1.0,1.0,1.0,0.870408788298794,19.8,44.0,36.1,21.43
Ryan,Stines,ARC,Attack,Attack,003248,7,2026_game_3,0.0,0.0,0.0,0.0,0.0,0.0,0.0,0.0,0.0,0.0,0.0,0.0,0.0,0.0,0.0,0.0,0.0,0.0,0.0,0.0,0.0,0.0,0.0,OUT,2026-ev-3,7.0,-0.026267253688719627,85.0,0.15789473684210525,0.0,0.0,0.0,1.0,1.0,1.0,1.0,1.0,1.0,0.870408788298794,19.8,44.0,36.1,21.43
Sam,King,ARC,Attack,Attack,003174,25,2026_game_1,23.4,18.333333333333332,2.0,3.9,5.333333333333333,0.9,1.3333333333333333,0.0,0.0,0.0,0.0,1.0,0.6666666666666666,0.3,0.3333333333333333,0.0,0.0,22.3,28.666666666666668,0.24083333333333332,0.23611111111111108,1754701200.0,-0.004722222222222239,OUT,2026-ev-3,273.9166666666667,-0.026267253688719627,85.0,0.15789473684210525,0.0,0.0,0.0,1.0,1.0,1.0,0.8760683760683761,0.6882115316050241,1.1721611721611722,0.870408788298794,44.8,36.8,18.4,32.99
Sam,King,ARC,Attack,Attack,003174,24,2026_game_3,23.4,18.333333333333332,2.0,3.9,5.333333333333333,0.9,1.3333333333333333,0.0,0.0,0.0,0.0,1.0,0.6666666666666666,0.3,0.3333333333333333,0.0,0.0,22.3,28.666666666666668,0.24083333333333332,0.23611111111111108,1754701200.0,-0.004722222222222239,OUT,2026-ev-3,273.9166666666667,-0.026267253688719627,85.0,0.15789473684210525,0.0,0.0,0.0,1.0,1.0,1.0,1.0,1.0,1.1721611721611722,0.870408788298794,44.8,36.8,18.4,32.99
Aidan,Danenza,RED,Midfield,Midfield,003156,10,2026_game_1,10.125,16.333333333333332,-2.0,4.5,6.0,0.75,1.0,0.0,0.0,0.0,0.0,0.0,0.0,0.0,0.0,0.0,0.0,20.0,24.0,0.23958333333333331,0.20000000000000004,1756753200.0,-0.039583333333333276,ARC,2026-ev-1,249.20833333333334,0.07634727929691432,31.333333333333332,0.0,0.09090909090909091,0.0,0.0,1.0,1.0,1.0,1.0,1.0,0.9979423868312758,1.0131894723189592,38.2,49.4,12.3,19.21
Andrew,McAdorey,RED,Midfield,Midfield,003160,25,2026_game_1,25.400000000000002,28.266666666666666,9.0,4.416666666666667,4.666666666666667,1.5,1.0,0.0,0.0,0.5,0.3333333333333333,0.75,1.0,0.25,0.0,0.2738095238095238,0.16666666666666666,26.333333333333332,26.333333333333332,0.380952380952381,0.4238095238095238,1756753200.0,0.042857142857142816,ARC,2026-ev-1,249.20833333333334,0.07634727929691432,31.333333333333332,0.0,0.09090909090909091,0.0,0.0,1.0,1.0,1.0,1.0,1.0,0.6766029246344207,1.0131894723189592,43.7,43.0,13.3,20.52
Connor,Cmiel,RED,Midfield,Midfield,003204,4,2026_game_1,0.0,0.0,0.0,0.0,0.0,0.0,0.0,0.0,0.0,0.0,0.0,0.0,0.0,0.0,0.0,0.0,0.0,0.0,0.0,0.0,0.0,0.0,0.0,ARC,2026-ev-1,7.0,0.07634727929691432,31.333333333333332,0.0,0.09090909090909091,0.0,0.0,1.0,1.0,1.0,1.0,1.0,1.0,1.0131894723189592,25.7,53.4,20.9,14.81
Josh,Balcarcel,RED,Midfield,Midfield,003211,5,2026_game_1,6.0,3.0,0.0,2.0,1.3333333333333333,0.5,0.6666666666666666,0.0,0.0,0.0,0.0,0.16666666666666666,0.3333333333333333,0.0,0.0,0.0,0.0,15.333333333333334,15.333333333333334,0.2638888888888889,0.0,1756753200.0,-0.2638888888888889,ARC,2026-ev-1,249.20833333333334,0.07634727929691432,31.333333333333332,0.0,0.09090909090909091,0.0,0.0,1.0,1.0,1.0,1.0,1.0,0.8571428571428572,1.0131894723189592,26.0,43.4,30.6,13.58
Marcus,Wertheim,RED,Midfield,Midfield,003253,4,2026_game_1,0.0,0.0,0.0,0.0,0.0,0.0,0.0,0.0,0.0,0.0,0.0,0.0,0.0,0.0,0.0,0.0,0.0,0.0,0.0,0.0,0.0,0.0,0.0,ARC,2026-ev-1,7.0,0.07634727929691432,31.333333333333332,0.0,0.09090909090909091,0.0,0.0,1.0,1.0,1.0,1.0,1.0,1.0,1.0131894723189592,25.7,53.4,20.9,14.81
Romar,Dennis,RED,Midfield,Midfield,000305,13,2026_game_1,12.985074626865671,7.0,0.0,4.164179104477612,3.6666666666666665,0.582089552238806,0.3333333333333333,0.0,0.0,0.0,0.0,0.16417910447761194,0.0,0.208955223880597,0.0,0.0,0.0,17.334358208955223,10.666666666666666,0.16923714759535655,0.1111111111111111,1756753200.0,-0.05812603648424544,ARC,2026-ev-1,249.20833333333334,0.07634727929691432,31.333333333333332,0.0,0.09090909090909091,0.0,0.0,1.0,1.0,1.0,1.0,1.0,0.6975574712643678,1.0131894723189592,28.6,54.2,17.2,16.06
Sam,English,RED,Midfield,Midfield,003161,9,2026_game_1,18.75,19.333333333333332,6.0,3.0,3.0,2.25,3.0,0.0,0.0,0.0,0.0,0.25,0.3333333333333333,1.25,1.0,0.0,0.0,19.75,21.0,0.25,0.3333333333333333,1752361200.0,0.08333333333333331,ARC,2026-ev-1,300.0416666666667,0.07634727929691432,31.333333333333332,0.0,0.09090909090909091,0.0,0.0,1.0,1.0,1.0,1.0,1.0,0.9844444444444445,1.0131894723189592,38.8,47.5,13.7,19.19
Bryce,Ford,ARC,Midfield,Midfield,003188,6,2026_game_1,6.333333333333333,6.333333333333333,8.0,1.3333333333333333,1.3333333333333333,0.6666666666666666,0.6666666666666666,0.0,0.0,0.0,0.0,0.0,0.0,0.0,0.0,0.0,0.0,7.333333333333333,7.333333333333333,0.5,0.5,1754701200.0,0.0,RED,2026-ev-1,272.9583333333333,-0.07634727929691432,46.93333333333334,0.15789473684210525,0.0,0.0,0.0,1.0,1.0,1.0,1.0,1.0,0.0,1.0419023966947123,20.6,62.9,16.5,14.07
Bryce,Ford,ARC,Midfield,Midfield,003188,6,2026_game_3,6.333333333333333,6.333333333333333,8.0,1.3333333333333333,1.3333333333333333,0.6666666666666666,0.6666666666666666,0.0,0.0,0.0,0.0,0.0,0.0,0.0,0.0,0.0,0.0,7.333333333333333,7.333333333333333,0.5,0.5,1754701200.0,0.0,RED,2026-ev-1,272.9583333333333,-0.07634727929691432,46.93333333333334,0.15789473684210525,0.0,0.0,0.0,1.0,1.0,1.0,1.0,1.0,0.0,1.0419023966947123,20.6,62.9,16.5,14.07
CK,Giancola,ARC,Midfield,Midfield,003203,4,2026_game_1,0.0,0.0,0.0,0.0,0.0,0.0,0.0,0.0,0.0,0.0,0.0,0.0,0.0,0.0,0.0,0.0,0.0,0.0,0.0,0.0,0.0,0.0,0.0,RED,2026-ev-1,7.0,-0.07634727929691432,46.93333333333334,0.15789473684210525,0.0,0.0,0.0,1.0,1.0,1.0,1.0,1.0,1.0,1.0419023966947123,20.3,61.0,18.7,13.7
CK,Giancola,ARC,Midfield,Midfield,003203,5,2026_game_3,0.0,0.0,0.0,0.0,0.0,0.0,0.0,0.0,0.0,0.0,0.0,0.0,0.0,0.0,0.0,0.0,0.0,0.0,0.0,0.0,0.0,0.0,0.0,RED,2026-ev-1,7.0,-0.07634727929691432,46.93333333333334,0.15789473684210525,0.0,0.0,0.0,1.0,1.0,1.0,1.0,1.0886946855923676,1.0,1.0419023966947123,20.3,61.0,18.7,13.7
Dyson,Williams,ARC,Midfield,Midfield,003090,12,2026_game_1,10.882352941176471,10.333333333333334,7.0,2.5294117647058822,2.0,0.4117647058823529,0.0,0.0,0.0,0.0,0.0,0.058823529411764705,0.0,0.0,0.0,0.0,0.0,6.529411764705882,5.666666666666667,0.4990196078431372,0.7222222222222222,1754701200.0,0.223202614379085,RED,2026-ev-1,272.9583333333333,-0.07634727929691432,46.93333333333334,0.15789473684210525,0.0,0.0,0.0,1.0,1.0,1.0,1.0,1.0,0.9351351351351351,1.0419023966947123,35.4,45.4,19.2,17.56
Dyson,Williams,ARC,Midfield,Midfield,003090,13,2026_game_3,10.882352941176471,10.333333333333334,7.0,2.5294117647058822,2.0,0.4117647058823529,0.0,0.0,0.0,0.0,0.0,0.058823529411764705,0.0,0.0,0.0,0.0,0.0,6.529411764705882,5.666666666666667,0.4990196078431372,0.7222222222222222,1754701200.0,0.223202614379085,RED,2026-ev-1,272.9583333333333,-0.07634727929691432,46.93333333333334,0.15789473684210525,0.0,0.0,0.0,1.0,1.0,1.0,1.0,1.0,0.9351351351351351,1.0419023966947123,35.4,45.4,19.2,17.56
Grant,Ament,ARC,Midfield,Midfield,000391,14,2026_game_1,19.233333333333334,3.3333333333333335,-2.0,3.8666666666666667,5.0,0.7666666666666667,0.3333333333333333,0.0,0.0,0.0,0.0,1.2666666666666666,0.6666666666666666,0.03333333333333333,0.0,0.0,0.0,28.833333333333332,24.333333333333332,0.27595238095238095,0.041666666666666664,1754701200.0,-0.2342857142857143,RED,2026-ev-1,272.9583333333333,-0.07634727929691432,46.93333333333334,0.15789473684210525,0.0,0.0,0.0,1.0,1.0,1.0,1.0,1.0,1.0176034414445012,1.0419023966947123,46.0,44.0,9.9,21.57
Grant,Ament,ARC,Midfield,Midfield,000391,14,2026_game_3,19.233333333333334,3.3333333333333335,-2.0,3.8666666666666667,5.0,0.7666666666666667,0.3333333333333333,0.0,0.0,0.0,0.0,1.2666666666666666,0.6666666666666666,0.03333333333333333,0.0,0.0,0.0,28.833333333333332,24.333333333333332,0.27595238095238095,0.041666666666666664,1754701200.0,-0.2342857142857143,RED,2026-ev-1,272.9583333333333,-0.07634727929691432,46.93333333333334,0.15789473684210525,0.0,0.0,0.0,1.0,1.0,1.0,1.0,1.0,1.0176034414445012,1.0419023966947123,46.0,44.0,9.9,21.57
Ryan,Ambler,ARC,Midfield,Midfield,000221,6,2026_game_1,12.712328767123287,11.666666666666666,18.0,3.0,3.3333333333333335,0.547945205479452,1.3333333333333333,0.0,0.0,0.0,0.0,0.4383561643835616,0.3333333333333333,0.1095890410958904,0.0,0.0,0.0,16.86272602739726,12.666666666666666,0.2963144161774299,0.24444444444444446,1754701200.0,-0.05186997173298541,RED,2026-ev-1,272.9583333333333,-0.07634727929691432,46.93333333333334,0.15789473684210525,0.0,0.0,0.0,1.0,1.0,1.0,1.0,0.9943240454076367,1.182555780933063,1.0419023966947123,42.9,41.7,15.5,20.03
Ryan,Ambler,ARC,Midfield,Midfield,000221,7,2026_game_3,12.712328767123287,11.666666666666666,18.0,3.0,3.3333333333333335,0.547945205479452,1.3333333333333333,0.0,0.0,0.0,0.0,0.4383561643835616,0.3333333333333333,0.1095890410958904,0.0,0.0,0.0,16.86272602739726,12.666666666666666,0.2963144161774299,0.24444444444444446,1754701200.0,-0.05186997173298541,RED,2026-ev-1,272.9583333333333,-0.07634727929691432,46.93333333333334,0.15789473684210525,0.0,0.0,0.0,1.0,1.0,1.0,1.0,1.0,1.182555780933063,1.0419023966947123,42.9,41.7,15.5,20.03
Ryan,Bell,ARC,Midfield,Midfield,003196,5,2026_game_1,0.0,0.0,0.0,0.0,0.0,0.0,0.0,0.0,0.0,0.0,0.0,0.0,0.0,0.0,0.0,0.0,0.0,0.0,0.0,0.0,0.0,0.0,0.0,RED,2026-ev-1,7.0,-0.07634727929691432,46.93333333333334,0.15789473684210525,0.0,0.0,0.0,1.0,1.0,1.0,1.0,1.0,1.0,1.0419023966947123,20.3,61.0,18.7,13.7
Ryan,Bell,ARC,Midfield,Midfield,003196,5,2026_game_3,0.0,0.0,0.0,0.0,0.0,0.0,0.0,0.0,0.0,0.0,0.0,0.0,0.0,0.0,0.0,0.0,0.0,0.0,0.0,0.0,0.0,0.0,0.0,RED,2026-ev-1,7.0,-0.07634727929691432,46.93333333333334,0.15789473684210525,0.0,0.0,0.0,1.0,1.0,1.0,1.0,1.0,1.0,1.0419023966947123,20.3,61.0,18.7,13.7
Tom,Schreiber,ARC,Midfield,Midfield,000225,16,2026_game_1,28.191176470588236,16.333333333333332,15.0,5.720588235294118,3.6666666666666665,1.1029411764705883,1.6666666666666667,0.0,0.0,0.0,0.0,1.3529411764705883,1.3333333333333333,0.1323529411764706,0.6666666666666666,0.0,0.0,29.987779411764706,27.0,0.27508435192258723,0.0,1753488000.0,-0.27508435192258723,RED,2026-ev-1,287.0,-0.07634727929691432,46.93333333333334,0.15789473684210525,0.0,0.0,0.0,1.0,1.0,1.0,1.0,1.0,0.8449783669336279,1.0419023966947123,47.6,41.5,10.9,21.86
Tom,Schreiber,ARC,Midfield,Midfield,000225,17,2026_game_3,28.191176470588236,16.333333333333332,15.0,5.720588235294118,3.6666666666666665,1.1029411764705883,1.6666666666666667,0.0,0.0,0.0,0.0,1.3529411764705883,1.3333333333333333,0.1323529411764706,0.6666666666666666,0.0,0.0,29.987779411764706,27.0,0.27508435192258723,0.0,1753488000.0,-0.27508435192258723,RED,2026-ev-1,287.0,-0.07634727929691432,46.93333333333334,0.15789473684210525,0.0,0.0,0.0,1.0,1.0,1.0,1.0,1.0,0.8449783669336279,1.0419023966947123,47.6,41.5,10.9,21.86
Tre,Leclaire,ARC,Midfield,Midfield,001821,8,2026_game_1,17.55,2.6666666666666665,1.0,3.675,5.0,1.075,0.6666666666666666,0.0,0.0,0.0,0.0,0.25,0.3333333333333333,0.05,0.0,0.0,0.0,18.45,21.333333333333332,0.3625,0.12222222222222223,1754701200.0,-0.24027777777777776,RED,2026-ev-1,272.9583333333333,-0.07634727929691432,46.93333333333334,0.15789473684210525,0.0,0.0,0.0,1.0,1.0,1.0,1.0,1.0,1.080925460636516,1.0419023966947123,31.3,56.9,11.8,17.49
Tre,Leclaire,ARC,Midfield,Midfield,001821,8,2026_game_3,17.55,2.6666666666666665,1.0,3.675,5.0,1.075,0.6666666666666666,0.0,0.0,0.0,0.0,0.25,0.3333333333333333,0.05,0.0,0.0,0.0,18.45,21.333333333333332,0.3625,0.12222222222222223,1754701200.0,-0.24027777777777776,RED,2026-ev-1,272.9583333333333,-0.07634727929691432,46.93333333333334,0.15789473684210525,0.0,0.0,0.0,1.0,1.0,1.0,1.0,1.0,1.080925460636516,1.0419023966947123,31.3,56.9,11.8,17.49
Aidan,McLane,ATL,Midfield,Midfield,003238,5,2026_game_2,0.0,0.0,0.0,0.0,0.0,0.0,0.0,0.0,0.0,0.0,0.0,0.0,0.0,0.0,0.0,0.0,0.0,0.0,0.0,0.0,0.0,0.0,0.0,CHA,2026-ev-2,7.0,0.17264646876949502,54.833333333333336,0.0,0.0,0.0,0.0,1.0,1.0,1.0,1.0,1.0,1.0,1.0002884105282823,32.8,44.8,22.4,16.45
Bryan,Costabile,ATL,Midfield,Midfield,000395,20,2026_game_2,22.033333333333335,14.666666666666666,14.0,6.166666666666667,6.666666666666667,1.5833333333333333,0.6666666666666666,0.0,0.0,0.0,0.0,0.6,0.3333333333333333,0.3,0.0,0.0,0.0,27.11165,30.0,0.235230463980464,0.19047619047619047,1757867400.0,-0.04475427350427352,CHA,2026-ev-2,236.41666666666666,0.17264646876949502,54.833333333333336,0.0,0.0,0.0,0.0,1.0,1.0,1.0,1.0,1.0,1.0173978819969742,1.0002884105282823,44.0,43.5,12.5,20.71
Hugh,Kelleher,ATL,Midfield,Midfield,003186,8,2026_game_2,8.0,10.333333333333334,10.0,3.625,4.0,0.75,0.3333333333333333,0.0,0.0,0.0,0.0,0.125,0.3333333333333333,0.0,0.0,0.0,0.0,12.375,13.0,0.20625,0.19444444444444442,1757867400.0,-0.011805555555555569,CHA,2026-ev-2,236.41666666666666,0.17264646876949502,54.833333333333336,0.0,0.0,0.0,0.0,1.0,1.0,1.0,1.0,1.0,0.0,1.0002884105282823,27.8,48.2,24.0,14.94
Jake,Stevens,ATL,Midfield,Midfield,003084,5,2026_game_2,7.684210526315789,-5.0,-5.0,3.3684210526315788,1.6666666666666667,0.8947368421052632,0.6666666666666666,0.0,0.0,0.0,0.0,0.10526315789473684,0.0,0.05263157894736842,0.0,0.0,0.0,12.421052631578947,15.0,0.3083959899749373,0.1111111111111111,1757867400.0,-0.19728487886382617,CHA,2026-ev-2,236.41666666666666,0.17264646876949502,54.833333333333336,0.0,0.0,0.0,0.0,1.0,1.0,1.0,1.0,1.0,0.8116438356164384,1.0002884105282823,22.3,54.1,23.7,13.55
Kyle,Jackson,ATL,Midfield,Midfield,000978,4,2026_game_2,10.8,4.666666666666667,-3.0,3.2444444444444445,3.3333333333333335,0.7555555555555555,0.0,0.0,0.0,0.0,0.0,0.28888888888888886,0.3333333333333333,0.08888888888888889,0.0,0.0,0.0,19.356133333333336,17.666666666666668,0.2507936507936508,0.08333333333333333,1749920400.0,-0.16746031746031748,CHA,2026-ev-2,328.3958333333333,0.17264646876949502,54.833333333333336,0.0,0.0,0.0,0.0,1.0,1.0,1.0,1.0,1.0,0.7870370370370371,1.0002884105282823,38.5,41.9,19.6,18.32
Levi,Anderson,ATL,Midfield,Midfield,003094,10,2026_game_2,13.947368421052632,2.6666666666666665,4.0,3.8421052631578947,3.3333333333333335,0.47368421052631576,0.0,0.0,0.0,0.0,0.0,0.2631578947368421,0.0,0.15789473684210525,0.0,0.0,0.0,14.947368421052632,11.333333333333334,0.2629072681704261,0.2222222222222222,1755986400.0,-0.04068504594820388,CHA,2026-ev-2,258.1875,0.17264646876949502,54.833333333333336,0.0,0.0,0.0,0.0,1.0,1.0,1.0,1.0,1.0,1.5336927223719679,1.0002884105282823,35.0,44.5,20.4,17.29
Matt,Traynor,ATL,Midfield,Midfield,003164,25,2026_game_2,23.833333333333332,32.666666666666664,33.0,5.666666666666667,7.0,1.5,1.3333333333333333,0.0,0.0,0.0,0.0,0.75,0.6666666666666666,0.16666666666666666,0.0,0.0,0.0,18.666666666666668,16.666666666666668,0.25555555555555554,0.3333333333333333,1757867400.0,0.07777777777777778,CHA,2026-ev-2,236.41666666666666,0.17264646876949502,54.833333333333336,0.0,0.0,0.0,0.0,1.0,1.0,1.0,1.0,1.0,0.9172494172494173,1.0002884105282823,35.2,46.1,18.6,17.58
Reid,Bowering,ATL,Midfield,Midfield,002006,24,2026_game_2,18.46153846153846,30.333333333333332,22.0,2.6153846153846154,3.0,2.076923076923077,2.0,0.0,0.0,0.0,0.0,0.46153846153846156,0.6666666666666666,0.07692307692307693,0.0,0.0,0.0,12.23076923076923,17.0,0.423076923076923,0.6944444444444445,1757867400.0,0.2713675213675215,CHA,2026-ev-2,236.41666666666666,0.17264646876949502,54.833333333333336,0.0,0.0,0.0,0.0,1.0,1.0,1.0,1.0,0.9916759666352386,0.8152777777777778,1.0002884105282823,42.1,38.1,19.8,19.23
Calder,Gallagher,CHA,Midfield,Midfield,003234,5,2026_game_2,0.0,0.0,0.0,0.0,0.0,0.0,0.0,0.0,0.0,0.0,0.0,0.0,0.0,0.0,0.0,0.0,0.0,0.0,0.0,0.0,0.0,0.0,0.0,ATL,2026-ev-2,7.0,-0.17264646876949502,64.5,0.05555555555555555,0.0,0.0,0.0,1.0,1.0,1.0,1.0,1.0,1.0,1.0116733250620886,19.4,57.2,23.3,12.83
Charlie,Bertrand,CHA,Midfield,Midfield,001832,10,2026_game_2,14.3125,13.666666666666666,1.0,4.166666666666667,3.3333333333333335,0.5833333333333334,1.3333333333333333,0.0,0.0,0.0,0.0,0.2708333333333333,0.3333333333333333,0.0625,0.0,0.0,0.0,18.954083333333333,13.0,0.28601190476190474,0.2888888888888889,1756753200.0,0.0028769841269841723,ATL,2026-ev-2,249.3125,-0.17264646876949502,64.5,0.05555555555555555,0.0,0.0,0.0,1.0,1.0,1.0,1.0,1.0,0.9122270742358078,1.0116733250620886,40.4,39.7,20.0,18.77
Chris,Aslanian,CHA,Midfield,Midfield,001729,7,2026_game_2,15.851851851851851,7.0,0.0,4.185185185185185,3.3333333333333335,0.3333333333333333,0.0,0.0,0.0,0.0,0.0,0.48148148148148145,0.3333333333333333,0.07407407407407407,0.0,0.0,0.0,20.88888888888889,22.333333333333332,0.21622574955908289,0.09523809523809523,1748642400.0,-0.12098765432098765,ATL,2026-ev-2,343.1875,-0.17264646876949502,64.5,0.05555555555555555,0.0,0.0,0.0,1.0,1.0,1.0,1.0,1.0,0.991545893719807,1.0116733250620886,45.0,42.7,12.3,20.99
Cole,Williams,CHA,Midfield,Midfield,001843,10,2026_game_2,8.25,0.6666666666666666,10.0,2.5,2.6666666666666665,0.375,0.0,0.0,0.0,0.0,0.0,0.25,0.0,0.0,0.0,0.0,0.0,13.75,12.333333333333334,0.32291666666666663,0.27777777777777773,1755995400.0,-0.045138888888888895,ATL,2026-ev-2,258.0833333333333,-0.17264646876949502,64.5,0.05555555555555555,0.0,0.0,0.0,1.0,1.0,1.0,1.0,1.0,0.0,1.0116733250620886,35.7,44.8,19.5,17.6
Cross,Ferrara,CHA,Midfield,Midfield,003022,6,2026_game_2,9.235294117647058,3.6666666666666665,0.0,3.5294117647058822,3.0,0.23529411764705882,0.0,0.0,0.0,0.0,0.0,0.23529411764705882,0.0,0.0,0.0,0.0,0.0,12.764705882352942,10.333333333333334,0.23970588235294119,0.2222222222222222,1753569000.0,-0.017483660130718975,ATL,2026-ev-2,286.1666666666667,-0.17264646876949502,64.5,0.05555555555555555,0.0,0.0,0.0,1.0,1.0,1.0,1.0,1.0,1.288527397260274,1.0116733250620886,35.3,40.7,24.0,16.89
JJ,Sillstrop,CHA,Midfield,Midfield,003149,7,2026_game_2,7.6,-0.3333333333333333,0.0,2.2,1.3333333333333333,0.3,0.6666666666666666,0.0,0.0,0.0,0.0,0.3,0.0,0.2,0.0,0.0,0.0,14.1,9.333333333333334,0.13666666666666666,0.0,1754701200.0,-0.13666666666666666,ATL,2026-ev-2,273.0625,-0.17264646876949502,64.5,0.05555555555555555,0.0,0.0,0.0,1.0,1.0,1.0,1.0,1.0,1.8640350877192984,1.0116733250620886,34.7,45.2,20.1,17.26
Ross,Scott,CHA,Midfield,Midfield,003093,17,2026_game_2,16.636363636363637,3.6666666666666665,0.0,3.6363636363636362,3.3333333333333335,0.7272727272727273,1.0,0.0,0.0,0.0,0.0,0.7272727272727273,0.3333333333333333,0.0,0.0,0.0,0.0,24.0,25.0,0.26212121212121214,0.06666666666666667,1755995400.0,-0.1954545454545455,ATL,2026-ev-2,258.0833333333333,-0.17264646876949502,64.5,0.05555555555555555,0.0,0.0,0.0,1.0,1.0,1.0,1.0,1.0,0.9006396588486141,1.0116733250620886,44.6,42.3,13.1,20.78
Shane,Knobloch,CHA,Midfield,Midfield,003078,29,2026_game_2,14.941176470588236,35.333333333333336,32.0,5.0,7.333333333333333,0.8823529411764706,0.6666666666666666,0.0,0.0,0.0,0.0,0.4117647058823529,0.3333333333333333,0.0,0.0,0.0,0.0,21.058823529411764,25.333333333333332,0.24215686274509807,0.36944444444444446,1755995400.0,0.1272875816993464,ATL,2026-ev-2,258.0833333333333,-0.17264646876949502,64.5,0.05555555555555555,0.0,0.0,0.0,1.0,1.0,1.0,1.0,1.0,0.7329396325459318,1.0116733250620886,18.8,63.4,17.7,13.43
Casey,Wilson,WAT,Midfield,Midfield,003232,4,2026_game_4,0.0,0.0,0.0,0.0,0.0,0.0,0.0,0.0,0.0,0.0,0.0,0.0,0.0,0.0,0.0,0.0,0.0,0.0,0.0,0.0,0.0,0.0,0.0,WHP,2026-ev-4,7.0,-0.16644477211230468,34.699999999999996,0.0,0.0,0.0,0.0,1.0,1.0,1.0,1.0,1.0,1.0,0.8739658124378505,20.0,56.0,24.0,12.9
Connor,Kelly,WAT,Midfield,Midfield,000339,14,2026_game_4,20.529411764705884,17.333333333333332,12.0,5.970588235294118,4.666666666666667,0.8529411764705882,1.0,0.0,0.0,0.0,0.0,0.5441176470588235,0.3333333333333333,0.10294117647058823,0.0,0.0,0.0,23.793088235294114,25.666666666666668,0.20177147199206022,0.16666666666666666,1756742400.0,-0.03510480532539356,WHP,2026-ev-4,250.1875,-0.16644477211230468,34.699999999999996,0.0,0.0,0.0,0.0,1.0,1.0,1.0,1.0,1.0,0.5509073543457497,0.8739658124378505,41.0,45.5,13.5,19.79
Jack,Hannah,WAT,Midfield,Midfield,002028,11,2026_game_4,16.166666666666668,8.333333333333334,0.0,5.833333333333333,3.6666666666666665,1.0952380952380953,0.3333333333333333,0.0,0.0,0.0,0.0,0.4523809523809524,0.3333333333333333,0.09523809523809523,0.0,0.0,0.0,19.214285714285715,21.0,0.20255102040816325,0.13333333333333333,1756742400.0,-0.06921768707482992,WHP,2026-ev-4,250.1875,-0.16644477211230468,34.699999999999996,0.0,0.0,0.0,0.0,1.0,1.0,1.0,1.0,1.0,1.1656848306332843,0.8739658124378505,41.4,43.5,15.1,19.68
Myles,Jones,WAT,Midfield,Midfield,000278,6,2026_game_4,18.85483870967742,14.0,-2.0,4.290322580645161,1.6666666666666667,1.0161290322580645,0.6666666666666666,0.0,0.0,0.0,0.0,0.8870967741935484,1.3333333333333333,0.16129032258064516,0.0,0.0,0.0,20.869209677419356,19.666666666666668,0.2368343573988735,0.08333333333333333,1749920400.0,-0.15350102406554017,WHP,2026-ev-4,329.1458333333333,-0.16644477211230468,34.699999999999996,0.0,0.0,0.0,0.0,1.0,1.0,1.0,1.0,1.0,0.9996673320026613,0.8739658124378505,43.8,39.1,17.1,20.03
Nakeie,Montgomery,WAT,Midfield,Midfield,002033,4,2026_game_4,8.568965517241379,11.0,4.0,2.4827586206896552,3.0,1.0689655172413792,0.6666666666666666,0.0,0.0,0.0,0.0,0.3103448275862069,0.6666666666666666,0.1724137931034483,0.0,0.0,0.0,11.620689655172415,11.666666666666666,0.13505747126436782,0.27777777777777773,1723852800.0,0.14272030651340992,WHP,2026-ev-4,630.8541666666666,-0.16644477211230468,34.699999999999996,0.0,0.0,0.0,0.0,1.0,1.0,1.0,1.0,1.0,0.7976430008623168,0.8739658124378505,31.7,37.7,30.6,15.06
Thomas,McConvey,WAT,Midfield,Midfield,003027,14,2026_game_4,12.526315789473685,7.333333333333333,0.0,2.473684210526316,2.0,0.7894736842105263,1.6666666666666667,0.0,0.0,0.0,0.0,0.21052631578947367,0.0,0.15789473684210525,0.3333333333333333,0.0,0.0,14.0,14.666666666666666,0.3078947368421052,0.16666666666666666,1756742400.0,-0.14122807017543856,WHP,2026-ev-4,250.1875,-0.16644477211230468,34.699999999999996,0.0,0.0,0.0,0.0,1.0,1.0,1.0,1.0,1.0,1.042857142857143,0.8739658124378505,34.5,47.4,18.2,17.47
Zach,Currier,WAT,Midfield,Midfield,000409,11,2026_game_4,26.120967741935484,13.700000000000001,15.0,3.096774193548387,2.6666666666666665,4.82258064516129,5.666666666666667,0.0,0.0,1.2903225806451613,0.6666666666666666,0.7258064516129032,0.3333333333333333,0.7258064516129032,0.3333333333333333,0.22240952352955176,0.6666666666666666,23.437354838709677,17.0,0.3059523809523809,0.08333333333333333,1756742400.0,-0.2226190476190476,WHP,2026-ev-4,250.1875,-0.16644477211230468,34.699999999999996,0.0,0.0,0.0,0.0,1.0,1.0,1.0,1.0,1.0,0.7733359969489495,0.8739658124378505,20.9,68.1,11.0,14.89
Adam,Poitras,WHP,Midfield,Midfield,003100,13,2026_game_4,16.19047619047619,15.0,11.0,3.619047619047619,3.3333333333333335,3.0952380952380953,3.6666666666666665,0.0,0.0,0.0,0.0,0.47619047619047616,0.6666666666666666,0.14285714285714285,0.0,0.0,0.0,20.761904761904763,20.333333333333332,0.2206349206349206,0.1111111111111111,1755986400.0,-0.1095238095238095,WAT,2026-ev-4,258.9375,0.16644477211230468,62.833333333333336,0.0,0.0,0.0,0.0,1.0,1.0,1.0,1.0,1.0,0.7683006535947713,0.9452110441638678,31.2,58.1,10.7,17.61
Brad,Smith,WHP,Midfield,Midfield,000390,15,2026_game_4,20.025,12.333333333333334,30.0,4.875,3.3333333333333335,1.1,0.6666666666666666,0.0,0.0,0.0,0.0,0.75,0.3333333333333333,0.075,0.3333333333333333,0.0,0.0,24.07515,21.666666666666668,0.2807837301587302,0.25,1755986400.0,-0.030783730158730205,WAT,2026-ev-4,258.9375,0.16644477211230468,62.833333333333336,0.0,0.0,0.0,0.0,1.0,1.0,1.0,1.0,1.0,1.128421052631579,0.9452110441638678,52.3,36.2,11.4,23.01
Colin,Heacock,WHP,Midfield,Midfield,001009,12,2026_game_4,6.975,5.0,8.0,2.9,3.0,0.6,0.3333333333333333,0.0,0.0,0.0,0.0,0.1,0.0,0.025,0.0,0.0,0.0,14.275,14.333333333333334,0.2270833333333333,0.2333333333333333,1755986400.0,0.0062500000000000056,WAT,2026-ev-4,258.9375,0.16644477211230468,62.833333333333336,0.0,0.0,0.0,0.0,1.0,1.0,1.0,1.0,1.0,0.9597000937207121,0.9452110441638678,40.0,40.4,19.7,18.7
Garrett,Degnon,WHP,Midfield,Midfield,003091,17,2026_game_4,15.375,17.333333333333332,8.0,4.125,4.0,1.0,1.0,0.0,0.0,0.0,0.0,0.375,0.6666666666666666,0.0,0.0,0.0,0.0,18.0,16.0,0.18333333333333332,0.19999999999999998,1750617000.0,0.016666666666666663,WAT,2026-ev-4,321.0833333333333,0.16644477211230468,62.833333333333336,0.0,0.0,0.0,0.0,1.0,1.0,1.0,1.0,1.0,0.0,0.9452110441638678,36.8,45.8,17.4,18.17
James,Shipley,WHP,Midfield,Midfield,003152,5,2026_game_4,0.0,0.0,0.0,0.0,0.0,0.0,0.0,0.0,0.0,0.0,0.0,0.0,0.0,0.0,0.0,0.0,0.0,0.0,0.0,0.0,0.0,0.0,0.0,WAT,2026-ev-4,7.0,0.16644477211230468,62.833333333333336,0.0,0.0,0.0,0.0,1.0,1.0,1.0,1.0,1.0,1.0,0.9452110441638678,34.5,43.8,21.7,16.99
Lance,Madonna,WHP,Midfield,Midfield,003224,5,2026_game_4,0.0,0.0,0.0,0.0,0.0,0.0,0.0,0.0,0.0,0.0,0.0,0.0,0.0,0.0,0.0,0.0,0.0,0.0,0.0,0.0,0.0,0.0,0.0,WAT,2026-ev-4,7.0,0.16644477211230468,62.833333333333336,0.0,0.0,0.0,0.0,1.0,1.0,1.0,1.0,1.0,1.0,0.9452110441638678,34.5,43.8,21.7,16.99
Matt,Brandau,WHP,Midfield,Midfield,003081,27,2026_game_4,24.90909090909091,13.0,-4.0,5.818181818181818,4.666666666666667,1.6363636363636365,2.0,0.0,0.0,0.0,0.0,0.2727272727272727,0.3333333333333333,0.18181818181818182,0.0,0.0,0.0,24.363636363636363,26.0,0.28888888888888886,0.16666666666666666,1755986400.0,-0.1222222222222222,WAT,2026-ev-4,258.9375,0.16644477211230468,62.833333333333336,0.0,0.0,0.0,0.0,1.0,1.0,1.0,1.0,1.0,0.9066265060240963,0.9452110441638678,43.5,42.0,14.5,20.31
Ryan,Conrad,WHP,Midfield,Midfield,000363,5,2026_game_4,14.34375,19.0,29.0,3.1875,5.666666666666667,0.9375,1.0,0.0,0.0,0.0,0.0,0.4166666666666667,0.6666666666666666,0.20833333333333334,0.0,0.0,0.0,18.458041666666663,25.333333333333332,0.2722718253968254,0.2976190476190476,1726426800.0,0.025347222222222243,WAT,2026-ev-4,601.0625,0.16644477211230468,62.833333333333336,0.0,0.0,0.0,0.0,1.0,1.0,1.0,1.0,1.0,0.6150326797385621,0.9452110441638678,27.4,59.6,13.1,16.31
Dalton,Young,OUT,Midfield,Midfield,003106,18,2026_game_3,16.772727272727273,16.666666666666668,20.0,2.909090909090909,3.6666666666666665,0.7272727272727273,0.0,0.0,0.0,0.0,0.0,0.5454545454545454,0.3333333333333333,0.09090909090909091,0.0,0.0,0.0,14.909090909090908,19.333333333333332,0.3643939393939393,0.4444444444444444,1757867400.0,0.0800505050505051,ARC,2026-ev-3,237.27083333333334,0.026267253688719627,31.333333333333332,0.0,0.09090909090909091,0.0,0.0,1.0,1.0,1.0,1.0,1.0,0.8536585365853658,1.0131894723189592,43.9,40.7,15.4,20.29
Graham,Bundy,OUT,Midfield,Midfield,003085,10,2026_game_3,14.956521739130435,11.666666666666666,8.0,5.217391304347826,6.0,0.5217391304347826,0.3333333333333333,0.0,0.0,0.0,0.0,0.17391304347826086,0.0,0.08695652173913043,0.3333333333333333,0.0,0.0,22.782608695652176,27.0,0.16880607315389926,0.17500000000000002,1757867400.0,0.006193926846100761,ARC,2026-ev-3,237.27083333333334,0.026267253688719627,31.333333333333332,0.0,0.09090909090909091,0.0,0.0,1.0,1.0,1.0,1.0,1.0,1.0978682170542635,1.0131894723189592,36.5,45.4,18.2,18.0
Jack,VanOverbeke,OUT,Midfield,Midfield,003120,5,2026_game_3,5.8,-0.6666666666666666,-9.0,2.9,1.6666666666666667,0.5,0.0,0.0,0.0,0.0,0.0,0.4,0.3333333333333333,0.0,0.0,0.0,0.0,12.8,8.333333333333334,0.1,0.0,1752370200.0,-0.1,ARC,2026-ev-3,300.8958333333333,0.026267253688719627,31.333333333333332,0.0,0.09090909090909091,0.0,0.0,1.0,1.0,1.0,1.0,1.0,0.7471264367816093,1.0131894723189592,33.2,38.0,28.8,15.7
Jared,Bernhardt,OUT,Midfield,Midfield,001827,18,2026_game_3,20.818181818181817,24.333333333333332,22.0,5.7272727272727275,6.333333333333333,1.0,1.6666666666666667,0.0,0.0,0.0,0.0,0.45454545454545453,1.0,0.0,0.0,0.0,0.0,25.636363636363637,27.666666666666668,0.32041847041847044,0.26851851851851855,1757867400.0,-0.05189995189995189,ARC,2026-ev-3,237.27083333333334,0.026267253688719627,31.333333333333332,0.0,0.09090909090909091,0.0,0.0,1.0,1.0,1.0,0.7132459970887919,0.7132459970887919,0.9613225202744854,1.0131894723189592,42.3,44.0,13.6,20.1
Jonathan,Donville,OUT,Midfield,Midfield,002030,5,2026_game_3,15.925925925925926,3.3333333333333335,8.0,2.962962962962963,1.3333333333333333,0.7777777777777778,0.6666666666666666,0.0,0.0,0.0,0.0,0.5555555555555556,0.3333333333333333,0.1111111111111111,0.0,0.0,0.0,17.185185185185187,9.333333333333334,0.2883597883597883,0.16666666666666666,1757867400.0,-0.12169312169312166,ARC,2026-ev-3,237.27083333333334,0.026267253688719627,31.333333333333332,0.0,0.09090909090909091,0.0,0.0,1.0,1.0,1.0,1.0,1.0,0.7509043927648579,1.0131894723189592,37.5,37.6,25.0,17.34
Justin,Anderson,OUT,Midfield,Midfield,001828,10,2026_game_3,15.660377358490566,8.333333333333334,8.0,3.4150943396226414,2.6666666666666665,1.320754716981132,1.0,0.0,0.0,0.0,0.0,0.32075471698113206,0.0,0.3018867924528302,0.0,0.0,0.0,18.632471698113207,14.333333333333334,0.28373764600179696,0.49999999999999994,1757867400.0,0.21626235399820298,ARC,2026-ev-3,237.27083333333334,0.026267253688719627,31.333333333333332,0.0,0.09090909090909091,0.0,0.0,1.0,1.0,1.0,1.0,1.0,1.1385542168674698,1.0131894723189592,35.4,41.3,23.3,17.01
Mikie,Schlosser,OUT,Midfield,Midfield,001391,4,2026_game_3,9.0,4.666666666666667,0.0,2.8846153846153846,2.0,0.6538461538461539,0.0,0.0,0.0,0.0,0.0,0.038461538461538464,0.0,0.0,0.0,0.0,0.0,14.699230769230768,6.333333333333333,0.2519230769230769,0.16666666666666666,1756742400.0,-0.08525641025641026,ARC,2026-ev-3,250.29166666666666,0.026267253688719627,31.333333333333332,0.0,0.09090909090909091,0.0,0.0,1.0,1.0,1.0,1.0,1.0,0.6349206349206349,1.0131894723189592,24.8,52.1,23.0,14.28
Nolan,Byrne,OUT,Midfield,Midfield,003256,4,2026_game_3,0.0,0.0,0.0,0.0,0.0,0.0,0.0,0.0,0.0,0.0,0.0,0.0,0.0,0.0,0.0,0.0,0.0,0.0,0.0,0.0,0.0,0.0,0.0,ARC,2026-ev-3,7.0,0.026267253688719627,31.333333333333332,0.0,0.09090909090909091,0.0,0.0,1.0,1.0,1.0,1.0,1.0,1.0,1.0131894723189592,25.0,53.9,21.2,14.59
Bryce,Ford,ARC,Midfield,Midfield,003188,6,2026_game_1,6.333333333333333,6.333333333333333,8.0,1.3333333333333333,1.3333333333333333,0.6666666666666666,0.6666666666666666,0.0,0.0,0.0,0.0,0.0,0.0,0.0,0.0,0.0,0.0,7.333333333333333,7.333333333333333,0.5,0.5,1754701200.0,0.0,OUT,2026-ev-3,273.9166666666667,-0.026267253688719627,43.0,0.15789473684210525,0.0,0.0,0.0,1.0,1.0,1.0,1.0,1.0,0.0,1.023717015134946,26.2,56.9,17.0,15.47
Bryce,Ford,ARC,Midfield,Midfield,003188,6,2026_game_3,6.333333333333333,6.333333333333333,8.0,1.3333333333333333,1.3333333333333333,0.6666666666666666,0.6666666666666666,0.0,0.0,0.0,0.0,0.0,0.0,0.0,0.0,0.0,0.0,7.333333333333333,7.333333333333333,0.5,0.5,1754701200.0,0.0,OUT,2026-ev-3,273.9166666666667,-0.026267253688719627,43.0,0.15789473684210525,0.0,0.0,0.0,1.0,1.0,1.0,1.0,1.0,0.0,1.023717015134946,26.2,56.9,17.0,15.47
CK,Giancola,ARC,Midfield,Midfield,003203,4,2026_game_1,0.0,0.0,0.0,0.0,0.0,0.0,0.0,0.0,0.0,0.0,0.0,0.0,0.0,0.0,0.0,0.0,0.0,0.0,0.0,0.0,0.0,0.0,0.0,OUT,2026-ev-3,7.0,-0.026267253688719627,43.0,0.15789473684210525,0.0,0.0,0.0,1.0,1.0,1.0,1.0,1.0,1.0,1.023717015134946,20.0,58.1,21.8,13.19
CK,Giancola,ARC,Midfield,Midfield,003203,5,2026_game_3,0.0,0.0,0.0,0.0,0.0,0.0,0.0,0.0,0.0,0.0,0.0,0.0,0.0,0.0,0.0,0.0,0.0,0.0,0.0,0.0,0.0,0.0,0.0,OUT,2026-ev-3,7.0,-0.026267253688719627,43.0,0.15789473684210525,0.0,0.0,0.0,1.0,1.0,1.0,1.0,1.0886946855923676,1.0,1.023717015134946,20.0,58.1,21.8,13.19
Dyson,Williams,ARC,Midfield,Midfield,003090,12,2026_game_1,10.882352941176471,10.333333333333334,7.0,2.5294117647058822,2.0,0.4117647058823529,0.0,0.0,0.0,0.0,0.0,0.058823529411764705,0.0,0.0,0.0,0.0,0.0,6.529411764705882,5.666666666666667,0.4990196078431372,0.7222222222222222,1754701200.0,0.223202614379085,OUT,2026-ev-3,273.9166666666667,-0.026267253688719627,43.0,0.15789473684210525,0.0,0.0,0.0,1.0,1.0,1.0,1.0,1.0,0.9925675675675676,1.023717015134946,39.4,39.7,20.9,18.38
Dyson,Williams,ARC,Midfield,Midfield,003090,13,2026_game_3,10.882352941176471,10.333333333333334,7.0,2.5294117647058822,2.0,0.4117647058823529,0.0,0.0,0.0,0.0,0.0,0.058823529411764705,0.0,0.0,0.0,0.0,0.0,6.529411764705882,5.666666666666667,0.4990196078431372,0.7222222222222222,1754701200.0,0.223202614379085,OUT,2026-ev-3,273.9166666666667,-0.026267253688719627,43.0,0.15789473684210525,0.0,0.0,0.0,1.0,1.0,1.0,1.0,1.0,0.9925675675675676,1.023717015134946,39.4,39.7,20.9,18.38
Grant,Ament,ARC,Midfield,Midfield,000391,14,2026_game_1,19.233333333333334,3.3333333333333335,-2.0,3.8666666666666667,5.0,0.7666666666666667,0.3333333333333333,0.0,0.0,0.0,0.0,1.2666666666666666,0.6666666666666666,0.03333333333333333,0.0,0.0,0.0,28.833333333333332,24.333333333333332,0.27595238095238095,0.041666666666666664,1754701200.0,-0.2342857142857143,OUT,2026-ev-3,273.9166666666667,-0.026267253688719627,43.0,0.15789473684210525,0.0,0.0,0.0,1.0,1.0,1.0,1.0,1.0,0.8297461368653422,1.023717015134946,42.9,44.3,12.7,20.38
Grant,Ament,ARC,Midfield,Midfield,000391,14,2026_game_3,19.233333333333334,3.3333333333333335,-2.0,3.8666666666666667,5.0,0.7666666666666667,0.3333333333333333,0.0,0.0,0.0,0.0,1.2666666666666666,0.6666666666666666,0.03333333333333333,0.0,0.0,0.0,28.833333333333332,24.333333333333332,0.27595238095238095,0.041666666666666664,1754701200.0,-0.2342857142857143,OUT,2026-ev-3,273.9166666666667,-0.026267253688719627,43.0,0.15789473684210525,0.0,0.0,0.0,1.0,1.0,1.0,1.0,1.0,0.8297461368653422,1.023717015134946,42.9,44.3,12.7,20.38
Ryan,Ambler,ARC,Midfield,Midfield,000221,6,2026_game_1,12.712328767123287,11.666666666666666,18.0,3.0,3.3333333333333335,0.547945205479452,1.3333333333333333,0.0,0.0,0.0,0.0,0.4383561643835616,0.3333333333333333,0.1095890410958904,0.0,0.0,0.0,16.86272602739726,12.666666666666666,0.2963144161774299,0.24444444444444446,1754701200.0,-0.05186997173298541,OUT,2026-ev-3,273.9166666666667,-0.026267253688719627,43.0,0.15789473684210525,0.0,0.0,0.0,1.0,1.0,1.0,1.0,0.9943240454076367,1.0100574712643677,1.023717015134946,47.2,36.4,16.5,21.01
Ryan,Ambler,ARC,Midfield,Midfield,000221,7,2026_game_3,12.712328767123287,11.666666666666666,18.0,3.0,3.3333333333333335,0.547945205479452,1.3333333333333333,0.0,0.0,0.0,0.0,0.4383561643835616,0.3333333333333333,0.1095890410958904,0.0,0.0,0.0,16.86272602739726,12.666666666666666,0.2963144161774299,0.24444444444444446,1754701200.0,-0.05186997173298541,OUT,2026-ev-3,273.9166666666667,-0.026267253688719627,43.0,0.15789473684210525,0.0,0.0,0.0,1.0,1.0,1.0,1.0,1.0,1.0100574712643677,1.023717015134946,47.2,36.4,16.5,21.01
Ryan,Bell,ARC,Midfield,Midfield,003196,5,2026_game_1,0.0,0.0,0.0,0.0,0.0,0.0,0.0,0.0,0.0,0.0,0.0,0.0,0.0,0.0,0.0,0.0,0.0,0.0,0.0,0.0,0.0,0.0,0.0,OUT,2026-ev-3,7.0,-0.026267253688719627,43.0,0.15789473684210525,0.0,0.0,0.0,1.0,1.0,1.0,1.0,1.0,1.0,1.023717015134946,20.0,58.1,21.8,13.19
Ryan,Bell,ARC,Midfield,Midfield,003196,5,2026_game_3,0.0,0.0,0.0,0.0,0.0,0.0,0.0,0.0,0.0,0.0,0.0,0.0,0.0,0.0,0.0,0.0,0.0,0.0,0.0,0.0,0.0,0.0,0.0,OUT,2026-ev-3,7.0,-0.026267253688719627,43.0,0.15789473684210525,0.0,0.0,0.0,1.0,1.0,1.0,1.0,1.0,1.0,1.023717015134946,20.0,58.1,21.8,13.19
Tom,Schreiber,ARC,Midfield,Midfield,000225,16,2026_game_1,28.191176470588236,16.333333333333332,15.0,5.720588235294118,3.6666666666666665,1.1029411764705883,1.6666666666666667,0.0,0.0,0.0,0.0,1.3529411764705883,1.3333333333333333,0.1323529411764706,0.6666666666666666,0.0,0.0,29.987779411764706,27.0,0.27508435192258723,0.0,1753488000.0,-0.27508435192258723,OUT,2026-ev-3,287.9583333333333,-0.026267253688719627,43.0,0.15789473684210525,0.0,0.0,0.0,1.0,1.0,1.0,1.0,1.0,0.9575229152693941,1.023717015134946,50.4,39.0,10.6,22.63
Tom,Schreiber,ARC,Midfield,Midfield,000225,17,2026_game_3,28.191176470588236,16.333333333333332,15.0,5.720588235294118,3.6666666666666665,1.1029411764705883,1.6666666666666667,0.0,0.0,0.0,0.0,1.3529411764705883,1.3333333333333333,0.1323529411764706,0.6666666666666666,0.0,0.0,29.987779411764706,27.0,0.27508435192258723,0.0,1753488000.0,-0.27508435192258723,OUT,2026-ev-3,287.9583333333333,-0.026267253688719627,43.0,0.15789473684210525,0.0,0.0,0.0,1.0,1.0,1.0,1.0,1.0,0.9575229152693941,1.023717015134946,50.4,39.0,10.6,22.63
Tre,Leclaire,ARC,Midfield,Midfield,001821,8,2026_game_1,17.55,2.6666666666666665,1.0,3.675,5.0,1.075,0.6666666666666666,0.0,0.0,0.0,0.0,0.25,0.3333333333333333,0.05,0.0,0.0,0.0,18.45,21.333333333333332,0.3625,0.12222222222222223,1754701200.0,-0.24027777777777776,OUT,2026-ev-3,273.9166666666667,-0.026267253688719627,43.0,0.15789473684210525,0.0,0.0,0.0,1.0,1.0,1.0,1.0,1.0,1.333542713567839,1.023717015134946,38.8,48.6,12.6,19.34
Tre,Leclaire,ARC,Midfield,Midfield,001821,8,2026_game_3,17.55,2.6666666666666665,1.0,3.675,5.0,1.075,0.6666666666666666,0.0,0.0,0.0,0.0,0.25,0.3333333333333333,0.05,0.0,0.0,0.0,18.45,21.333333333333332,0.3625,0.12222222222222223,1754701200.0,-0.24027777777777776,OUT,2026-ev-3,273.9166666666667,-0.026267253688719627,43.0,0.15789473684210525,0.0,0.0,0.0,1.0,1.0,1.0,1.0,1.0,1.333542713567839,1.023717015134946,38.8,48.6,12.6,19.34
Arden,Cohen,RED,Defense,SSDM,002017,17,2026_game_1,9.804878048780488,1.3333333333333333,0.0,0.04878048780487805,0.0,1.951219512195122,1.3333333333333333,0.0,0.0,0.0,0.0,0.024390243902439025,0.0,0.8048780487804879,0.0,0.0,0.0,4.634146341463414,2.6666666666666665,0.024390243902439025,0.0,1753488000.0,-0.024390243902439025,ARC,2026-ev-1,287.0,0.07634727929691432,71.60000000000001,0.0,0.09090909090909091,0.0,0.0,1.0,1.0,1.0,1.0,1.0,0.9337925755836205,0.9102993788152757,36.1,48.0,15.9,13.83
BJ,Farrare,RED,Defense,SSDM,003059,7,2026_game_1,8.392857142857142,7.666666666666667,9.0,0.21428571428571427,0.3333333333333333,1.2142857142857142,2.0,0.0,0.0,0.0,0.0,0.14285714285714285,0.3333333333333333,0.6428571428571429,0.3333333333333333,0.0,0.0,4.0,5.0,0.0,0.0,1756753200.0,0.0,ARC,2026-ev-1,249.20833333333334,0.07634727929691432,71.60000000000001,0.0,0.09090909090909091,0.0,0.0,1.0,1.0,1.0,1.0,1.0,0.9377659574468086,0.9102993788152757,36.3,47.0,16.7,13.8
Brian,Tevlin,RED,Defense,SSDM,003024,16,2026_game_1,13.803225806451614,27.166666666666668,13.0,1.2580645161290323,1.0,2.3548387096774195,2.6666666666666665,0.0,0.0,0.0967741935483871,0.0,0.0967741935483871,0.0,1.0,2.0,0.07936507936507936,0.0,11.451612903225806,11.333333333333334,0.11935483870967742,0.3333333333333333,1756753200.0,0.2139784946236559,ARC,2026-ev-1,249.20833333333334,0.07634727929691432,71.60000000000001,0.0,0.09090909090909091,0.0,0.0,1.0,1.0,1.0,1.0,1.0,0.871444050224139,0.9102993788152757,36.6,48.2,15.2,13.99
Carter,Rice,RED,Defense,SSDM,003185,4,2026_game_1,4.75,10.333333333333334,12.0,0.0,0.0,1.3333333333333333,1.3333333333333333,0.0,0.0,0.0,0.0,0.0,0.0,0.4166666666666667,1.0,0.0,0.0,6.75,6.333333333333333,0.0,0.0,1756753200.0,0.0,ARC,2026-ev-1,249.20833333333334,0.07634727929691432,71.60000000000001,0.0,0.09090909090909091,0.0,0.0,1.0,1.0,1.0,1.0,1.0,1.0,0.9102993788152757,39.9,42.3,17.8,14.46
Chris,Conlin,RED,Defense,Defensemen,003109,8,2026_game_1,9.857142857142858,11.333333333333334,11.0,0.0,0.0,2.2857142857142856,1.3333333333333333,0.0,0.0,0.0,0.0,0.0,0.0,0.7619047619047619,1.0,0.0,0.0,7.809523809523809,6.0,0.0,0.0,1756753200.0,0.0,ARC,2026-ev-1,249.20833333333334,0.07634727929691432,71.60000000000001,0.0,0.09090909090909091,0.0,0.0,1.0,1.0,1.0,0.8840579710144928,0.8436601485589664,1.0177133655394526,0.8741401192544219,36.6,45.5,17.9,13.76
Chris,Fake,RED,Defense,Defensemen,003029,5,2026_game_1,5.043478260869565,9.333333333333334,17.0,0.391304347826087,0.3333333333333333,1.434782608695652,2.3333333333333335,0.0,0.0,0.0,0.0,0.0,0.0,0.30434782608695654,0.3333333333333333,0.0,0.0,6.913043478260869,7.666666666666667,0.08695652173913043,0.3333333333333333,1756753200.0,0.24637681159420288,ARC,2026-ev-1,249.20833333333334,0.07634727929691432,71.60000000000001,0.0,0.09090909090909091,0.0,0.0,1.0,1.0,1.0,0.8333333333333334,1.274675500277906,0.6657088122605365,0.8741401192544219,34.9,44.6,20.4,13.17
Chris,Merle,RED,Defense,SSDM,002054,8,2026_game_1,11.880952380952381,7.833333333333333,0.0,0.5238095238095238,0.3333333333333333,1.7142857142857142,1.3333333333333333,0.0,0.0,0.0,0.0,0.047619047619047616,0.0,0.8571428571428571,0.3333333333333333,0.0,0.0,6.666666666666667,4.333333333333333,0.19047619047619047,0.3333333333333333,1749861000.0,0.14285714285714285,ARC,2026-ev-1,328.9791666666667,0.07634727929691432,71.60000000000001,0.0,0.09090909090909091,0.0,0.0,1.0,1.0,1.0,1.0,1.0,1.1634379870852816,0.9102993788152757,38.9,44.4,16.7,14.34
Cole,Kastner,RED,Defense,Defensemen,003105,9,2026_game_1,9.25,4.333333333333333,1.0,0.0,0.0,0.875,1.0,0.0,0.0,0.0,0.0,0.0,0.0,0.875,0.3333333333333333,0.0,0.0,4.375,4.666666666666667,0.0,0.0,1756753200.0,0.0,ARC,2026-ev-1,249.20833333333334,0.07634727929691432,71.60000000000001,0.0,0.09090909090909091,0.0,0.0,1.0,1.0,1.0,1.0135135135135136,0.8790304554072669,1.0135135135135136,0.8741401192544219,35.1,46.5,18.4,13.4
Jared,Conners,RED,Defense,SSDM,001813,10,2026_game_1,9.311111111111112,7.666666666666667,10.0,0.7037037037037037,0.0,2.2777777777777777,2.0,0.0,0.0,0.018518518518518517,0.0,0.14814814814814814,0.0,0.5925925925925926,0.6666666666666666,0.05102040816326531,0.0,6.601851851851852,6.0,0.07407407407407407,0.0,1756753200.0,-0.07407407407407407,ARC,2026-ev-1,249.20833333333334,0.07634727929691432,71.60000000000001,0.0,0.09090909090909091,0.0,0.0,1.0,1.0,1.0,1.0,1.0,0.6748872977989924,0.9102993788152757,35.9,45.3,18.8,13.53
Matt,Wright,RED,Defense,SSDM,003229,4,2026_game_1,0.0,0.0,0.0,0.0,0.0,0.0,0.0,0.0,0.0,0.0,0.0,0.0,0.0,0.0,0.0,0.0,0.0,0.0,0.0,0.0,0.0,0.0,0.0,ARC,2026-ev-1,7.0,0.07634727929691432,71.60000000000001,0.0,0.09090909090909091,0.0,0.0,1.0,1.0,1.0,1.0,1.0,1.0,0.9102993788152757,27.3,55.6,17.1,11.87
Nicholas,Caccamo,RED,Defense,SSDM,003245,4,2026_game_1,0.0,0.0,0.0,0.0,0.0,0.0,0.0,0.0,0.0,0.0,0.0,0.0,0.0,0.0,0.0,0.0,0.0,0.0,0.0,0.0,0.0,0.0,0.0,ARC,2026-ev-1,7.0,0.07634727929691432,71.60000000000001,0.0,0.09090909090909091,0.0,0.0,1.0,1.0,1.0,1.0,1.0,1.0,0.9102993788152757,27.3,55.6,17.1,11.87
Beau,Pederson,ARC,Defense,SSDM,003087,9,2026_game_1,7.545454545454546,8.299999999999999,3.4,0.5909090909090909,1.6666666666666667,1.2727272727272727,2.0,0.0,0.0,0.22727272727272727,1.0,0.09090909090909091,0.3333333333333333,0.4090909090909091,0.0,0.07575757575757575,0.1111111111111111,7.181818181818182,7.666666666666667,0.22727272727272727,0.3333333333333333,1754701200.0,0.10606060606060605,RED,2026-ev-1,272.9583333333333,-0.07634727929691432,76.66666666666667,0.15789473684210525,0.0,0.0,0.0,1.0,1.0,1.0,1.0,1.0,1.2329317269076303,1.0394407537754102,33.7,46.8,19.6,13.0
Beau,Pederson,ARC,Defense,SSDM,003087,9,2026_game_3,7.545454545454546,8.299999999999999,3.4,0.5909090909090909,1.6666666666666667,1.2727272727272727,2.0,0.0,0.0,0.22727272727272727,1.0,0.09090909090909091,0.3333333333333333,0.4090909090909091,0.0,0.07575757575757575,0.1111111111111111,7.181818181818182,7.666666666666667,0.22727272727272727,0.3333333333333333,1754701200.0,0.10606060606060605,RED,2026-ev-1,272.9583333333333,-0.07634727929691432,76.66666666666667,0.15789473684210525,0.0,0.0,0.0,1.0,1.0,1.0,1.0,1.0,1.2329317269076303,1.0394407537754102,33.7,46.8,19.6,13.0
Brendan,Lavelle,ARC,Defense,Defensemen,003163,9,2026_game_1,9.5,20.333333333333332,2.0,0.0,0.0,3.4,3.6666666666666665,0.0,0.0,0.0,0.0,0.1,0.3333333333333333,0.6,1.3333333333333333,0.0,0.0,8.3,9.0,0.0,0.0,1754701200.0,0.0,RED,2026-ev-1,272.9583333333333,-0.07634727929691432,76.66666666666667,0.15789473684210525,0.0,0.0,0.0,1.0,1.0,1.0,1.0,0.8835491407808475,1.0751879699248121,0.8949825068154115,31.4,54.2,14.4,12.97
Brendan,Lavelle,ARC,Defense,Defensemen,003163,9,2026_game_3,9.5,20.333333333333332,2.0,0.0,0.0,3.4,3.6666666666666665,0.0,0.0,0.0,0.0,0.1,0.3333333333333333,0.6,1.3333333333333333,0.0,0.0,8.3,9.0,0.0,0.0,1754701200.0,0.0,RED,2026-ev-1,272.9583333333333,-0.07634727929691432,76.66666666666667,0.15789473684210525,0.0,0.0,0.0,1.0,1.0,1.0,1.0,1.3210083305367302,1.0751879699248121,0.8949825068154115,31.4,54.2,14.4,12.97
Cam,Wyers,ARC,Defense,Defensemen,003007,7,2026_game_1,8.01923076923077,8.333333333333334,31.0,0.4230769230769231,0.0,1.2692307692307692,0.3333333333333333,0.0,0.0,0.0,0.0,0.07692307692307693,0.3333333333333333,0.5769230769230769,0.6666666666666666,0.0,0.0,3.1153846153846154,2.3333333333333335,0.09615384615384616,0.0,1754701200.0,-0.09615384615384616,RED,2026-ev-1,272.9583333333333,-0.07634727929691432,76.66666666666667,0.15789473684210525,0.0,0.0,0.0,1.0,1.0,1.0,1.0,1.0,0.7992805755395683,0.8949825068154115,34.6,43.9,21.5,13.02
Cam,Wyers,ARC,Defense,Defensemen,003007,7,2026_game_3,8.01923076923077,8.333333333333334,31.0,0.4230769230769231,0.0,1.2692307692307692,0.3333333333333333,0.0,0.0,0.0,0.0,0.07692307692307693,0.3333333333333333,0.5769230769230769,0.6666666666666666,0.0,0.0,3.1153846153846154,2.3333333333333335,0.09615384615384616,0.0,1754701200.0,-0.09615384615384616,RED,2026-ev-1,272.9583333333333,-0.07634727929691432,76.66666666666667,0.15789473684210525,0.0,0.0,0.0,1.0,1.0,1.0,1.0,1.0,0.7992805755395683,0.8949825068154115,34.6,43.9,21.5,13.02
Connor,Maher,ARC,Defense,SSDM,003005,6,2026_game_1,6.597058823529412,13.5,27.5,0.4411764705882353,0.3333333333333333,1.2941176470588236,2.0,0.0,0.0,0.029411764705882353,0.0,0.08823529411764706,0.3333333333333333,0.35294117647058826,0.6666666666666666,0.10526315789473684,0.0,6.176470588235294,7.0,0.1323529411764706,0.3333333333333333,1754701200.0,0.20098039215686272,RED,2026-ev-1,272.9583333333333,-0.07634727929691432,76.66666666666667,0.15789473684210525,0.0,0.0,0.0,1.0,1.0,1.0,1.0,1.0,0.5096664369959064,1.0394407537754102,33.7,46.7,19.7,13.0
Connor,Maher,ARC,Defense,SSDM,003005,6,2026_game_3,6.597058823529412,13.5,27.5,0.4411764705882353,0.3333333333333333,1.2941176470588236,2.0,0.0,0.0,0.029411764705882353,0.0,0.08823529411764706,0.3333333333333333,0.35294117647058826,0.6666666666666666,0.10526315789473684,0.0,6.176470588235294,7.0,0.1323529411764706,0.3333333333333333,1754701200.0,0.20098039215686272,RED,2026-ev-1,272.9583333333333,-0.07634727929691432,76.66666666666667,0.15789473684210525,0.0,0.0,0.0,1.0,1.0,1.0,1.0,1.0,0.5096664369959064,1.0394407537754102,33.7,46.7,19.7,13.0
Ethan,Till,ARC,Defense,Defensemen,003237,3,2026_game_1,0.0,0.0,0.0,0.0,0.0,0.0,0.0,0.0,0.0,0.0,0.0,0.0,0.0,0.0,0.0,0.0,0.0,0.0,0.0,0.0,0.0,0.0,0.0,RED,2026-ev-1,7.0,-0.07634727929691432,76.66666666666667,0.15789473684210525,0.0,0.0,0.0,1.0,1.0,1.0,1.0,1.0,1.0,0.8949825068154115,22.7,57.6,19.7,10.67
Ethan,Till,ARC,Defense,Defensemen,003237,3,2026_game_3,0.0,0.0,0.0,0.0,0.0,0.0,0.0,0.0,0.0,0.0,0.0,0.0,0.0,0.0,0.0,0.0,0.0,0.0,0.0,0.0,0.0,0.0,0.0,RED,2026-ev-1,7.0,-0.07634727929691432,76.66666666666667,0.15789473684210525,0.0,0.0,0.0,1.0,1.0,1.0,1.0,1.0,1.0,0.8949825068154115,22.7,57.6,19.7,10.67
Mason,Woodward,ARC,Defense,SSDM,003082,16,2026_game_1,17.136363636363637,17.666666666666668,11.0,1.0909090909090908,1.3333333333333333,2.227272727272727,2.0,0.0,0.0,0.0,0.0,0.09090909090909091,0.6666666666666666,0.8181818181818182,0.3333333333333333,0.0,0.0,8.636363636363637,9.0,0.25,0.3333333333333333,1754701200.0,0.08333333333333331,RED,2026-ev-1,272.9583333333333,-0.07634727929691432,76.66666666666667,0.15789473684210525,0.0,0.0,0.0,1.0,1.0,1.0,1.0,1.0,1.1909814323607426,1.0394407537754102,37.8,44.5,17.8,14.02
Mason,Woodward,ARC,Defense,SSDM,003082,15,2026_game_3,17.136363636363637,17.666666666666668,11.0,1.0909090909090908,1.3333333333333333,2.227272727272727,2.0,0.0,0.0,0.0,0.0,0.09090909090909091,0.6666666666666666,0.8181818181818182,0.3333333333333333,0.0,0.0,8.636363636363637,9.0,0.25,0.3333333333333333,1754701200.0,0.08333333333333331,RED,2026-ev-1,272.9583333333333,-0.07634727929691432,76.66666666666667,0.15789473684210525,0.0,0.0,0.0,1.0,1.0,1.0,1.057029177718833,1.057029177718833,1.1909814323607426,1.0394407537754102,37.8,44.5,17.8,14.02
Mitchell,Dunham,ARC,Defense,Defensemen,003177,3,2026_game_1,0.0,0.0,0.0,0.0,0.0,0.0,0.0,0.0,0.0,0.0,0.0,0.0,0.0,0.0,0.0,0.0,0.0,0.0,0.0,0.0,0.0,0.0,0.0,RED,2026-ev-1,7.0,-0.07634727929691432,76.66666666666667,0.15789473684210525,0.0,0.0,0.0,1.0,1.0,1.0,1.0,1.0,1.0,0.8949825068154115,22.7,57.6,19.7,10.67
Mitchell,Dunham,ARC,Defense,Defensemen,003177,3,2026_game_3,0.0,0.0,0.0,0.0,0.0,0.0,0.0,0.0,0.0,0.0,0.0,0.0,0.0,0.0,0.0,0.0,0.0,0.0,0.0,0.0,0.0,0.0,0.0,RED,2026-ev-1,7.0,-0.07634727929691432,76.66666666666667,0.15789473684210525,0.0,0.0,0.0,1.0,1.0,1.0,1.0,1.0268448227385425,1.0,0.8949825068154115,22.7,57.6,19.7,10.67
Piper,Bond,ARC,Defense,SSDM,003006,8,2026_game_1,6.0470588235294125,6.933333333333334,17.8,0.6470588235294118,0.6666666666666666,1.7352941176470589,2.0,0.0,0.0,0.058823529411764705,0.3333333333333333,0.11764705882352941,0.0,0.4411764705882353,0.6666666666666666,0.058479532163742694,0.037037037037037035,11.205882352941176,12.333333333333334,0.08333333333333333,0.3333333333333333,1754701200.0,0.25,RED,2026-ev-1,272.9583333333333,-0.07634727929691432,76.66666666666667,0.15789473684210525,0.0,0.0,0.0,1.0,1.0,1.0,1.0,1.0,0.6169083834453484,1.0394407537754102,32.2,44.3,23.4,12.34
Piper,Bond,ARC,Defense,SSDM,003006,8,2026_game_3,6.0470588235294125,6.933333333333334,17.8,0.6470588235294118,0.6666666666666666,1.7352941176470589,2.0,0.0,0.0,0.058823529411764705,0.3333333333333333,0.11764705882352941,0.0,0.4411764705882353,0.6666666666666666,0.058479532163742694,0.037037037037037035,11.205882352941176,12.333333333333334,0.08333333333333333,0.3333333333333333,1754701200.0,0.25,RED,2026-ev-1,272.9583333333333,-0.07634727929691432,76.66666666666667,0.15789473684210525,0.0,0.0,0.0,1.0,1.0,1.0,1.0,1.0,0.6169083834453484,1.0394407537754102,32.2,44.3,23.4,12.34
Tommy,Stull,ARC,Defense,SSDM,003215,4,2026_game_1,0.0,0.0,0.0,0.0,0.0,0.0,0.0,0.0,0.0,0.0,0.0,0.0,0.0,0.0,0.0,0.0,0.0,0.0,0.0,0.0,0.0,0.0,0.0,RED,2026-ev-1,7.0,-0.07634727929691432,76.66666666666667,0.15789473684210525,0.0,0.0,0.0,1.0,1.0,1.0,1.0,1.0,1.0,1.0394407537754102,22.7,57.6,19.7,10.67
Tommy,Stull,ARC,Defense,SSDM,003215,3,2026_game_3,0.0,0.0,0.0,0.0,0.0,0.0,0.0,0.0,0.0,0.0,0.0,0.0,0.0,0.0,0.0,0.0,0.0,0.0,0.0,0.0,0.0,0.0,0.0,RED,2026-ev-1,7.0,-0.07634727929691432,76.66666666666667,0.15789473684210525,0.0,0.0,0.0,1.0,1.0,1.0,1.0,1.0,1.0,1.0394407537754102,22.7,57.6,19.7,10.67
Warren,Jeffrey,ARC,Defense,Defensemen,001661,8,2026_game_1,8.232558139534884,10.0,11.0,0.0,0.0,1.2790697674418605,1.0,0.0,0.0,0.0,0.0,0.046511627906976744,0.0,0.7209302325581395,1.0,0.0,0.0,4.660465116279069,4.0,0.0,0.0,1754701200.0,0.0,RED,2026-ev-1,272.9583333333333,-0.07634727929691432,76.66666666666667,0.15789473684210525,0.0,0.0,0.0,1.0,1.0,1.0,1.0,1.0,1.185969868173258,0.8949825068154115,36.2,45.0,18.9,13.59
Warren,Jeffrey,ARC,Defense,Defensemen,001661,8,2026_game_3,8.232558139534884,10.0,11.0,0.0,0.0,1.2790697674418605,1.0,0.0,0.0,0.0,0.0,0.046511627906976744,0.0,0.7209302325581395,1.0,0.0,0.0,4.660465116279069,4.0,0.0,0.0,1754701200.0,0.0,RED,2026-ev-1,272.9583333333333,-0.07634727929691432,76.66666666666667,0.15789473684210525,0.0,0.0,0.0,1.0,1.0,1.0,1.0,1.0,1.185969868173258,0.8949825068154115,36.2,45.0,18.9,13.59
Alex,Keener,ATL,Defense,SSDM,003258,4,2026_game_2,0.0,0.0,0.0,0.0,0.0,0.0,0.0,0.0,0.0,0.0,0.0,0.0,0.0,0.0,0.0,0.0,0.0,0.0,0.0,0.0,0.0,0.0,0.0,CHA,2026-ev-2,7.0,0.17264646876949502,97.39999999999999,0.0,0.0,0.0,0.0,1.0,1.0,1.0,1.0,1.0,1.0,1.024434576304188,33.8,46.8,19.4,13.04
Brett,Makar,ATL,Defense,Defensemen,003009,15,2026_game_2,11.757575757575758,15.333333333333334,23.0,0.48484848484848486,1.3333333333333333,2.9393939393939394,3.0,0.0,0.0,0.0,0.0,0.09090909090909091,0.3333333333333333,0.7878787878787878,1.0,0.0,0.0,8.272727272727273,7.0,0.06060606060606061,0.0,1757867400.0,-0.06060606060606061,CHA,2026-ev-2,236.41666666666666,0.17264646876949502,97.39999999999999,0.0,0.0,0.0,0.0,1.0,1.0,1.0,1.0,1.2665721612792038,1.0183634020618557,1.0471636317075776,38.4,45.4,16.2,14.28
Chet,Comizio,ATL,Defense,SSDM,003039,3,2026_game_2,5.983333333333333,0.0,2.0,0.5333333333333333,0.3333333333333333,1.3666666666666667,1.0,0.0,0.0,0.0,0.0,0.06666666666666667,0.0,0.36666666666666664,0.0,0.0,0.0,7.466666666666667,4.333333333333333,0.13333333333333333,0.0,1757867400.0,-0.13333333333333333,CHA,2026-ev-2,236.41666666666666,0.17264646876949502,97.39999999999999,0.0,0.0,0.0,0.0,1.0,1.0,1.0,1.0,1.0,0.9383704735376045,1.024434576304188,35.5,45.5,18.9,13.43
Cooper,Frankenheimer,ATL,Defense,SSDM,003242,2,2026_game_2,0.0,0.0,0.0,0.0,0.0,0.0,0.0,0.0,0.0,0.0,0.0,0.0,0.0,0.0,0.0,0.0,0.0,0.0,0.0,0.0,0.0,0.0,0.0,CHA,2026-ev-2,7.0,0.17264646876949502,97.39999999999999,0.0,0.0,0.0,0.0,1.0,1.0,1.0,1.0,1.0,1.0,1.024434576304188,33.8,46.8,19.4,13.04
Danny,Logan,ATL,Defense,SSDM,001819,5,2026_game_2,10.303703703703704,8.766666666666667,21.5,0.7222222222222222,0.6666666666666666,1.6481481481481481,2.0,0.0,0.0,0.24074074074074073,0.3333333333333333,0.2037037037037037,0.3333333333333333,0.4074074074074074,0.0,0.18209876543209874,0.6666666666666666,7.683333333333333,7.0,0.24074074074074073,0.3333333333333333,1757867400.0,0.09259259259259259,CHA,2026-ev-2,236.41666666666666,0.17264646876949502,97.39999999999999,0.0,0.0,0.0,0.0,1.0,1.0,1.0,1.0,1.0,1.074799032742958,1.024434576304188,34.2,47.3,18.6,13.2
Eli,Gobrecht,ATL,Defense,Defensemen,000410,5,2026_game_2,10.577586206896552,3.3333333333333335,10.0,0.1724137931034483,0.0,1.9137931034482758,0.0,0.0,0.0,0.43103448275862066,0.0,0.034482758620689655,0.0,0.8793103448275862,0.3333333333333333,0.10494087942386633,0.0,5.1482758620689655,1.6666666666666667,0.05172413793103448,0.0,1754758800.0,-0.05172413793103448,CHA,2026-ev-2,272.3958333333333,0.17264646876949502,97.39999999999999,0.0,0.0,0.0,0.0,1.0,1.0,1.0,1.0,1.0,1.6047133930997015,1.0471636317075776,36.7,43.8,19.5,13.64
Jon,Robbins,ATL,Defense,SSDM,002042,3,2026_game_2,9.344827586206897,6.333333333333333,0.0,0.2413793103448276,0.0,1.2413793103448276,0.6666666666666666,0.0,0.0,0.0,0.0,0.034482758620689655,0.3333333333333333,0.7586206896551724,0.3333333333333333,0.0,0.0,2.9655172413793105,1.6666666666666667,0.06896551724137931,0.0,1753578000.0,-0.06896551724137931,CHA,2026-ev-2,286.0625,0.17264646876949502,97.39999999999999,0.0,0.0,0.0,0.0,1.0,1.0,1.0,1.0,1.0,1.2230795035223079,1.024434576304188,36.5,46.2,17.3,13.79
Liam,Kammar,ATL,Defense,SSDM,003259,2,2026_game_2,0.0,0.0,0.0,0.0,0.0,0.0,0.0,0.0,0.0,0.0,0.0,0.0,0.0,0.0,0.0,0.0,0.0,0.0,0.0,0.0,0.0,0.0,0.0,CHA,2026-ev-2,7.0,0.17264646876949502,97.39999999999999,0.0,0.0,0.0,0.0,1.0,1.0,1.0,1.0,1.0,1.0,1.024434576304188,33.8,46.8,19.4,13.04
Max,Krevsky,ATL,Defense,SSDM,003172,3,2026_game_2,3.7,3.1666666666666665,2.0,0.8,1.0,0.9,1.0,0.0,0.0,0.0,0.0,0.2,0.0,0.2,0.0,0.0,0.0,7.6,6.666666666666667,0.1,0.3333333333333333,1757867400.0,0.2333333333333333,CHA,2026-ev-2,236.41666666666666,0.17264646876949502,97.39999999999999,0.0,0.0,0.0,0.0,1.0,1.0,1.0,1.0,1.0,1.0,1.024434576304188,33.6,46.7,19.7,12.97
Michael,Grace,ATL,Defense,SSDM,003178,7,2026_game_2,18.9,22.333333333333332,12.0,0.7,0.6666666666666666,2.2,2.3333333333333335,0.0,0.0,0.0,0.0,0.4,0.3333333333333333,0.7,1.0,0.0,0.0,6.9,7.333333333333333,0.35,0.3333333333333333,1757867400.0,-0.016666666666666663,CHA,2026-ev-2,236.41666666666666,0.17264646876949502,97.39999999999999,0.0,0.0,0.0,0.0,1.0,1.0,1.0,1.0,1.0,0.0,1.024434576304188,37.1,48.1,14.8,14.13
Michael,Rexrode,ATL,Defense,Defensemen,001397,15,2026_game_2,13.133928571428571,15.666666666666666,13.0,0.14285714285714285,0.3333333333333333,1.6785714285714286,1.6666666666666667,0.0,0.0,0.0,0.0,0.017857142857142856,0.3333333333333333,1.0892857142857142,1.0,0.0,0.0,5.444642857142857,7.333333333333333,0.05357142857142857,0.0,1757867400.0,-0.05357142857142857,CHA,2026-ev-2,236.41666666666666,0.17264646876949502,97.39999999999999,0.0,0.0,0.0,0.0,1.0,1.0,1.0,1.0,1.170978681315487,0.8075520672393548,1.0471636317075776,35.9,46.0,18.1,13.59
Nikko,DiPonio,ATL,Defense,Defensemen,003251,4,2026_game_2,0.0,0.0,0.0,0.0,0.0,0.0,0.0,0.0,0.0,0.0,0.0,0.0,0.0,0.0,0.0,0.0,0.0,0.0,0.0,0.0,0.0,0.0,0.0,CHA,2026-ev-2,7.0,0.17264646876949502,97.39999999999999,0.0,0.0,0.0,0.0,1.0,1.0,1.0,1.0,1.0,1.0,1.0471636317075776,34.0,47.3,18.7,13.14
Tyler,Carpenter,ATL,Defense,SSDM,003099,10,2026_game_2,12.0,0.3333333333333333,2.0,0.5652173913043478,0.0,3.3043478260869565,2.3333333333333335,0.0,0.0,0.0,0.0,0.08695652173913043,0.0,0.6086956521739131,0.0,0.0,0.0,8.08695652173913,6.333333333333333,0.15217391304347827,0.0,1757867400.0,-0.15217391304347827,CHA,2026-ev-2,236.41666666666666,0.17264646876949502,97.39999999999999,0.0,0.0,0.0,0.0,1.0,1.0,1.0,1.0,1.0,1.3333333333333333,1.024434576304188,43.2,43.3,13.5,15.53
Christian,Scarpello,CHA,Defense,SSDM,001795,6,2026_game_2,5.418918918918919,6.0,7.0,0.32432432432432434,0.6666666666666666,1.2162162162162162,0.3333333333333333,0.0,0.0,0.0,0.0,0.08108108108108109,0.0,0.2972972972972973,0.6666666666666666,0.0,0.0,6.5675675675675675,4.333333333333333,0.10810810810810811,0.0,1756742400.0,-0.10810810810810811,ATL,2026-ev-2,249.4375,-0.17264646876949502,119.93333333333334,0.05555555555555555,0.0,0.0,0.0,1.0,1.0,1.0,1.0,1.0,0.9288183851942241,1.2155908085634748,35.1,46.6,18.3,13.4
Greg,Langermeier,CHA,Defense,SSDM,003206,7,2026_game_2,7.33,11.433333333333332,17.5,0.6,0.3333333333333333,0.9,0.3333333333333333,0.0,0.0,0.1,0.3333333333333333,0.2,0.0,0.6,1.3333333333333333,0.2222222222222222,0.2222222222222222,6.0,4.666666666666667,0.0,0.0,1755995400.0,0.0,ATL,2026-ev-2,258.0833333333333,-0.17264646876949502,119.93333333333334,0.05555555555555555,0.0,0.0,0.0,1.0,1.0,1.0,1.0,1.0,0.0,1.2155908085634748,30.2,50.5,19.3,12.29
Jack,Rowlett,CHA,Defense,Defensemen,000365,6,2026_game_2,11.670666666666667,4.666666666666667,11.0,0.21333333333333335,0.0,1.4,1.3333333333333333,0.0,0.0,0.08,0.0,0.05333333333333334,0.0,1.0133333333333334,0.3333333333333333,0.026570048309178744,0.0,6.3919999999999995,7.0,0.02666666666666667,0.0,1755995400.0,-0.02666666666666667,ATL,2026-ev-2,258.0833333333333,-0.17264646876949502,119.93333333333334,0.05555555555555555,0.0,0.0,0.0,1.0,1.0,1.0,1.0,0.7375457726952294,0.855882378788811,1.0276397540683246,36.5,46.8,16.7,13.84
Jarrod,Neumann,CHA,Defense,Defensemen,000269,5,2026_game_2,9.179487179487179,3.0,1.0,0.6923076923076923,0.3333333333333333,1.5769230769230769,0.6666666666666666,0.0,0.0,0.0,0.0,0.038461538461538464,0.0,0.6025641025641025,0.3333333333333333,0.0,0.0,5.967948717948718,9.666666666666666,0.05021367521367521,0.0,1755995400.0,-0.05021367521367521,ATL,2026-ev-2,258.0833333333333,-0.17264646876949502,119.93333333333334,0.05555555555555555,0.0,0.0,0.0,1.0,1.0,1.0,1.0,1.258203799654577,0.7114310270734853,1.0276397540683246,35.6,47.5,16.9,13.63
Levi,Verch,CHA,Defense,SSDM,003171,4,2026_game_2,4.181818181818182,5.333333333333333,1.0,0.2727272727272727,0.3333333333333333,1.9090909090909092,2.0,0.0,0.0,0.0,0.0,0.0,0.0,0.36363636363636365,0.3333333333333333,0.0,0.0,4.7272727272727275,2.6666666666666665,0.0,0.0,1755995400.0,0.0,ATL,2026-ev-2,258.0833333333333,-0.17264646876949502,119.93333333333334,0.05555555555555555,0.0,0.0,0.0,1.0,1.0,1.0,1.0,1.0,1.0,1.2155908085634748,35.4,47.0,17.7,13.53
Liam,Byrnes,CHA,Defense,Defensemen,000925,4,2026_game_2,15.609756097560975,9.0,-2.0,0.34146341463414637,0.3333333333333333,2.658536585365854,1.0,0.0,0.0,0.0,0.0,0.04878048780487805,0.0,1.3414634146341464,1.0,0.0,0.0,8.409756097560976,7.666666666666667,0.0,0.0,1720306800.0,0.0,ATL,2026-ev-2,671.1458333333334,-0.17264646876949502,119.93333333333334,0.05555555555555555,0.0,0.0,0.0,1.0,1.0,1.0,1.0,0.8888724197748281,1.038125,1.0276397540683246,39.2,47.8,13.0,14.73
Mark,Glicini,CHA,Defense,SSDM,000275,7,2026_game_2,4.821739130434783,2.3333333333333335,-3.0,0.2826086956521739,0.0,1.173913043478261,1.3333333333333333,0.0,0.0,0.021739130434782608,0.0,0.021739130434782608,0.0,0.34782608695652173,0.3333333333333333,0.09090909090909091,0.0,5.586956521739131,8.333333333333334,0.06521739130434782,0.0,1755995400.0,-0.06521739130434782,ATL,2026-ev-2,258.0833333333333,-0.17264646876949502,119.93333333333334,0.05555555555555555,0.0,0.0,0.0,1.0,1.0,1.0,1.0,1.0,0.7916448972483456,1.2155908085634748,35.4,47.1,17.6,13.54
Peter,Detwiler,CHA,Defense,SSDM,003254,3,2026_game_2,0.0,0.0,0.0,0.0,0.0,0.0,0.0,0.0,0.0,0.0,0.0,0.0,0.0,0.0,0.0,0.0,0.0,0.0,0.0,0.0,0.0,0.0,0.0,ATL,2026-ev-2,7.0,-0.17264646876949502,119.93333333333334,0.05555555555555555,0.0,0.0,0.0,1.0,1.0,1.0,1.0,1.0,1.0,1.2155908085634748,13.9,69.5,16.6,9.09
Ray,Dearth,CHA,Defense,SSDM,003212,8,2026_game_2,8.333333333333334,7.666666666666667,10.0,0.4444444444444444,0.6666666666666666,1.1111111111111112,1.0,0.0,0.0,0.0,0.0,0.2222222222222222,0.3333333333333333,0.2222222222222222,0.0,0.0,0.0,5.444444444444445,5.666666666666667,0.16666666666666666,0.16666666666666666,1755995400.0,0.0,ATL,2026-ev-2,258.0833333333333,-0.17264646876949502,119.93333333333334,0.05555555555555555,0.0,0.0,0.0,1.0,1.0,1.0,1.0,1.0,0.8733333333333334,1.2155908085634748,35.4,47.0,17.7,13.53
Scott,Smith,CHA,Defense,Defensemen,003103,14,2026_game_2,15.375,11.333333333333334,13.0,1.5,1.6666666666666667,1.625,1.3333333333333333,0.0,0.0,0.0,0.0,0.0,0.0,1.0,1.0,0.0,0.0,5.0,5.0,0.1875,0.0,1755995400.0,-0.1875,ATL,2026-ev-2,258.0833333333333,-0.17264646876949502,119.93333333333334,0.05555555555555555,0.0,0.0,0.0,1.0,1.0,1.0,1.0,1.0,0.0,1.0276397540683246,36.2,46.3,17.4,13.71
Troy,Reh,CHA,Defense,SSDM,000281,14,2026_game_2,12.0,12.0,2.0,0.6233766233766234,0.0,2.5454545454545454,4.0,0.0,0.0,0.0,0.0,0.03896103896103896,0.0,0.8181818181818182,1.0,0.0,0.0,7.87012987012987,13.333333333333334,0.11038961038961038,0.0,1755995400.0,-0.11038961038961038,ATL,2026-ev-2,258.0833333333333,-0.17264646876949502,119.93333333333334,0.05555555555555555,0.0,0.0,0.0,1.0,1.0,1.0,1.0,1.0,1.3653846153846154,1.2155908085634748,39.2,49.2,11.5,14.85
Ben,Wayer,WAT,Defense,SSDM,003179,17,2026_game_4,16.083333333333332,20.666666666666668,41.0,1.3333333333333333,1.0,2.5833333333333335,1.6666666666666667,0.0,0.0,0.0,0.0,0.25,0.3333333333333333,0.5833333333333334,0.3333333333333333,0.0,0.0,7.416666666666667,7.333333333333333,0.22916666666666666,0.3333333333333333,1756742400.0,0.10416666666666666,WHP,2026-ev-4,250.1875,-0.16644477211230468,69.00000000000001,0.0,0.0,0.0,0.0,1.0,1.0,1.0,1.0,1.0,0.9591968911917099,0.872680756232686,37.3,49.4,13.3,14.31
Charlie,Hayes,WAT,Defense,SSDM,001733,5,2026_game_4,7.06,4.5,12.0,0.48,1.0,1.6,1.6666666666666667,0.0,0.0,0.0,0.0,0.08,0.0,0.4,0.3333333333333333,0.0,0.0,5.575999999999999,6.666666666666667,0.12,0.0,1754758800.0,-0.12,WHP,2026-ev-4,273.1458333333333,-0.16644477211230468,69.00000000000001,0.0,0.0,0.0,0.0,1.0,1.0,1.0,1.0,1.0,1.0499291784702551,0.872680756232686,34.1,47.3,18.6,13.17
Dylan,Hess,WAT,Defense,SSDM,003101,8,2026_game_4,7.833333333333333,13.833333333333334,0.0,0.5833333333333334,0.3333333333333333,1.25,1.6666666666666667,0.0,0.0,0.0,0.0,0.16666666666666666,0.6666666666666666,0.4166666666666667,0.6666666666666666,0.0,0.0,7.5,8.0,0.08333333333333333,0.0,1756742400.0,-0.08333333333333333,WHP,2026-ev-4,250.1875,-0.16644477211230468,69.00000000000001,0.0,0.0,0.0,0.0,1.0,1.0,1.0,1.0,1.0,0.9361702127659575,0.872680756232686,34.6,48.9,16.5,13.46
Gavin,Adler,WAT,Defense,Defensemen,003008,14,2026_game_4,16.93548387096774,11.0,0.0,0.03225806451612903,0.0,1.3225806451612903,1.0,0.0,0.0,0.0,0.0,0.03225806451612903,0.0,1.4516129032258065,1.0,0.0,0.0,6.354838709677419,6.0,0.03225806451612903,0.0,1757867400.0,-0.03225806451612903,WHP,2026-ev-4,237.16666666666666,-0.16644477211230468,69.00000000000001,0.0,0.0,0.0,0.0,1.0,1.0,1.0,0.8431746031746032,0.8610646691939732,1.045021645021645,1.036762129458948,37.1,45.5,17.4,13.9
Jack,DiBenedetto,WAT,Defense,Defensemen,003112,6,2026_game_4,4.75,6.333333333333333,8.0,0.0,0.0,1.25,0.6666666666666666,0.0,0.0,0.0,0.0,0.0,0.0,0.5,0.6666666666666666,0.0,0.0,4.25,4.666666666666667,0.0,0.0,1754101800.0,0.0,WHP,2026-ev-4,280.75,-0.16644477211230468,69.00000000000001,0.0,0.0,0.0,0.0,1.0,1.0,1.0,1.0,1.0,1.0,1.036762129458948,34.7,46.8,18.5,13.3
Jimmy,Freehill,WAT,Defense,Defensemen,003181,16,2026_game_4,15.454545454545455,27.0,30.0,0.8181818181818182,1.0,1.4545454545454546,1.3333333333333333,0.0,0.0,0.0,0.0,0.0,0.0,0.9090909090909091,1.3333333333333333,0.0,0.0,7.181818181818182,6.0,0.22727272727272727,0.6666666666666666,1756742400.0,0.43939393939393934,WHP,2026-ev-4,250.1875,-0.16644477211230468,69.00000000000001,0.0,0.0,0.0,0.0,1.0,1.0,1.0,1.0,1.027336860670194,1.0375,1.036762129458948,37.0,48.8,14.2,14.16
Kenny,Brower,WAT,Defense,Defensemen,003089,16,2026_game_4,15.2,15.666666666666666,11.0,0.1,0.0,1.7,2.3333333333333335,0.0,0.0,0.0,0.0,0.1,0.0,1.2,1.3333333333333333,0.0,0.0,5.7,5.333333333333333,0.0,0.0,1756742400.0,0.0,WHP,2026-ev-4,250.1875,-0.16644477211230468,69.00000000000001,0.0,0.0,0.0,0.0,1.0,1.0,1.0,1.0,0.6659694538568866,1.011513157894737,1.036762129458948,36.9,47.2,15.8,13.99
Malik,Sparrow,WAT,Defense,SSDM,003074,4,2026_game_4,0.0,0.0,0.0,0.0,0.0,0.0,0.0,0.0,0.0,0.0,0.0,0.0,0.0,0.0,0.0,0.0,0.0,0.0,0.0,0.0,0.0,0.0,0.0,WHP,2026-ev-4,7.0,-0.16644477211230468,69.00000000000001,0.0,0.0,0.0,0.0,1.0,1.0,1.0,1.0,1.0,1.0,0.872680756232686,16.7,63.6,19.6,9.41
Marcus,Hudgins,WAT,Defense,SSDM,003096,15,2026_game_4,13.5625,11.333333333333334,-1.0,0.125,0.3333333333333333,2.1875,2.3333333333333335,0.0,0.0,0.0,0.0,0.0625,0.0,1.125,1.0,0.0,0.0,5.6875,5.0,0.0,0.0,1756742400.0,0.0,WHP,2026-ev-4,250.1875,-0.16644477211230468,69.00000000000001,0.0,0.0,0.0,0.0,1.0,1.0,1.0,1.0,1.0,1.251920122887865,0.872680756232686,39.3,44.2,16.5,14.45
Matt,Whitcher,WAT,Defense,SSDM,001707,7,2026_game_4,8.22549019607843,15.333333333333334,13.0,0.7647058823529411,0.6666666666666666,1.392156862745098,1.6666666666666667,0.0,0.0,0.0,0.0,0.0196078431372549,0.3333333333333333,0.5294117647058824,1.0,0.0,0.0,6.527450980392157,6.0,0.16993464052287585,0.0,1756742400.0,-0.16993464052287585,WHP,2026-ev-4,250.1875,-0.16644477211230468,69.00000000000001,0.0,0.0,0.0,0.0,1.0,1.0,1.0,1.0,1.0,0.7982892799551289,0.872680756232686,35.9,46.6,17.5,13.64
Tate,Gallagher,WAT,Defense,SSDM,003044,2,2026_game_4,0.0,0.0,0.0,0.0,0.0,0.0,0.0,0.0,0.0,0.0,0.0,0.0,0.0,0.0,0.0,0.0,0.0,0.0,0.0,0.0,0.0,0.0,0.0,WHP,2026-ev-4,7.0,-0.16644477211230468,69.00000000000001,0.0,0.0,0.0,0.0,1.0,1.0,1.0,1.0,1.0,1.0,0.872680756232686,16.7,63.6,19.6,9.41
AJ,Mercurio,WHP,Defense,Defensemen,003111,3,2026_game_4,10.0,10.0,10.0,0.0,0.0,0.0,0.0,0.0,0.0,0.0,0.0,0.0,0.0,1.0,1.0,0.0,0.0,2.0,2.0,0.0,0.0,1722704400.0,0.0,WAT,2026-ev-4,644.1458333333334,0.16644477211230468,100.36666666666667,0.0,0.0,0.0,0.0,1.0,1.0,1.0,1.0,1.0,1.0,0.9031911794937887,35.0,46.5,18.5,13.37
Ajax,Zappitello,WHP,Defense,Defensemen,003077,21,2026_game_4,18.208333333333332,19.333333333333332,15.0,0.3333333333333333,0.0,2.2916666666666665,3.0,0.0,0.0,0.0,0.0,0.08333333333333333,0.0,1.4583333333333333,1.6666666666666667,0.0,0.0,9.125,10.0,0.0625,0.0,1755986400.0,-0.0625,WAT,2026-ev-4,258.9375,0.16644477211230468,100.36666666666667,0.0,0.0,0.0,0.0,1.0,1.0,1.0,0.9706331045003814,0.9603697094125697,1.1700228832951947,0.9031911794937887,42.9,41.3,15.8,15.26
Colin,Mulshine,WHP,Defense,Defensemen,003191,3,2026_game_4,0.0,0.0,0.0,0.0,0.0,0.0,0.0,0.0,0.0,0.0,0.0,0.0,0.0,0.0,0.0,0.0,0.0,0.0,0.0,0.0,0.0,0.0,0.0,WAT,2026-ev-4,7.0,0.16644477211230468,100.36666666666667,0.0,0.0,0.0,0.0,1.0,1.0,1.0,1.0,1.0,1.0,0.9031911794937887,34.7,46.2,19.1,13.25
Colin,Squires,WHP,Defense,SSDM,001831,10,2026_game_4,8.567241379310344,15.0,42.0,0.20689655172413793,0.0,2.6551724137931036,3.3333333333333335,0.0,0.0,0.13793103448275862,0.0,0.05172413793103448,0.0,0.5689655172413793,1.0,0.08771929824561403,0.0,4.744827586206896,4.333333333333333,0.02586206896551724,0.0,1755986400.0,-0.02586206896551724,WAT,2026-ev-4,258.9375,0.16644477211230468,100.36666666666667,0.0,0.0,0.0,0.0,1.0,1.0,1.0,1.0,1.0,1.21966782285464,0.931525848160213,39.7,45.9,14.5,14.71
Jack,McDonald,WHP,Defense,SSDM,003173,6,2026_game_4,6.4,11.333333333333334,10.0,0.6,1.0,1.0,1.3333333333333333,0.0,0.0,0.0,0.0,0.0,0.0,0.2,0.3333333333333333,0.0,0.0,3.8,5.333333333333333,0.2,0.3333333333333333,1755986400.0,0.1333333333333333,WAT,2026-ev-4,258.9375,0.16644477211230468,100.36666666666667,0.0,0.0,0.0,0.0,1.0,1.0,1.0,1.0,1.0,0.9375,0.931525848160213,35.7,46.1,18.2,13.54
Jack,Posey,WHP,Defense,Defensemen,003128,8,2026_game_4,5.0,9.333333333333334,10.0,0.0,0.0,0.9,0.3333333333333333,0.0,0.0,0.0,0.0,0.1,0.3333333333333333,0.4,0.6666666666666666,0.0,0.0,3.8,3.6666666666666665,0.0,0.0,1751157000.0,0.0,WAT,2026-ev-4,314.8333333333333,0.16644477211230468,100.36666666666667,0.0,0.0,0.0,0.0,1.0,1.0,1.0,1.0,0.9527361868472919,1.0,0.9031911794937887,37.5,42.9,19.7,13.79
Jake,Bernhardt,WHP,Defense,SSDM,000345,2,2026_game_4,5.024528301886793,5.1000000000000005,0.8,0.5849056603773585,0.3333333333333333,0.6226415094339622,0.0,0.0,0.0,0.11320754716981132,0.3333333333333333,0.03773584905660377,0.0,0.3018867924528302,0.0,0.10062893081761005,0.3333333333333333,5.618867924528301,4.0,0.1179245283018868,0.3333333333333333,1755986400.0,0.21540880503144652,WAT,2026-ev-4,258.9375,0.16644477211230468,100.36666666666667,0.0,0.0,0.0,0.0,1.0,1.0,1.0,1.0,1.0,1.0711649901596327,0.931525848160213,35.0,46.6,18.4,13.37
Joe,Juengerkes,WHP,Defense,SSDM,003255,2,2026_game_4,0.0,0.0,0.0,0.0,0.0,0.0,0.0,0.0,0.0,0.0,0.0,0.0,0.0,0.0,0.0,0.0,0.0,0.0,0.0,0.0,0.0,0.0,0.0,WAT,2026-ev-4,7.0,0.16644477211230468,100.36666666666667,0.0,0.0,0.0,0.0,1.0,1.0,1.0,1.0,1.0,1.0,0.931525848160213,34.4,46.4,19.2,13.18
Kyle,Aldridge,WHP,Defense,SSDM,003193,7,2026_game_4,7.0,7.0,4.0,0.0,0.0,2.0,2.0,0.0,0.0,0.0,0.0,0.0,0.0,0.5,0.5,0.0,0.0,7.5,7.5,0.0,0.0,1754179200.0,0.0,WAT,2026-ev-4,279.8541666666667,0.16644477211230468,100.36666666666667,0.0,0.0,0.0,0.0,1.0,1.0,1.0,1.0,1.0,0.0,0.931525848160213,41.7,41.7,16.6,14.94
Matthew,Dunn,WHP,Defense,Defensemen,000355,6,2026_game_4,8.608108108108109,2.3333333333333335,7.0,0.25675675675675674,0.0,1.3243243243243243,0.0,0.0,0.0,0.0,0.0,0.06756756756756757,0.0,0.6756756756756757,0.3333333333333333,0.0,0.0,6.648648648648648,6.0,0.02702702702702703,0.0,1755986400.0,-0.02702702702702703,WAT,2026-ev-4,258.9375,0.16644477211230468,100.36666666666667,0.0,0.0,0.0,0.0,1.0,1.0,1.0,1.0,1.0,1.2273351648351647,0.9031911794937887,36.2,45.0,18.9,13.59
Payton,Rezanka,WHP,Defense,SSDM,003011,6,2026_game_4,5.681818181818182,0.6666666666666666,1.0,0.45454545454545453,0.3333333333333333,0.5454545454545454,0.6666666666666666,0.0,0.0,0.0,0.0,0.0,0.0,0.36363636363636365,0.0,0.0,0.0,3.6363636363636362,4.0,0.09090909090909091,0.0,1725742800.0,-0.09090909090909091,WAT,2026-ev-4,608.9791666666666,0.16644477211230468,100.36666666666667,0.0,0.0,0.0,0.0,1.0,1.0,1.0,1.0,1.0,1.217142857142857,0.931525848160213,35.5,46.2,18.3,13.49
Tim,Muller,WHP,Defense,Defensemen,000359,6,2026_game_4,9.605263157894736,12.0,19.0,0.07894736842105263,0.0,1.6973684210526316,3.0,0.0,0.0,0.0,0.0,0.05263157894736842,0.0,0.7368421052631579,1.0,0.0,0.0,6.521052631578947,8.0,0.02631578947368421,0.0,1755986400.0,-0.02631578947368421,WAT,2026-ev-4,258.9375,0.16644477211230468,100.36666666666667,0.0,0.0,0.0,0.0,1.0,1.0,1.0,1.0,1.0,0.918775181305399,0.9031911794937887,36.2,48.2,15.7,13.87
AJ,Pilate,OUT,Defense,Defensemen,003190,3,2026_game_3,3.6666666666666665,3.6666666666666665,11.0,0.3333333333333333,0.3333333333333333,1.3333333333333333,1.3333333333333333,0.0,0.0,0.0,0.0,0.0,0.0,0.3333333333333333,0.3333333333333333,0.0,0.0,2.0,2.0,0.0,0.0,1752370200.0,0.0,ARC,2026-ev-3,300.8958333333333,0.026267253688719627,71.60000000000001,0.0,0.09090909090909091,0.0,0.0,1.0,1.0,1.0,1.0,1.0,1.0,0.8741401192544219,34.4,47.6,18.0,13.28
Alexander,Smith,OUT,Defense,SSDM,002074,4,2026_game_3,3.7708333333333335,7.0,4.0,0.08333333333333333,0.3333333333333333,0.9166666666666666,1.3333333333333333,0.0,0.0,0.0,0.0,0.041666666666666664,0.0,0.3333333333333333,0.6666666666666666,0.0,0.0,5.041666666666667,4.666666666666667,0.0,0.0,1752370200.0,0.0,ARC,2026-ev-3,300.8958333333333,0.026267253688719627,71.60000000000001,0.0,0.09090909090909091,0.0,0.0,1.0,1.0,1.0,1.0,1.0,1.0,0.9102993788152757,37.4,44.2,18.4,13.88
Ben,Randall,OUT,Defense,Defensemen,001406,16,2026_game_3,15.446428571428571,15.0,31.0,0.375,0.3333333333333333,2.1785714285714284,2.6666666666666665,0.0,0.0,0.0,0.0,0.05357142857142857,0.3333333333333333,1.25,1.0,0.0,0.0,8.089285714285714,7.666666666666667,0.07142857142857142,0.0,1756742400.0,-0.07142857142857142,ARC,2026-ev-3,250.29166666666666,0.026267253688719627,71.60000000000001,0.0,0.09090909090909091,0.0,0.0,1.0,1.0,1.0,1.0,1.274675500277906,0.8841828691539674,0.8741401192544219,37.2,46.4,16.5,14.01
Greg,Weyl,OUT,Defense,Defensemen,001415,2,2026_game_3,16.0,12.666666666666666,0.0,0.4,0.0,1.5333333333333334,1.0,0.0,0.0,0.0,0.0,0.0,0.0,1.2,1.0,0.0,0.0,5.633333333333334,3.0,0.16666666666666666,0.0,1754092800.0,-0.16666666666666666,ARC,2026-ev-3,280.9583333333333,0.026267253688719627,71.60000000000001,0.0,0.09090909090909091,0.0,0.0,1.0,1.0,1.0,1.0,1.0,0.7232142857142857,0.8741401192544219,37.1,47.4,15.5,14.07
Jack,Gray,OUT,Defense,SSDM,003183,4,2026_game_3,4.966666666666667,2.9333333333333336,-2.0,0.16666666666666666,0.0,0.3333333333333333,0.3333333333333333,0.0,0.0,0.16666666666666666,0.3333333333333333,0.16666666666666666,0.0,0.16666666666666666,0.3333333333333333,1.0,1.0,2.8333333333333335,3.0,0.16666666666666666,0.0,1757867400.0,-0.16666666666666666,ARC,2026-ev-3,237.27083333333334,0.026267253688719627,71.60000000000001,0.0,0.09090909090909091,0.0,0.0,1.0,1.0,1.0,1.0,1.0,1.0,0.9102993788152757,34.4,47.7,17.8,13.29
Jake,Piseno,OUT,Defense,SSDM,003083,26,2026_game_3,16.91304347826087,21.666666666666668,22.0,1.2173913043478262,1.3333333333333333,3.0434782608695654,2.6666666666666665,0.0,0.0,0.0,0.0,0.21739130434782608,0.3333333333333333,0.9130434782608695,1.0,0.0,0.0,8.130434782608695,7.333333333333333,0.13768115942028986,0.1111111111111111,1757867400.0,-0.02657004830917875,ARC,2026-ev-3,237.27083333333334,0.026267253688719627,71.60000000000001,0.0,0.09090909090909091,0.0,0.0,1.0,1.0,1.0,1.0,1.0,1.0022850614110252,0.9102993788152757,40.5,43.4,16.2,14.73
JT,Giles-Harris,OUT,Defense,Defensemen,001811,6,2026_game_3,8.976744186046512,0.6666666666666666,-1.0,0.06976744186046512,0.0,1.5348837209302326,1.6666666666666667,0.0,0.0,0.0,0.0,0.023255813953488372,0.0,0.7906976744186046,0.0,0.0,0.0,8.023255813953488,8.666666666666666,0.0,0.0,1757867400.0,0.0,ARC,2026-ev-3,237.27083333333334,0.026267253688719627,71.60000000000001,0.0,0.09090909090909091,0.0,0.0,1.0,1.0,1.0,1.0,1.0,0.8031088082901554,0.8741401192544219,35.2,48.4,16.4,13.59
Kevin,Parnham,OUT,Defense,Defensemen,003182,3,2026_game_3,0.0,0.0,0.0,0.0,0.0,0.0,0.0,0.0,0.0,0.0,0.0,0.0,0.0,0.0,0.0,0.0,0.0,0.0,0.0,0.0,0.0,0.0,0.0,ARC,2026-ev-3,7.0,0.026267253688719627,71.60000000000001,0.0,0.09090909090909091,0.0,0.0,1.0,1.0,1.0,1.0,1.0,1.0,0.8741401192544219,25.5,56.2,18.3,11.39
Michael,Manley,OUT,Defense,Defensemen,000302,13,2026_game_3,13.0,14.333333333333334,10.0,0.7575757575757576,1.6666666666666667,2.015151515151515,1.0,0.0,0.0,0.0,0.0,0.09090909090909091,0.3333333333333333,0.9242424242424242,1.0,0.0,0.0,7.693939393939394,8.0,0.12878787878787878,0.0,1757867400.0,-0.12878787878787878,ARC,2026-ev-3,237.27083333333334,0.026267253688719627,71.60000000000001,0.0,0.09090909090909091,0.0,0.0,1.0,1.0,1.0,1.0,1.0,1.1217948717948718,0.8741401192544219,37.7,45.8,16.4,14.11
Nick,Grill,OUT,Defense,SSDM,001839,5,2026_game_3,6.5875,0.3333333333333333,0.0,0.025,0.0,1.25,0.3333333333333333,0.0,0.0,0.0,0.0,0.025,0.0,0.55,0.0,0.0,0.0,3.2600000000000002,1.0,0.0,0.0,1757867400.0,0.0,ARC,2026-ev-3,237.27083333333334,0.026267253688719627,71.60000000000001,0.0,0.09090909090909091,0.0,0.0,1.0,1.0,1.0,1.0,1.0,1.187539531941809,0.9102993788152757,34.1,47.2,18.6,13.16
Reece,Eddy,OUT,Defense,SSDM,000397,4,2026_game_3,14.78125,13.0,10.0,0.1875,0.0,2.375,1.6666666666666667,0.0,0.0,0.0,0.0,0.125,0.0,1.0625,1.3333333333333333,0.0,0.0,6.70625,5.666666666666667,0.125,0.0,1685820600.0,-0.125,ARC,2026-ev-3,1071.1458333333333,0.026267253688719627,71.60000000000001,0.0,0.09090909090909091,0.0,0.0,1.0,1.0,1.0,1.0,1.0,0.86892177589852,0.9102993788152757,37.7,46.8,15.5,14.2
Ryan,Terefenko,OUT,Defense,SSDM,001820,9,2026_game_3,9.424528301886792,8.666666666666666,19.5,1.0188679245283019,1.0,1.830188679245283,0.0,0.0,0.0,0.0,0.0,0.3018867924528302,0.6666666666666666,0.33962264150943394,0.0,0.0,0.0,11.507547169811321,13.666666666666666,0.2232704402515723,0.16666666666666666,1757867400.0,-0.05660377358490565,ARC,2026-ev-3,237.27083333333334,0.026267253688719627,71.60000000000001,0.0,0.09090909090909091,0.0,0.0,1.0,1.0,1.0,1.0,1.0,1.0093093093093093,0.9102993788152757,35.0,47.3,17.7,13.44
Zach,Geddes,OUT,Defense,SSDM,002022,13,2026_game_3,10.463414634146341,11.833333333333334,12.0,1.0,0.6666666666666666,1.6341463414634145,2.0,0.0,0.0,0.0,0.0,0.12195121951219512,0.0,0.5121951219512195,0.6666666666666666,0.0,0.0,7.829268292682927,10.333333333333334,0.1796747967479675,0.3333333333333333,1757867400.0,0.15365853658536582,ARC,2026-ev-3,237.27083333333334,0.026267253688719627,71.60000000000001,0.0,0.09090909090909091,0.0,0.0,1.0,1.0,1.0,1.0,1.0,0.6993978243978245,0.9102993788152757,35.7,47.4,16.9,13.65
Beau,Pederson,ARC,Defense,SSDM,003087,9,2026_game_1,7.545454545454546,8.299999999999999,3.4,0.5909090909090909,1.6666666666666667,1.2727272727272727,2.0,0.0,0.0,0.22727272727272727,1.0,0.09090909090909091,0.3333333333333333,0.4090909090909091,0.0,0.07575757575757575,0.1111111111111111,7.181818181818182,7.666666666666667,0.22727272727272727,0.3333333333333333,1754701200.0,0.10606060606060605,OUT,2026-ev-3,273.9166666666667,-0.026267253688719627,90.26666666666667,0.15789473684210525,0.0,0.0,0.0,1.0,1.0,1.0,1.0,1.0,1.0061579651941097,0.9554579104886651,29.2,50.8,20.0,12.01
Beau,Pederson,ARC,Defense,SSDM,003087,9,2026_game_3,7.545454545454546,8.299999999999999,3.4,0.5909090909090909,1.6666666666666667,1.2727272727272727,2.0,0.0,0.0,0.22727272727272727,1.0,0.09090909090909091,0.3333333333333333,0.4090909090909091,0.0,0.07575757575757575,0.1111111111111111,7.181818181818182,7.666666666666667,0.22727272727272727,0.3333333333333333,1754701200.0,0.10606060606060605,OUT,2026-ev-3,273.9166666666667,-0.026267253688719627,90.26666666666667,0.15789473684210525,0.0,0.0,0.0,1.0,1.0,1.0,1.0,1.0,1.0061579651941097,0.9554579104886651,29.2,50.8,20.0,12.01
Brendan,Lavelle,ARC,Defense,Defensemen,003163,9,2026_game_1,9.5,20.333333333333332,2.0,0.0,0.0,3.4,3.6666666666666665,0.0,0.0,0.0,0.0,0.1,0.3333333333333333,0.6,1.3333333333333333,0.0,0.0,8.3,9.0,0.0,0.0,1754701200.0,0.0,OUT,2026-ev-3,273.9166666666667,-0.026267253688719627,90.26666666666667,0.15789473684210525,0.0,0.0,0.0,1.0,1.0,1.0,1.0,0.8835491407808475,1.5413533834586466,0.9255635032540758,32.6,56.8,10.6,13.55
Brendan,Lavelle,ARC,Defense,Defensemen,003163,9,2026_game_3,9.5,20.333333333333332,2.0,0.0,0.0,3.4,3.6666666666666665,0.0,0.0,0.0,0.0,0.1,0.3333333333333333,0.6,1.3333333333333333,0.0,0.0,8.3,9.0,0.0,0.0,1754701200.0,0.0,OUT,2026-ev-3,273.9166666666667,-0.026267253688719627,90.26666666666667,0.15789473684210525,0.0,0.0,0.0,1.0,1.0,1.0,1.0,1.3210083305367302,1.5413533834586466,0.9255635032540758,32.6,56.8,10.6,13.55
Cam,Wyers,ARC,Defense,Defensemen,003007,7,2026_game_1,8.01923076923077,8.333333333333334,31.0,0.4230769230769231,0.0,1.2692307692307692,0.3333333333333333,0.0,0.0,0.0,0.0,0.07692307692307693,0.3333333333333333,0.5769230769230769,0.6666666666666666,0.0,0.0,3.1153846153846154,2.3333333333333335,0.09615384615384616,0.0,1754701200.0,-0.09615384615384616,OUT,2026-ev-3,273.9166666666667,-0.026267253688719627,90.26666666666667,0.15789473684210525,0.0,0.0,0.0,1.0,1.0,1.0,1.0,1.0,0.5139888089528377,0.9255635032540758,34.4,44.1,21.5,12.98
Cam,Wyers,ARC,Defense,Defensemen,003007,7,2026_game_3,8.01923076923077,8.333333333333334,31.0,0.4230769230769231,0.0,1.2692307692307692,0.3333333333333333,0.0,0.0,0.0,0.0,0.07692307692307693,0.3333333333333333,0.5769230769230769,0.6666666666666666,0.0,0.0,3.1153846153846154,2.3333333333333335,0.09615384615384616,0.0,1754701200.0,-0.09615384615384616,OUT,2026-ev-3,273.9166666666667,-0.026267253688719627,90.26666666666667,0.15789473684210525,0.0,0.0,0.0,1.0,1.0,1.0,1.0,1.0,0.5139888089528377,0.9255635032540758,34.4,44.1,21.5,12.98
Connor,Maher,ARC,Defense,SSDM,003005,6,2026_game_1,6.597058823529412,13.5,27.5,0.4411764705882353,0.3333333333333333,1.2941176470588236,2.0,0.0,0.0,0.029411764705882353,0.0,0.08823529411764706,0.3333333333333333,0.35294117647058826,0.6666666666666666,0.10526315789473684,0.0,6.176470588235294,7.0,0.1323529411764706,0.3333333333333333,1754701200.0,0.20098039215686272,OUT,2026-ev-3,273.9166666666667,-0.026267253688719627,90.26666666666667,0.15789473684210525,0.0,0.0,0.0,1.0,1.0,1.0,1.0,1.0,0.9513548323178282,0.9554579104886651,34.2,47.3,18.6,13.2
Connor,Maher,ARC,Defense,SSDM,003005,6,2026_game_3,6.597058823529412,13.5,27.5,0.4411764705882353,0.3333333333333333,1.2941176470588236,2.0,0.0,0.0,0.029411764705882353,0.0,0.08823529411764706,0.3333333333333333,0.35294117647058826,0.6666666666666666,0.10526315789473684,0.0,6.176470588235294,7.0,0.1323529411764706,0.3333333333333333,1754701200.0,0.20098039215686272,OUT,2026-ev-3,273.9166666666667,-0.026267253688719627,90.26666666666667,0.15789473684210525,0.0,0.0,0.0,1.0,1.0,1.0,1.0,1.0,0.9513548323178282,0.9554579104886651,34.2,47.3,18.6,13.2
Ethan,Till,ARC,Defense,Defensemen,003237,3,2026_game_1,0.0,0.0,0.0,0.0,0.0,0.0,0.0,0.0,0.0,0.0,0.0,0.0,0.0,0.0,0.0,0.0,0.0,0.0,0.0,0.0,0.0,0.0,0.0,OUT,2026-ev-3,7.0,-0.026267253688719627,90.26666666666667,0.15789473684210525,0.0,0.0,0.0,1.0,1.0,1.0,1.0,1.0,1.0,0.9255635032540758,26.5,54.7,18.8,11.55
Ethan,Till,ARC,Defense,Defensemen,003237,3,2026_game_3,0.0,0.0,0.0,0.0,0.0,0.0,0.0,0.0,0.0,0.0,0.0,0.0,0.0,0.0,0.0,0.0,0.0,0.0,0.0,0.0,0.0,0.0,0.0,OUT,2026-ev-3,7.0,-0.026267253688719627,90.26666666666667,0.15789473684210525,0.0,0.0,0.0,1.0,1.0,1.0,1.0,1.0,1.0,0.9255635032540758,26.5,54.7,18.8,11.55
Mason,Woodward,ARC,Defense,SSDM,003082,16,2026_game_1,17.136363636363637,17.666666666666668,11.0,1.0909090909090908,1.3333333333333333,2.227272727272727,2.0,0.0,0.0,0.0,0.0,0.09090909090909091,0.6666666666666666,0.8181818181818182,0.3333333333333333,0.0,0.0,8.636363636363637,9.0,0.25,0.3333333333333333,1754701200.0,0.08333333333333331,OUT,2026-ev-3,273.9166666666667,-0.026267253688719627,90.26666666666667,0.15789473684210525,0.0,0.0,0.0,1.0,1.0,1.0,1.0,1.0,0.89272030651341,0.9554579104886651,36.3,45.7,18.0,13.68
Mason,Woodward,ARC,Defense,SSDM,003082,15,2026_game_3,17.136363636363637,17.666666666666668,11.0,1.0909090909090908,1.3333333333333333,2.227272727272727,2.0,0.0,0.0,0.0,0.0,0.09090909090909091,0.6666666666666666,0.8181818181818182,0.3333333333333333,0.0,0.0,8.636363636363637,9.0,0.25,0.3333333333333333,1754701200.0,0.08333333333333331,OUT,2026-ev-3,273.9166666666667,-0.026267253688719627,90.26666666666667,0.15789473684210525,0.0,0.0,0.0,1.0,1.0,1.0,1.057029177718833,1.057029177718833,0.89272030651341,0.9554579104886651,36.3,45.7,18.0,13.68
Mitchell,Dunham,ARC,Defense,Defensemen,003177,3,2026_game_1,0.0,0.0,0.0,0.0,0.0,0.0,0.0,0.0,0.0,0.0,0.0,0.0,0.0,0.0,0.0,0.0,0.0,0.0,0.0,0.0,0.0,0.0,0.0,OUT,2026-ev-3,7.0,-0.026267253688719627,90.26666666666667,0.15789473684210525,0.0,0.0,0.0,1.0,1.0,1.0,1.0,1.0,1.0,0.9255635032540758,26.5,54.7,18.8,11.55
Mitchell,Dunham,ARC,Defense,Defensemen,003177,3,2026_game_3,0.0,0.0,0.0,0.0,0.0,0.0,0.0,0.0,0.0,0.0,0.0,0.0,0.0,0.0,0.0,0.0,0.0,0.0,0.0,0.0,0.0,0.0,0.0,OUT,2026-ev-3,7.0,-0.026267253688719627,90.26666666666667,0.15789473684210525,0.0,0.0,0.0,1.0,1.0,1.0,1.0,1.0268448227385425,1.0,0.9255635032540758,26.5,54.7,18.8,11.55
Piper,Bond,ARC,Defense,SSDM,003006,8,2026_game_1,6.0470588235294125,6.933333333333334,17.8,0.6470588235294118,0.6666666666666666,1.7352941176470589,2.0,0.0,0.0,0.058823529411764705,0.3333333333333333,0.11764705882352941,0.0,0.4411764705882353,0.6666666666666666,0.058479532163742694,0.037037037037037035,11.205882352941176,12.333333333333334,0.08333333333333333,0.3333333333333333,1754701200.0,0.25,OUT,2026-ev-3,273.9166666666667,-0.026267253688719627,90.26666666666667,0.15789473684210525,0.0,0.0,0.0,1.0,1.0,1.0,1.0,1.0,1.4191526156506702,0.9554579104886651,34.1,47.2,18.7,13.16
Piper,Bond,ARC,Defense,SSDM,003006,8,2026_game_3,6.0470588235294125,6.933333333333334,17.8,0.6470588235294118,0.6666666666666666,1.7352941176470589,2.0,0.0,0.0,0.058823529411764705,0.3333333333333333,0.11764705882352941,0.0,0.4411764705882353,0.6666666666666666,0.058479532163742694,0.037037037037037035,11.205882352941176,12.333333333333334,0.08333333333333333,0.3333333333333333,1754701200.0,0.25,OUT,2026-ev-3,273.9166666666667,-0.026267253688719627,90.26666666666667,0.15789473684210525,0.0,0.0,0.0,1.0,1.0,1.0,1.0,1.0,1.4191526156506702,0.9554579104886651,34.1,47.2,18.7,13.16
Tommy,Stull,ARC,Defense,SSDM,003215,4,2026_game_1,0.0,0.0,0.0,0.0,0.0,0.0,0.0,0.0,0.0,0.0,0.0,0.0,0.0,0.0,0.0,0.0,0.0,0.0,0.0,0.0,0.0,0.0,0.0,OUT,2026-ev-3,7.0,-0.026267253688719627,90.26666666666667,0.15789473684210525,0.0,0.0,0.0,1.0,1.0,1.0,1.0,1.0,1.0,0.9554579104886651,26.5,54.7,18.8,11.55
Tommy,Stull,ARC,Defense,SSDM,003215,3,2026_game_3,0.0,0.0,0.0,0.0,0.0,0.0,0.0,0.0,0.0,0.0,0.0,0.0,0.0,0.0,0.0,0.0,0.0,0.0,0.0,0.0,0.0,0.0,0.0,OUT,2026-ev-3,7.0,-0.026267253688719627,90.26666666666667,0.15789473684210525,0.0,0.0,0.0,1.0,1.0,1.0,1.0,1.0,1.0,0.9554579104886651,26.5,54.7,18.8,11.55
Warren,Jeffrey,ARC,Defense,Defensemen,001661,8,2026_game_1,8.232558139534884,10.0,11.0,0.0,0.0,1.2790697674418605,1.0,0.0,0.0,0.0,0.0,0.046511627906976744,0.0,0.7209302325581395,1.0,0.0,0.0,4.660465116279069,4.0,0.0,0.0,1754701200.0,0.0,OUT,2026-ev-3,273.9166666666667,-0.026267253688719627,90.26666666666667,0.15789473684210525,0.0,0.0,0.0,1.0,1.0,1.0,1.0,1.0,0.987445072190835,0.9255635032540758,35.9,46.6,17.5,13.64
Warren,Jeffrey,ARC,Defense,Defensemen,001661,8,2026_game_3,8.232558139534884,10.0,11.0,0.0,0.0,1.2790697674418605,1.0,0.0,0.0,0.0,0.0,0.046511627906976744,0.0,0.7209302325581395,1.0,0.0,0.0,4.660465116279069,4.0,0.0,0.0,1754701200.0,0.0,OUT,2026-ev-3,273.9166666666667,-0.026267253688719627,90.26666666666667,0.15789473684210525,0.0,0.0,0.0,1.0,1.0,1.0,1.0,1.0,0.987445072190835,0.9255635032540758,35.9,46.6,17.5,13.64
TD,Ierlan,RED,Faceoff,Faceoff,001812,23,2026_game_1,20.449056603773585,18.233333333333334,3.7,0.9811320754716981,0.6666666666666666,8.622641509433961,7.0,0.0,0.0,14.735849056603774,14.666666666666666,0.09433962264150944,0.3333333333333333,0.32075471698113206,0.0,0.6037848536934631,0.5333333333333333,8.766339622641508,7.0,0.13207547169811318,0.3333333333333333,1756753200.0,0.20125786163522014,ARC,2026-ev-1,249.20833333333334,0.07634727929691432,17.33333333333334,0.0,0.09090909090909091,0.0,0.0,1.0,1.0,1.0,1.0,1.2815149866619222,0.8604842749057549,1.0415500401344084,47.5,40.4,12.1,20.57
Mike,Sisselberger,ARC,Faceoff,Faceoff,003004,6,2026_game_1,13.575862068965517,9.399999999999999,-4.6,0.9655172413793104,1.0,8.793103448275861,4.333333333333333,0.0,0.0,13.758620689655173,8.0,0.06896551724137931,0.3333333333333333,0.10344827586206896,0.0,0.5552839510079586,0.35855448898927156,8.0,4.333333333333333,0.12356321839080459,0.16666666666666666,1751081400.0,0.04310344827586207,RED,2026-ev-1,314.8541666666667,-0.07634727929691432,17.233333333333338,0.15789473684210525,0.0,0.0,0.0,1.0,1.0,1.0,1.0,1.1271838957041393,0.9832105664211329,0.9336998563720651,49.8,33.6,16.6,20.56
Mike,Sisselberger,ARC,Faceoff,Faceoff,003004,6,2026_game_3,13.575862068965517,9.399999999999999,-4.6,0.9655172413793104,1.0,8.793103448275861,4.333333333333333,0.0,0.0,13.758620689655173,8.0,0.06896551724137931,0.3333333333333333,0.10344827586206896,0.0,0.5552839510079586,0.35855448898927156,8.0,4.333333333333333,0.12356321839080459,0.16666666666666666,1751081400.0,0.04310344827586207,RED,2026-ev-1,314.8541666666667,-0.07634727929691432,17.233333333333338,0.15789473684210525,0.0,0.0,0.0,1.0,1.0,1.0,1.0,1.0,0.9832105664211329,0.9336998563720651,49.8,33.6,16.6,20.56
Nathan,Kapp,ARC,Faceoff,Faceoff,003246,5,2026_game_1,0.0,0.0,0.0,0.0,0.0,0.0,0.0,0.0,0.0,0.0,0.0,0.0,0.0,0.0,0.0,0.0,0.0,0.0,0.0,0.0,0.0,0.0,0.0,RED,2026-ev-1,7.0,-0.07634727929691432,17.233333333333338,0.15789473684210525,0.0,0.0,0.0,1.0,1.0,1.0,1.0,1.0,1.0,0.9336998563720651,40.4,42.7,16.8,18.51
Nathan,Kapp,ARC,Faceoff,Faceoff,003246,5,2026_game_3,0.0,0.0,0.0,0.0,0.0,0.0,0.0,0.0,0.0,0.0,0.0,0.0,0.0,0.0,0.0,0.0,0.0,0.0,0.0,0.0,0.0,0.0,0.0,RED,2026-ev-1,7.0,-0.07634727929691432,17.233333333333338,0.15789473684210525,0.0,0.0,0.0,1.0,1.0,1.0,1.0,1.0,1.0,0.9336998563720651,40.4,42.7,16.8,18.51
Nathan,Laliberte,ATL,Faceoff,Faceoff,003151,6,2026_game_2,0.0,0.0,0.0,0.0,0.0,0.0,0.0,0.0,0.0,0.0,0.0,0.0,0.0,0.0,0.0,0.0,0.0,0.0,0.0,0.0,0.0,0.0,0.0,CHA,2026-ev-2,7.0,0.17264646876949502,20.399999999999995,0.0,0.0,0.0,0.0,1.0,1.0,1.0,1.0,1.2870477679752146,1.0,1.0255523186037125,36.8,38.1,25.0,16.82
Trevor,Baptiste,ATL,Faceoff,Faceoff,000254,12,2026_game_2,25.518309859154925,31.8,23.6,1.5492957746478873,1.0,10.084507042253522,10.666666666666666,0.0,0.0,16.985915492957748,21.0,0.19718309859154928,0.3333333333333333,0.22535211267605634,0.0,0.6536699542321408,0.6851851851851851,11.658000000000001,14.333333333333334,0.19647887323943664,0.3333333333333333,1757867400.0,0.13685446009389668,CHA,2026-ev-2,236.41666666666666,0.17264646876949502,20.399999999999995,0.0,0.0,0.0,0.0,1.0,1.0,1.0,1.0,1.0,1.0703974797693754,1.0255523186037125,66.4,24.1,9.4,24.91
Justin,Inacio,CHA,Faceoff,Faceoff,002032,18,2026_game_2,11.944444444444445,18.3,19.5,1.1111111111111112,1.6666666666666667,7.166666666666667,13.333333333333334,0.0,0.0,11.666666666666666,16.0,0.05555555555555555,0.0,0.0,0.0,0.49088529677138887,0.6764346764346764,6.333333333333333,12.333333333333334,0.1388888888888889,0.0,1755995400.0,-0.1388888888888889,ATL,2026-ev-2,258.0833333333333,-0.17264646876949502,8.9,0.05555555555555555,0.0,0.0,0.0,1.0,1.0,1.0,1.0,1.0,0.7274418604651163,0.5713789653628913,31.4,47.9,20.7,16.15
Alec,Stathakis,WAT,Faceoff,Faceoff,003119,11,2026_game_4,8.526315789473685,1.4333333333333333,0.5,0.9473684210526315,0.6666666666666666,4.684210526315789,2.6666666666666665,0.0,0.0,11.842105263157896,10.333333333333334,0.0,0.0,0.15789473684210525,0.3333333333333333,0.48989912419519716,0.37876922105396105,5.684210526315789,4.0,0.043859649122807015,0.0,1756742400.0,-0.043859649122807015,WHP,2026-ev-4,250.1875,-0.16644477211230468,13.866666666666665,0.0,0.0,0.0,0.0,1.0,1.0,1.0,1.0,1.0,0.9347736625514403,0.7176445522842183,28.8,32.5,38.6,13.58
Connor,Farrell,WAT,Faceoff,Faceoff,000366,9,2026_game_4,12.246666666666668,6.833333333333333,0.9,0.5555555555555556,0.0,7.733333333333333,5.333333333333333,0.0,0.0,12.377777777777778,8.333333333333334,0.044444444444444446,0.0,0.15555555555555556,0.3333333333333333,0.5519656438904232,0.43010303536619326,7.3951111111111105,4.666666666666667,0.1111111111111111,0.0,1693099800.0,-0.1111111111111111,WHP,2026-ev-4,986.7916666666666,-0.16644477211230468,13.866666666666665,0.0,0.0,0.0,0.0,1.0,1.0,1.0,1.0,1.0,1.0292402208569873,0.7176445522842183,34.5,29.3,36.3,15.08
Joseph,Nardella,WHP,Faceoff,Faceoff,000350,18,2026_game_4,21.1671875,19.833333333333332,20.0,1.03125,1.3333333333333333,7.859375,5.333333333333333,0.0,0.0,14.828125,13.333333333333334,0.296875,0.0,0.21875,0.3333333333333333,0.6080525158978455,0.5056980056980057,9.62725,8.0,0.19791666666666663,0.8333333333333334,1755986400.0,0.6354166666666667,WAT,2026-ev-4,258.9375,0.16644477211230468,30.63333333333333,0.0,0.0,0.0,0.0,1.0,1.0,1.0,1.0,1.0,0.8570999729337367,1.2924842810299286,52.3,34.1,13.6,21.43
Matthew,Paolatto,WHP,Faceoff,Faceoff,003202,2,2026_game_4,0.0,0.0,0.0,0.0,0.0,0.0,0.0,0.0,0.0,0.0,0.0,0.0,0.0,0.0,0.0,0.0,0.0,0.0,0.0,0.0,0.0,0.0,0.0,WAT,2026-ev-4,7.0,0.16644477211230468,30.63333333333333,0.0,0.0,0.0,0.0,1.0,1.0,1.0,1.0,1.0,1.0,1.2924842810299286,37.3,35.1,27.6,16.64
Petey,LaSalla,WHP,Faceoff,Faceoff,003032,8,2026_game_4,15.708333333333334,24.099999999999998,2.0,0.6666666666666666,0.0,10.583333333333334,14.666666666666666,0.0,0.0,14.583333333333334,18.666666666666668,0.0,0.0,0.0,0.0,0.5631392200550566,0.6822660098522167,10.666666666666666,13.666666666666666,0.05555555555555555,0.0,1717356600.0,-0.05555555555555555,WAT,2026-ev-4,706.0416666666666,0.16644477211230468,30.63333333333333,0.0,0.0,0.0,0.0,1.0,1.0,1.0,1.0,1.0,1.194467601364153,1.2924842810299286,50.8,31.5,17.7,20.65
Luke,Wierman,OUT,Faceoff,Faceoff,003098,20,2026_game_3,16.499999999999996,15.233333333333334,-4.3,1.6956521739130435,2.0,6.6521739130434785,5.0,0.0,0.0,12.391304347826088,11.333333333333334,0.08695652173913043,0.0,0.391304347826087,0.6666666666666666,0.4942762817197348,0.47246963562753036,7.739130434782608,6.666666666666667,0.20289855072463767,0.16666666666666666,1757867400.0,-0.03623188405797101,ARC,2026-ev-3,237.27083333333334,0.026267253688719627,17.33333333333334,0.0,0.09090909090909091,0.0,0.0,1.0,1.0,1.0,1.0,1.0,1.1117845117845118,1.0415500401344084,24.4,64.6,10.9,15.73
Mike,Sisselberger,ARC,Faceoff,Faceoff,003004,6,2026_game_1,13.575862068965517,9.399999999999999,-4.6,0.9655172413793104,1.0,8.793103448275861,4.333333333333333,0.0,0.0,13.758620689655173,8.0,0.06896551724137931,0.3333333333333333,0.10344827586206896,0.0,0.5552839510079586,0.35855448898927156,8.0,4.333333333333333,0.12356321839080459,0.16666666666666666,1751081400.0,0.04310344827586207,OUT,2026-ev-3,315.8125,-0.026267253688719627,5.333333333333333,0.15789473684210525,0.0,0.0,0.0,1.0,1.0,1.0,1.0,1.1271838957041393,0.738252476504953,0.892153307262533,35.0,33.0,32.0,15.66
Mike,Sisselberger,ARC,Faceoff,Faceoff,003004,6,2026_game_3,13.575862068965517,9.399999999999999,-4.6,0.9655172413793104,1.0,8.793103448275861,4.333333333333333,0.0,0.0,13.758620689655173,8.0,0.06896551724137931,0.3333333333333333,0.10344827586206896,0.0,0.5552839510079586,0.35855448898927156,8.0,4.333333333333333,0.12356321839080459,0.16666666666666666,1751081400.0,0.04310344827586207,OUT,2026-ev-3,315.8125,-0.026267253688719627,5.333333333333333,0.15789473684210525,0.0,0.0,0.0,1.0,1.0,1.0,1.0,1.0,0.738252476504953,0.892153307262533,35.0,33.0,32.0,15.66
Nathan,Kapp,ARC,Faceoff,Faceoff,003246,5,2026_game_1,0.0,0.0,0.0,0.0,0.0,0.0,0.0,0.0,0.0,0.0,0.0,0.0,0.0,0.0,0.0,0.0,0.0,0.0,0.0,0.0,0.0,0.0,0.0,OUT,2026-ev-3,7.0,-0.026267253688719627,5.333333333333333,0.15789473684210525,0.0,0.0,0.0,1.0,1.0,1.0,1.0,1.0,1.0,0.892153307262533,41.1,39.8,19.0,18.41
Nathan,Kapp,ARC,Faceoff,Faceoff,003246,5,2026_game_3,0.0,0.0,0.0,0.0,0.0,0.0,0.0,0.0,0.0,0.0,0.0,0.0,0.0,0.0,0.0,0.0,0.0,0.0,0.0,0.0,0.0,0.0,0.0,OUT,2026-ev-3,7.0,-0.026267253688719627,5.333333333333333,0.15789473684210525,0.0,0.0,0.0,1.0,1.0,1.0,1.0,1.0,1.0,0.892153307262533,41.1,39.8,19.0,18.41
Chayse,Ierlan,RED,Goalie,Goalie,003102,10,2026_game_1,24.571428571428573,34.666666666666664,44.0,0.14285714285714285,0.0,1.4285714285714286,2.6666666666666665,11.285714285714286,14.666666666666666,0.0,0.0,0.0,0.0,0.14285714285714285,0.0,0.0,0.0,12.857142857142858,16.0,0.0,0.0,1756753200.0,0.0,ARC,2026-ev-1,249.20833333333334,0.07634727929691432,29.333333333333332,0.0,0.09090909090909091,0.0,0.0,1.0,1.0,1.0,1.0,1.0,0.940406976744186,0.8244047333152384,37.0,49.9,13.1,34.46
Dillon,Ward,RED,Goalie,Goalie,000418,18,2026_game_1,28.902439024390244,16.0,12.0,0.04878048780487805,0.0,1.8780487804878048,2.6666666666666665,11.341463414634147,6.666666666666667,0.0,0.0,0.04878048780487805,0.0,0.36585365853658536,0.6666666666666666,0.0,0.0,11.887268292682926,10.333333333333334,0.0,0.0,1754758800.0,0.0,ARC,2026-ev-1,272.2916666666667,0.07634727929691432,29.333333333333332,0.0,0.09090909090909091,0.0,0.0,1.0,1.0,1.0,1.0,1.0,0.8757383966244726,0.8244047333152384,40.3,42.0,17.7,34.25
Matt,Knote,RED,Goalie,Goalie,003125,19,2026_game_1,0.0,0.0,0.0,0.0,0.0,0.0,0.0,0.0,0.0,0.0,0.0,0.0,0.0,0.0,0.0,0.0,0.0,0.07692307692307693,0.0,0.0,0.0,1756753200.0,0.0,ARC,2026-ev-1,249.20833333333334,0.07634727929691432,29.333333333333332,0.0,0.09090909090909091,0.0,0.0,1.0,1.0,1.0,1.0,1.0,1.0,0.8244047333152384,32.4,42.8,24.8,31.01
Brett,Dobson,ARC,Goalie,Goalie,002026,19,2026_game_1,38.77142857142857,42.333333333333336,39.0,0.08571428571428572,0.3333333333333333,2.2857142857142856,2.3333333333333335,14.4,15.333333333333334,0.0,0.0,0.02857142857142857,0.0,0.2857142857142857,0.6666666666666666,0.0,0.0,15.228571428571428,18.333333333333332,0.0,0.0,1754701200.0,0.0,RED,2026-ev-1,272.9583333333333,-0.07634727929691432,22.333333333333332,0.15789473684210525,0.0,0.0,0.0,1.0,1.0,1.0,1.0,1.0,0.9445970389227574,1.1137850463969325,45.7,34.7,19.6,35.07
Brett,Dobson,ARC,Goalie,Goalie,002026,20,2026_game_3,38.77142857142857,42.333333333333336,39.0,0.08571428571428572,0.3333333333333333,2.2857142857142856,2.3333333333333335,14.4,15.333333333333334,0.0,0.0,0.02857142857142857,0.0,0.2857142857142857,0.6666666666666666,0.0,0.0,15.228571428571428,18.333333333333332,0.0,0.0,1754701200.0,0.0,RED,2026-ev-1,272.9583333333333,-0.07634727929691432,22.333333333333332,0.15789473684210525,0.0,0.0,0.0,1.0,1.0,1.0,1.0,1.0,0.9445970389227574,1.1137850463969325,45.7,34.7,19.6,35.07
Jack,Fracyon,ARC,Goalie,Goalie,003189,11,2026_game_1,0.0,0.0,0.0,0.0,0.0,0.0,0.0,0.0,0.0,0.0,0.0,0.0,0.0,0.0,0.0,0.0,0.0,0.0,0.0,0.0,0.0,0.0,0.0,RED,2026-ev-1,7.0,-0.07634727929691432,22.333333333333332,0.15789473684210525,0.0,0.0,0.0,1.0,1.0,1.0,1.0,1.0,1.0,1.1137850463969325,12.4,37.1,50.4,21.2
Jack,Fracyon,ARC,Goalie,Goalie,003189,12,2026_game_3,0.0,0.0,0.0,0.0,0.0,0.0,0.0,0.0,0.0,0.0,0.0,0.0,0.0,0.0,0.0,0.0,0.0,0.0,0.0,0.0,0.0,0.0,0.0,RED,2026-ev-1,7.0,-0.07634727929691432,22.333333333333332,0.15789473684210525,0.0,0.0,0.0,1.0,1.0,1.0,1.0,1.0,1.0,1.1137850463969325,12.4,37.1,50.4,21.2
Nick,Washuta,ARC,Goalie,Goalie,001773,14,2026_game_1,9.0,12.333333333333334,37.0,0.0,0.0,0.25,0.3333333333333333,3.5,4.666666666666667,0.0,0.0,0.0,0.0,0.25,0.3333333333333333,0.0,0.0,2.5,3.3333333333333335,0.0,0.0,1693008000.0,0.0,RED,2026-ev-1,987.0,-0.07634727929691432,22.333333333333332,0.15789473684210525,0.0,0.0,0.0,1.0,1.0,1.0,1.0,1.0,0.0,1.1137850463969325,40.8,39.7,19.5,33.99
Nick,Washuta,ARC,Goalie,Goalie,001773,14,2026_game_3,9.0,12.333333333333334,37.0,0.0,0.0,0.25,0.3333333333333333,3.5,4.666666666666667,0.0,0.0,0.0,0.0,0.25,0.3333333333333333,0.0,0.0,2.5,3.3333333333333335,0.0,0.0,1693008000.0,0.0,RED,2026-ev-1,987.0,-0.07634727929691432,22.333333333333332,0.15789473684210525,0.0,0.0,0.0,1.0,1.0,1.0,1.0,1.0,0.0,1.1137850463969325,40.8,39.7,19.5,33.99
Liam,Entenmann,ATL,Goalie,Goalie,003079,47,2026_game_2,36.26315789473684,36.666666666666664,39.0,0.21052631578947367,0.3333333333333333,2.526315789473684,2.0,13.947368421052632,14.666666666666666,0.0,0.0,0.05263157894736842,0.0,0.21052631578947367,0.3333333333333333,0.0,0.0,17.789473684210527,19.0,0.0,0.0,1757867400.0,0.0,CHA,2026-ev-2,236.41666666666666,0.17264646876949502,31.666666666666668,0.0,0.0,0.0,0.0,1.0,1.0,1.0,1.0,1.0,1.017174649250121,1.0362448169937688,49.7,41.3,9.0,38.16
Will,Mark,ATL,Goalie,Goalie,003108,13,2026_game_2,1.0,1.0,1.0,0.0,0.0,1.0,1.0,0.0,0.0,0.0,0.0,0.0,0.0,0.0,0.0,0.0,0.0,0.0,0.0,0.0,0.0,1753497000.0,0.0,CHA,2026-ev-2,287.0,0.17264646876949502,31.666666666666668,0.0,0.0,0.0,0.0,1.0,1.0,1.0,1.0,1.0,1.0,1.0362448169937688,32.3,47.8,20.0,32.01
Zach,Vigue,ATL,Goalie,Goalie,003221,11,2026_game_2,0.0,0.0,0.0,0.0,0.0,0.0,0.0,0.0,0.0,0.0,0.0,0.0,0.0,0.0,0.0,0.0,0.0,0.0,0.0,0.0,0.0,0.0,0.0,CHA,2026-ev-2,7.0,0.17264646876949502,31.666666666666668,0.0,0.0,0.0,0.0,1.0,1.0,1.0,1.0,1.0,1.0,1.0362448169937688,13.9,54.3,31.8,25.42
Austin,Kaut,CHA,Goalie,Goalie,000815,10,2026_game_2,16.88888888888889,8.666666666666666,-1.0,0.0,0.0,1.1111111111111112,0.6666666666666666,7.333333333333333,4.333333333333333,0.0,0.0,0.0,0.0,0.1111111111111111,0.0,0.0,0.0,9.265555555555556,6.333333333333333,0.0,0.0,1750617000.0,0.0,ATL,2026-ev-2,320.3333333333333,-0.17264646876949502,21.666666666666668,0.05555555555555555,0.0,0.0,0.0,1.0,1.0,1.0,1.0,1.0,1.1603618421052633,1.0844860292402454,30.2,32.5,37.3,27.93
Blaze,Riorden,CHA,Goalie,Goalie,000258,21,2026_game_2,41.86666666666667,32.0,15.0,0.18666666666666668,0.0,2.0933333333333333,1.0,14.733333333333333,9.666666666666666,0.0,0.0,0.16,0.0,0.44,1.3333333333333333,0.0,0.0,15.085973333333332,19.333333333333332,0.013333333333333334,0.0,1755995400.0,-0.013333333333333334,ATL,2026-ev-2,258.0833333333333,-0.17264646876949502,21.666666666666668,0.05555555555555555,0.0,0.0,0.0,1.0,1.0,1.0,1.0,1.0,1.0993895966029725,1.0844860292402454,45.9,42.6,11.5,36.79
Michael,Gianforcaro,CHA,Goalie,Goalie,003236,2,2026_game_2,0.0,0.0,0.0,0.0,0.0,0.0,0.0,0.0,0.0,0.0,0.0,0.0,0.0,0.0,0.0,0.0,0.0,0.0,0.0,0.0,0.0,0.0,0.0,ATL,2026-ev-2,7.0,-0.17264646876949502,21.666666666666668,0.05555555555555555,0.0,0.0,0.0,1.0,1.0,1.0,1.0,1.0,1.0,1.0844860292402454,9.4,45.2,45.4,21.59
Matt,DeLuca,WAT,Goalie,Goalie,000408,26,2026_game_4,19.1875,14.0,13.0,0.03125,0.0,0.9375,0.6666666666666666,8.53125,9.666666666666666,0.0,0.0,0.0,0.0,0.15625,0.0,0.0,0.0,9.377375,9.666666666666666,0.0,0.0,1756742400.0,0.0,WHP,2026-ev-4,250.1875,-0.16644477211230468,38.0,0.0,0.0,0.0,0.0,1.0,1.0,1.0,1.0,1.0,1.147582059634177,1.0455585620905847,30.2,49.1,20.8,31.37
Mike,Adler,WAT,Goalie,Goalie,002058,5,2026_game_4,0.0,0.0,0.0,0.0,0.0,0.0,0.0,0.0,0.0,0.0,0.0,0.0,0.0,0.0,0.0,0.0,0.0,0.0,0.0,0.0,0.0,0.0,0.0,WHP,2026-ev-4,7.0,-0.16644477211230468,38.0,0.0,0.0,0.0,0.0,1.0,1.0,1.0,1.0,1.0,1.0,1.0455585620905847,27.1,43.9,28.9,28.94
Tim,Troutner,WAT,Goalie,Goalie,000370,8,2026_game_4,30.1,32.666666666666664,14.0,0.175,0.6666666666666666,2.25,2.6666666666666665,11.45,11.333333333333334,0.0,0.0,0.05,0.0,0.45,1.0,0.0,0.0,14.253800000000002,18.0,0.0,0.0,1719615600.0,0.0,WHP,2026-ev-4,679.8958333333334,-0.16644477211230468,38.0,0.0,0.0,0.0,0.0,1.0,1.0,1.0,1.0,1.0,0.9281805745554035,1.0455585620905847,44.3,40.7,15.0,35.71
Brian,Phipps,WHP,Goalie,Goalie,000614,5,2026_game_4,18.666666666666668,12.0,12.0,0.16666666666666666,0.3333333333333333,1.3333333333333333,1.0,7.5,7.666666666666667,0.0,0.0,0.0,0.0,0.5,0.0,0.0,0.0,12.529666666666666,10.382666666666667,0.0,0.0,1693851600.0,0.0,WAT,2026-ev-4,978.0902777777778,0.16644477211230468,32.666666666666664,0.0,0.0,0.0,0.0,1.0,1.0,1.0,1.0,1.0,1.2879464285714286,1.1036585623501736,42.5,38.2,19.3,34.41
Emmet,Carroll,WHP,Goalie,Goalie,003176,44,2026_game_4,35.5,31.666666666666668,25.0,0.375,0.6666666666666666,1.875,1.0,13.5,13.666666666666666,0.0,0.0,0.0,0.0,0.25,0.0,0.0,0.0,17.0,17.666666666666668,0.0,0.0,1755986400.0,0.0,WAT,2026-ev-4,258.9375,0.16644477211230468,32.666666666666664,0.0,0.0,0.0,0.0,1.0,1.0,1.0,1.0,1.0,0.948943661971831,1.1036585623501736,53.2,30.4,16.4,37.41
Shun,Ito,WHP,Goalie,Goalie,003241,6,2026_game_4,0.0,0.0,0.0,0.0,0.0,0.0,0.0,0.0,0.0,0.0,0.0,0.0,0.0,0.0,0.0,0.0,0.0,0.0,0.0,0.0,0.0,0.0,0.0,WAT,2026-ev-4,7.0,0.16644477211230468,32.666666666666664,0.0,0.0,0.0,0.0,1.0,1.0,1.0,1.0,1.0,1.0,1.1036585623501736,26.6,40.5,32.8,28.03
Logan,McNaney,OUT,Goalie,Goalie,003169,45,2026_game_3,34.1,29.666666666666668,24.0,0.2,0.6666666666666666,2.2,3.3333333333333335,13.1,12.333333333333334,0.0,0.0,0.0,0.0,0.4,0.0,0.0,0.0,20.1,21.333333333333332,0.0,0.0,1757867400.0,0.0,ARC,2026-ev-3,237.27083333333334,0.026267253688719627,29.333333333333332,0.0,0.09090909090909091,0.0,0.0,1.0,1.0,1.0,1.0,1.0,0.9530791788856305,0.8244047333152384,46.5,50.7,2.9,38.73
Owen,McElroy,OUT,Goalie,Goalie,002039,9,2026_game_3,24.285714285714285,24.333333333333332,10.0,0.07142857142857142,0.0,2.5,2.6666666666666665,10.714285714285714,11.0,0.0,0.0,0.0,0.0,0.07142857142857142,0.0,0.0,0.0,12.857142857142858,11.666666666666666,0.0,0.0,1749247200.0,0.0,ARC,2026-ev-3,337.0416666666667,0.026267253688719627,29.333333333333332,0.0,0.09090909090909091,0.0,0.0,1.0,1.0,1.0,1.0,1.0,1.0638655462184874,0.8244047333152384,34.2,48.0,17.8,32.86
Brett,Dobson,ARC,Goalie,Goalie,002026,19,2026_game_1,38.77142857142857,42.333333333333336,39.0,0.08571428571428572,0.3333333333333333,2.2857142857142856,2.3333333333333335,14.4,15.333333333333334,0.0,0.0,0.02857142857142857,0.0,0.2857142857142857,0.6666666666666666,0.0,0.0,15.228571428571428,18.333333333333332,0.0,0.0,1754701200.0,0.0,OUT,2026-ev-3,273.9166666666667,-0.026267253688719627,47.666666666666664,0.15789473684210525,0.0,0.0,0.0,1.0,1.0,1.0,1.0,1.0,1.0198149512814214,1.0404100335818214,45.7,39.7,14.7,36.11
Brett,Dobson,ARC,Goalie,Goalie,002026,20,2026_game_3,38.77142857142857,42.333333333333336,39.0,0.08571428571428572,0.3333333333333333,2.2857142857142856,2.3333333333333335,14.4,15.333333333333334,0.0,0.0,0.02857142857142857,0.0,0.2857142857142857,0.6666666666666666,0.0,0.0,15.228571428571428,18.333333333333332,0.0,0.0,1754701200.0,0.0,OUT,2026-ev-3,273.9166666666667,-0.026267253688719627,47.666666666666664,0.15789473684210525,0.0,0.0,0.0,1.0,1.0,1.0,1.0,1.0,1.0198149512814214,1.0404100335818214,45.7,39.7,14.7,36.11
Jack,Fracyon,ARC,Goalie,Goalie,003189,11,2026_game_1,0.0,0.0,0.0,0.0,0.0,0.0,0.0,0.0,0.0,0.0,0.0,0.0,0.0,0.0,0.0,0.0,0.0,0.0,0.0,0.0,0.0,0.0,0.0,OUT,2026-ev-3,7.0,-0.026267253688719627,47.666666666666664,0.15789473684210525,0.0,0.0,0.0,1.0,1.0,1.0,1.0,1.0,1.0,1.0404100335818214,30.1,32.6,37.4,27.92
Jack,Fracyon,ARC,Goalie,Goalie,003189,12,2026_game_3,0.0,0.0,0.0,0.0,0.0,0.0,0.0,0.0,0.0,0.0,0.0,0.0,0.0,0.0,0.0,0.0,0.0,0.0,0.0,0.0,0.0,0.0,0.0,OUT,2026-ev-3,7.0,-0.026267253688719627,47.666666666666664,0.15789473684210525,0.0,0.0,0.0,1.0,1.0,1.0,1.0,1.0,1.0,1.0404100335818214,30.1,32.6,37.4,27.92
Nick,Washuta,ARC,Goalie,Goalie,001773,14,2026_game_1,9.0,12.333333333333334,37.0,0.0,0.0,0.25,0.3333333333333333,3.5,4.666666666666667,0.0,0.0,0.0,0.0,0.25,0.3333333333333333,0.0,0.0,2.5,3.3333333333333335,0.0,0.0,1693008000.0,0.0,OUT,2026-ev-3,987.9583333333334,-0.026267253688719627,47.666666666666664,0.15789473684210525,0.0,0.0,0.0,1.0,1.0,1.0,1.0,1.0,0.8333333333333334,1.0404100335818214,41.3,41.4,17.2,34.55
Nick,Washuta,ARC,Goalie,Goalie,001773,14,2026_game_3,9.0,12.333333333333334,37.0,0.0,0.0,0.25,0.3333333333333333,3.5,4.666666666666667,0.0,0.0,0.0,0.0,0.25,0.3333333333333333,0.0,0.0,2.5,3.3333333333333335,0.0,0.0,1693008000.0,0.0,OUT,2026-ev-3,987.9583333333334,-0.026267253688719627,47.666666666666664,0.15789473684210525,0.0,0.0,0.0,1.0,1.0,1.0,1.0,1.0,0.8333333333333334,1.0404100335818214,41.3,41.4,17.2,34.55
