firstName,lastName,team,positionGroup,subPosition,officialId,salary,eventId,fp_season_avg,fp_last3_avg,fp_lag1,shots_season_avg,shots_last3_avg,groundBalls_season_avg,groundBalls_last3_avg,saves_season_avg,saves_last3_avg,faceoffsWon_season_avg,faceoffsWon_last3_avg,assists_season_avg,assists_last3_avg,causedTurnovers_season_avg,causedTurnovers_last3_avg,faceoffPct_season_avg,faceoffPct_last3_avg,touches_season_avg,touches_last3_avg,shotPct_season_avg,shotPct_last3_avg,last_startTime,shotPct_anomaly,opponent,game_id,days_since_last_game,team_faceoff_advantage,opp_fp_allowed_to_position_last3,team_roster_churn,opp_def_churn,team_vacated_touch_share,team_inactive_fp_avg,opp_def_health,opp_ssdm_health,opp_goalie_health,pairing_rating,opponent_rating,player_vs_team_rating,team_def_rating,PredictedPoints_Regression,EV,BoomProbability
Adam,Charalambides,CHA,Attack,Attack,001846,16,2026_game_5,14.384615384615385,13.0,19.0,5.461538461538462,5.666666666666667,1.2307692307692308,1.6666666666666667,0.0,0.0,0.0,0.0,0.23076923076923078,0.3333333333333333,0.15384615384615385,0.3333333333333333,0.0,0.0,28.307692307692307,26.666666666666668,0.27970085470085465,0.1111111111111111,1778293800.0,-0.16858974358974355,CAN,2026-ev-5,6.8125,0.10010570937723257,124.66666666666667,0.3888888888888889,0.0,0.0,0.0,1.0,1.0,1.0,1.0,1.0,0.8680926916221035,1.0785818659481237,22.48,22.48,85.2
Brendan,Nichtern,CHA,Attack,Attack,002023,24,2026_game_5,28.142857142857142,9.0,29.0,5.071428571428571,3.6666666666666665,1.0,0.6666666666666666,0.0,0.0,0.0,0.0,1.8571428571428572,0.6666666666666666,0.35714285714285715,0.6666666666666666,0.0,0.0,44.0,31.333333333333332,0.25351473922902495,0.2333333333333333,1778293800.0,-0.020181405895691645,CAN,2026-ev-5,6.8125,0.10010570937723257,124.66666666666667,0.3888888888888889,0.0,0.0,0.0,1.0,1.0,1.0,1.0,0.9795118911185543,1.201595358955765,1.0785818659481237,30.3,30.3,100.0
Eric,Spanos,CHA,Attack,Attack,003250,3,2026_game_5,-1.0,-1.0,-1.0,4.0,4.0,2.0,2.0,0.0,0.0,0.0,0.0,0.0,0.0,0.0,0.0,0.0,0.0,11.0,11.0,0.0,0.0,1778293800.0,0.0,CAN,2026-ev-5,6.8125,0.10010570937723257,124.66666666666667,0.3888888888888889,0.0,0.0,0.0,1.0,1.0,1.0,1.0,1.0,1.0,1.0785818659481237,17.03,17.03,53.1
Jackson,Eicher,CHA,Attack,Attack,003192,25,2026_game_5,25.0,30.333333333333332,27.0,7.083333333333333,7.333333333333333,0.5,0.6666666666666666,0.0,0.0,0.0,0.0,0.75,0.3333333333333333,0.08333333333333333,0.3333333333333333,0.0,0.0,22.916666666666668,23.666666666666668,0.25016835016835015,0.32142857142857145,1778293800.0,0.0712602212602213,CAN,2026-ev-5,6.8125,0.10010570937723257,124.66666666666667,0.3888888888888889,0.0,0.0,0.0,1.0,1.0,1.0,1.0,0.8657359531196139,0.8733333333333334,1.0785818659481237,24.32,24.32,96.0
Josh,Zawada,CHA,Attack,Attack,003092,14,2026_game_5,12.777777777777779,8.666666666666666,-8.0,3.6666666666666665,4.0,1.2222222222222223,1.6666666666666667,0.0,0.0,0.0,0.0,0.5555555555555556,0.3333333333333333,0.1111111111111111,0.0,0.0,0.0,31.666666666666668,31.333333333333332,0.31058201058201057,0.14285714285714285,1755995400.0,-0.16772486772486772,CAN,2026-ev-5,264.8958333333333,0.10010570937723257,124.66666666666667,0.3888888888888889,0.0,0.0,0.0,1.0,1.0,1.0,1.0,1.0,0.859375,1.0785818659481237,22.98,22.98,88.1
Owen,Hiltz,CHA,Attack,Attack,003166,15,2026_game_5,40.375,32.0,39.0,6.625,7.0,1.375,2.0,0.0,0.0,0.0,0.0,1.625,1.3333333333333333,0.375,0.3333333333333333,0.0,0.0,29.375,29.0,0.3060515873015873,0.1952380952380952,1755995400.0,-0.11081349206349211,CAN,2026-ev-5,264.8958333333333,0.10010570937723257,124.66666666666667,0.3888888888888889,0.0,0.0,0.0,1.0,1.0,1.0,1.0,1.0,0.9860681114551084,1.0785818659481237,29.46,29.46,100.0
Teddy,Malone,CHA,Attack,Attack,003257,12,2026_game_5,11.0,11.0,11.0,2.0,2.0,1.0,1.0,0.0,0.0,0.0,0.0,0.0,0.0,0.0,0.0,0.0,0.0,5.0,5.0,0.5,0.5,1778293800.0,0.0,CAN,2026-ev-5,6.8125,0.10010570937723257,124.66666666666667,0.3888888888888889,0.0,0.0,0.0,1.0,1.0,1.0,1.0,1.0,1.0,1.0785818659481237,15.58,15.58,44.6
Asher,Nolting,CAN,Attack,Attack,002024,39,2026_game_5,32.47674418604651,42.0,53.0,4.813953488372093,4.333333333333333,1.3488372093023255,0.6666666666666666,0.0,0.0,0.0,0.0,2.046511627906977,2.3333333333333335,0.16279069767441862,0.0,0.0,0.0,30.58139534883721,30.333333333333332,0.30931239303332325,0.4761904761904762,1754780400.0,0.16687808315715297,CHA,2026-ev-5,278.9583333333333,-0.10010570937723257,71.0,0.0,0.3333333333333333,0.0,0.0,1.0,1.0,1.0,1.0,0.9868017756444746,0.8571786609380594,0.9356161305225567,27.08,27.08,100.0
Asher,Nolting,CAN,Attack,Attack,002024,41,2026_game_8,32.47674418604651,42.0,53.0,4.813953488372093,4.333333333333333,1.3488372093023255,0.6666666666666666,0.0,0.0,0.0,0.0,2.046511627906977,2.3333333333333335,0.16279069767441862,0.0,0.0,0.0,30.58139534883721,30.333333333333332,0.30931239303332325,0.4761904761904762,1754780400.0,0.16687808315715297,CHA,2026-ev-5,278.9583333333333,-0.10010570937723257,71.0,0.0,0.3333333333333333,0.0,0.0,1.0,1.0,1.0,1.0,1.0,0.8571786609380594,0.9356161305225567,27.08,27.08,100.0
Brian,Kelly,CAN,Attack,Attack,003195,5,2026_game_5,0.0,0.0,0.0,0.0,0.0,0.0,0.0,0.0,0.0,0.0,0.0,0.0,0.0,0.0,0.0,0.0,0.0,0.0,0.0,0.0,0.0,0.0,0.0,CHA,2026-ev-5,7.0,-0.10010570937723257,71.0,0.0,0.3333333333333333,0.0,0.0,1.0,1.0,1.0,1.0,1.0,1.0,0.9356161305225567,11.6,11.6,21.2
Brian,Kelly,CAN,Attack,Attack,003195,5,2026_game_8,0.0,0.0,0.0,0.0,0.0,0.0,0.0,0.0,0.0,0.0,0.0,0.0,0.0,0.0,0.0,0.0,0.0,0.0,0.0,0.0,0.0,0.0,0.0,CHA,2026-ev-5,7.0,-0.10010570937723257,71.0,0.0,0.3333333333333333,0.0,0.0,1.0,1.0,1.0,1.0,1.0438513562125697,1.0,0.9356161305225567,11.6,11.6,21.2
Coulter,Mackesy,CAN,Attack,Attack,003162,26,2026_game_5,25.25,23.333333333333332,-3.0,6.75,5.333333333333333,1.25,0.3333333333333333,0.0,0.0,0.0,0.0,0.625,0.3333333333333333,0.125,0.0,0.0,0.0,30.875,20.333333333333332,0.278422619047619,0.35555555555555557,1754780400.0,0.07713293650793657,CHA,2026-ev-5,278.9583333333333,-0.10010570937723257,71.0,0.0,0.3333333333333333,0.0,0.0,1.0,1.0,1.0,1.0,0.6810606607231396,1.0181518151815183,0.9356161305225567,24.93,24.93,99.6
Coulter,Mackesy,CAN,Attack,Attack,003162,28,2026_game_8,25.25,23.333333333333332,-3.0,6.75,5.333333333333333,1.25,0.3333333333333333,0.0,0.0,0.0,0.0,0.625,0.3333333333333333,0.125,0.0,0.0,0.0,30.875,20.333333333333332,0.278422619047619,0.35555555555555557,1754780400.0,0.07713293650793657,CHA,2026-ev-5,278.9583333333333,-0.10010570937723257,71.0,0.0,0.3333333333333333,0.0,0.0,1.0,1.0,1.0,0.9983498349834984,0.7930555991269739,1.0181518151815183,0.9356161305225567,24.93,24.93,99.6
Graydon,Hogg,CAN,Attack,Attack,003157,10,2026_game_5,10.333333333333334,10.333333333333334,-2.0,4.0,4.0,1.0,1.0,0.0,0.0,0.0,0.0,0.3333333333333333,0.3333333333333333,0.0,0.0,0.0,0.0,17.333333333333332,17.333333333333332,0.27777777777777773,0.27777777777777773,1750546800.0,0.0,CHA,2026-ev-5,327.9583333333333,-0.10010570937723257,71.0,0.0,0.3333333333333333,0.0,0.0,1.0,1.0,1.0,1.0,1.0,0.0,0.9356161305225567,14.26,14.26,36.8
Graydon,Hogg,CAN,Attack,Attack,003157,11,2026_game_8,10.333333333333334,10.333333333333334,-2.0,4.0,4.0,1.0,1.0,0.0,0.0,0.0,0.0,0.3333333333333333,0.3333333333333333,0.0,0.0,0.0,0.0,17.333333333333332,17.333333333333332,0.27777777777777773,0.27777777777777773,1750546800.0,0.0,CHA,2026-ev-5,327.9583333333333,-0.10010570937723257,71.0,0.0,0.3333333333333333,0.0,0.0,1.0,1.0,1.0,1.0,1.0,0.0,0.9356161305225567,14.26,14.26,36.8
Marcus,Holman,CAN,Attack,Attack,000216,28,2026_game_5,31.45945945945946,26.0,8.0,6.5,5.333333333333333,2.2837837837837838,2.3333333333333335,0.0,0.0,0.0,0.0,0.6621621621621622,0.3333333333333333,0.28378378378378377,0.3333333333333333,0.0,0.0,34.54005405405405,39.0,0.3096040596040596,0.2916666666666667,1754780400.0,-0.017937392937392937,CHA,2026-ev-5,278.9583333333333,-0.10010570937723257,71.0,0.0,0.3333333333333333,0.0,0.0,1.0,1.0,1.0,1.0,1.0159817351598175,0.9788564337533409,0.9356161305225567,33.81,33.81,100.0
Marcus,Holman,CAN,Attack,Attack,000216,31,2026_game_8,31.45945945945946,26.0,8.0,6.5,5.333333333333333,2.2837837837837838,2.3333333333333335,0.0,0.0,0.0,0.0,0.6621621621621622,0.3333333333333333,0.28378378378378377,0.3333333333333333,0.0,0.0,34.54005405405405,39.0,0.3096040596040596,0.2916666666666667,1754780400.0,-0.017937392937392937,CHA,2026-ev-5,278.9583333333333,-0.10010570937723257,71.0,0.0,0.3333333333333333,0.0,0.0,1.0,1.0,1.0,1.0,1.085875264846182,0.9788564337533409,0.9356161305225567,33.81,33.81,100.0
Matt,Licata,CAN,Attack,Attack,003227,5,2026_game_5,0.0,0.0,0.0,0.0,0.0,0.0,0.0,0.0,0.0,0.0,0.0,0.0,0.0,0.0,0.0,0.0,0.0,0.0,0.0,0.0,0.0,0.0,0.0,CHA,2026-ev-5,7.0,-0.10010570937723257,71.0,0.0,0.3333333333333333,0.0,0.0,1.0,1.0,1.0,1.0,1.0,1.0,0.9356161305225567,11.6,11.6,21.2
Matt,Licata,CAN,Attack,Attack,003227,5,2026_game_8,0.0,0.0,0.0,0.0,0.0,0.0,0.0,0.0,0.0,0.0,0.0,0.0,0.0,0.0,0.0,0.0,0.0,0.0,0.0,0.0,0.0,0.0,0.0,CHA,2026-ev-5,7.0,-0.10010570937723257,71.0,0.0,0.3333333333333333,0.0,0.0,1.0,1.0,1.0,1.0,1.0,1.0,0.9356161305225567,11.6,11.6,21.2
Tye,Kurtz,CAN,Attack,Attack,003017,5,2026_game_5,19.133333333333333,18.333333333333332,11.0,4.266666666666667,4.0,1.5333333333333334,1.3333333333333333,0.0,0.0,0.0,0.0,0.4666666666666667,0.6666666666666666,0.13333333333333333,0.0,0.0,0.0,21.866666666666667,22.666666666666668,0.29904761904761906,0.3333333333333333,1725751800.0,0.03428571428571425,CHA,2026-ev-5,614.9375,-0.10010570937723257,71.0,0.0,0.3333333333333333,0.0,0.0,1.0,1.0,1.0,1.0,1.0,1.0,0.9356161305225567,19.48,19.48,67.5
Tye,Kurtz,CAN,Attack,Attack,003017,5,2026_game_8,19.133333333333333,18.333333333333332,11.0,4.266666666666667,4.0,1.5333333333333334,1.3333333333333333,0.0,0.0,0.0,0.0,0.4666666666666667,0.6666666666666666,0.13333333333333333,0.0,0.0,0.0,21.866666666666667,22.666666666666668,0.29904761904761906,0.3333333333333333,1725751800.0,0.03428571428571425,CHA,2026-ev-5,614.9375,-0.10010570937723257,71.0,0.0,0.3333333333333333,0.0,0.0,1.0,1.0,1.0,1.0,1.0,1.0,0.9356161305225567,19.48,19.48,67.5
Connor,Shellenberger,ATL,Attack,Attack,003076,46,2026_game_6,40.63636363636363,39.666666666666664,29.0,4.5,2.3333333333333335,1.7727272727272727,2.3333333333333335,0.0,0.0,0.0,0.0,2.0,3.0,0.09090909090909091,0.0,0.0,0.0,34.90909090909091,32.0,0.41073232323232317,0.38888888888888884,1778293800.0,-0.02184343434343433,WHP,2026-ev-6,6.916666666666667,0.04479089015947013,142.0,0.3333333333333333,0.3333333333333333,0.0,0.0,1.0,1.0,1.0,0.9563758389261745,1.1980296003060178,0.9821029082774049,1.026663924031978,41.57,41.57,100.0
Jeff,Teat,ATL,Attack,Attack,001809,38,2026_game_6,45.44444444444444,53.0,71.0,5.981481481481482,8.0,1.962962962962963,1.6666666666666667,0.0,0.0,0.0,0.0,2.3703703703703702,3.0,0.2222222222222222,0.0,0.0,0.0,36.70074074074074,30.0,0.3521431243653466,0.20370370370370372,1757867400.0,-0.1484394206616429,WHP,2026-ev-6,243.33333333333334,0.04479089015947013,142.0,0.3333333333333333,0.3333333333333333,0.0,0.0,1.0,1.0,1.0,1.0,1.0,0.8836884387006638,1.026663924031978,36.1,36.1,100.0
Xander,Dickson,ATL,Attack,Attack,003010,36,2026_game_6,31.583333333333332,33.666666666666664,32.0,5.458333333333333,5.0,1.9583333333333333,1.0,0.0,0.0,0.0,0.0,0.3333333333333333,0.0,0.4583333333333333,0.6666666666666666,0.0,0.0,17.625,14.333333333333334,0.41135912698412697,0.6666666666666666,1778293800.0,0.25530753968253966,WHP,2026-ev-6,6.916666666666667,0.04479089015947013,142.0,0.3333333333333333,0.3333333333333333,0.0,0.0,1.0,1.0,1.0,1.0,1.0,1.0585305105853051,1.026663924031978,25.7,25.7,100.0
Aidan,Carroll,WHP,Attack,Attack,003165,41,2026_game_6,33.166666666666664,46.666666666666664,39.0,5.916666666666667,7.333333333333333,0.9166666666666666,2.3333333333333335,0.0,0.0,0.0,0.0,0.9166666666666666,1.3333333333333333,0.25,0.6666666666666666,0.0,0.0,31.75,38.666666666666664,0.3851521164021164,0.3544973544973544,1778358600.0,-0.030654761904761962,ATL,2026-ev-6,6.166666666666667,-0.04479089015947013,96.0,0.3333333333333333,0.3333333333333333,0.0,0.0,1.0,1.0,1.0,1.0,1.0,1.0760947595118449,1.1238845655251595,33.74,33.74,100.0
Fulton,Bayman,WHP,Attack,Attack,003223,5,2026_game_6,0.0,0.0,0.0,0.0,0.0,0.0,0.0,0.0,0.0,0.0,0.0,0.0,0.0,0.0,0.0,0.0,0.0,0.0,0.0,0.0,0.0,1778358600.0,0.0,ATL,2026-ev-6,6.166666666666667,-0.04479089015947013,96.0,0.3333333333333333,0.3333333333333333,0.0,0.0,1.0,1.0,1.0,1.0,1.0,1.0,1.1238845655251595,13.5,13.5,32.4
Matt,Rambo,WHP,Attack,Attack,000354,3,2026_game_6,24.880597014925375,2.0,-7.0,5.492537313432836,2.0,1.1492537313432836,1.3333333333333333,0.0,0.0,0.0,0.0,1.2686567164179106,0.6666666666666666,0.08955223880597014,0.0,0.0,0.0,26.661194029850744,14.666666666666666,0.2580813465141823,0.0,1778358600.0,-0.2580813465141823,ATL,2026-ev-6,6.166666666666667,-0.04479089015947013,96.0,0.3333333333333333,0.3333333333333333,0.0,0.0,1.0,1.0,1.0,1.0,1.0,1.053036451533223,1.1238845655251595,21.23,21.23,77.8
Rob,Pannell,WHP,Attack,Attack,000414,29,2026_game_6,31.5,42.0,41.0,6.379310344827586,5.666666666666667,1.8103448275862069,0.6666666666666666,0.0,0.0,0.0,0.0,1.7758620689655173,2.0,0.27586206896551724,0.6666666666666666,0.0,0.0,36.84858620689655,28.0,0.23342974075732695,0.31666666666666665,1778358600.0,0.0832369259093397,ATL,2026-ev-6,6.166666666666667,-0.04479089015947013,96.0,0.3333333333333333,0.3333333333333333,0.0,0.0,1.0,1.0,1.0,1.0,1.071386978221796,0.9695767195767195,1.1238845655251595,28.41,28.41,100.0
TJ,Malone,WHP,Attack,Attack,003048,32,2026_game_6,36.0,21.333333333333332,27.0,6.72,5.333333333333333,1.72,2.0,0.0,0.0,0.0,0.0,1.68,0.6666666666666666,0.16,0.0,0.0,0.0,31.12,25.666666666666668,0.27624242424242423,0.32222222222222224,1778358600.0,0.04597979797979801,ATL,2026-ev-6,6.166666666666667,-0.04479089015947013,96.0,0.3333333333333333,0.3333333333333333,0.0,0.0,1.0,1.0,1.0,1.0,1.0896368082560577,1.0833333333333333,1.1238845655251595,27.79,27.79,100.0
Truitt,Sunderland,WHP,Attack,Attack,003261,7,2026_game_6,0.0,0.0,0.0,0.0,0.0,0.0,0.0,0.0,0.0,0.0,0.0,0.0,0.0,0.0,0.0,0.0,0.0,0.0,0.0,0.0,0.0,0.0,0.0,ATL,2026-ev-6,7.0,-0.04479089015947013,96.0,0.3333333333333333,0.3333333333333333,0.0,0.0,1.0,1.0,1.0,1.0,1.0,1.0,1.1238845655251595,13.5,13.5,32.4
Brayden,Mayea,RED,Attack,Attack,003121,12,2026_game_7,2.25,5.0,12.0,3.75,3.3333333333333335,1.0,1.3333333333333333,0.0,0.0,0.0,0.0,0.0,0.0,0.0,0.0,0.0,0.0,16.0,17.333333333333332,0.14583333333333331,0.19444444444444442,1778284800.0,0.048611111111111105,OUT,2026-ev-7,7.708333333333333,0.05133693642440629,91.33333333333333,0.2777777777777778,0.4444444444444444,0.0,0.0,1.0,1.0,1.0,1.0,1.124865584882568,1.0,0.8719802287169593,16.56,16.56,50.4
Chris,Kavanagh,RED,Attack,Attack,003168,24,2026_game_7,40.416666666666664,43.0,18.0,7.833333333333333,7.666666666666667,2.0,0.6666666666666666,0.0,0.0,0.0,0.0,1.0833333333333333,1.0,0.4166666666666667,0.3333333333333333,0.0,0.0,37.833333333333336,32.0,0.30256132756132753,0.34920634920634913,1756753200.0,0.0466450216450216,OUT,2026-ev-7,256.9166666666667,0.05133693642440629,91.33333333333333,0.2777777777777778,0.4444444444444444,0.0,0.0,1.0,1.0,1.0,1.0,1.0,0.9497422680412371,0.8719802287169593,28.06,28.06,100.0
Dylan,Molloy,RED,Attack,Attack,001001,27,2026_game_7,27.25925925925926,26.333333333333332,34.0,6.925925925925926,7.333333333333333,1.5925925925925926,1.6666666666666667,0.0,0.0,0.0,0.0,0.8148148148148148,0.6666666666666666,0.2222222222222222,0.3333333333333333,0.0,0.0,30.895777777777774,21.666666666666668,0.29189246967024746,0.2724867724867725,1778284800.0,-0.019405697183474957,OUT,2026-ev-7,7.708333333333333,0.05133693642440629,91.33333333333333,0.2777777777777778,0.4444444444444444,0.0,0.0,1.0,1.0,1.0,1.0,0.8296165816600108,1.1602684144818975,0.8719802287169593,29.68,29.68,100.0
Michael,Boehm,RED,Attack,Attack,003104,26,2026_game_7,24.0,24.0,54.0,2.6666666666666665,2.6666666666666665,2.0,2.0,0.0,0.0,0.0,0.0,1.3333333333333333,1.3333333333333333,0.0,0.0,0.0,0.0,30.666666666666668,30.666666666666668,0.25,0.25,1778284800.0,0.0,OUT,2026-ev-7,7.708333333333333,0.05133693642440629,91.33333333333333,0.2777777777777778,0.4444444444444444,0.0,0.0,1.0,1.0,1.0,1.0,1.0287988456118824,0.8402777777777778,0.8719802287169593,24.34,24.34,96.1
Ryder,Garnsey,RED,Attack,Attack,000373,12,2026_game_7,24.013698630136986,18.0,-6.0,5.260273972602739,4.0,1.5068493150684932,0.3333333333333333,0.0,0.0,0.0,0.0,0.8493150684931506,1.0,0.1506849315068493,0.0,0.0,0.0,30.011945205479456,27.0,0.3079750538654648,0.16666666666666666,1756753200.0,-0.14130838719879815,OUT,2026-ev-7,256.9166666666667,0.05133693642440629,91.33333333333333,0.2777777777777778,0.4444444444444444,0.0,0.0,1.0,1.0,1.0,1.0,1.0,0.7290359383913292,0.8719802287169593,15.3,15.3,42.9
Wes,Berg,RED,Attack,Attack,000385,4,2026_game_7,16.695652173913043,7.666666666666667,7.0,3.0869565217391304,4.333333333333333,1.0434782608695652,0.6666666666666666,0.0,0.0,0.0,0.0,0.2608695652173913,0.0,0.13043478260869565,0.0,0.0,0.0,17.47178260869565,12.0,0.38762939958592135,0.2888888888888889,1723852800.0,-0.09874051069703244,OUT,2026-ev-7,637.7083333333334,0.05133693642440629,91.33333333333333,0.2777777777777778,0.4444444444444444,0.0,0.0,1.0,1.0,1.0,1.0,1.0,0.9453125,0.8719802287169593,14.17,14.17,36.3
Xavier,Arline,RED,Attack,Attack,003230,4,2026_game_7,0.0,0.0,0.0,0.0,0.0,0.0,0.0,0.0,0.0,0.0,0.0,0.0,0.0,0.0,0.0,0.0,0.0,0.0,0.0,0.0,0.0,1778284800.0,0.0,OUT,2026-ev-7,7.708333333333333,0.05133693642440629,91.33333333333333,0.2777777777777778,0.4444444444444444,0.0,0.0,1.0,1.0,1.0,1.0,1.0,1.0,0.8719802287169593,12.0,12.0,23.5
Bobby,O'Grady,OUT,Attack,Attack,003247,5,2026_game_7,0.0,0.0,0.0,0.0,0.0,0.0,0.0,0.0,0.0,0.0,0.0,0.0,0.0,0.0,0.0,0.0,0.0,0.0,0.0,0.0,0.0,1778367600.0,0.0,RED,2026-ev-7,6.75,-0.05133693642440629,90.33333333333333,0.2777777777777778,0.2222222222222222,0.0,0.0,1.0,1.0,1.0,1.0,1.0,1.0,1.0722242345433721,13.65,13.65,33.2
Brennan,O'Neill,OUT,Attack,Attack,003075,40,2026_game_7,31.375,35.0,21.0,8.916666666666666,12.0,1.4583333333333333,0.6666666666666666,0.0,0.0,0.0,0.0,0.75,0.6666666666666666,0.041666666666666664,0.0,0.0,0.0,33.75,36.0,0.23971294908794913,0.22125097125097126,1778367600.0,-0.018461977836977866,RED,2026-ev-7,6.75,-0.05133693642440629,90.33333333333333,0.2777777777777778,0.2222222222222222,0.0,0.0,1.0,1.0,1.0,1.1467463479415672,0.8464656959114388,1.0832669322709163,1.0722242345433721,27.91,27.91,100.0
Logan,Wisnauskas,OUT,Attack,Attack,002015,17,2026_game_7,24.38235294117647,13.0,20.0,5.470588235294118,3.3333333333333335,1.2647058823529411,0.6666666666666666,0.0,0.0,0.0,0.0,0.8235294117647058,0.3333333333333333,0.08823529411764706,0.0,0.0,0.0,29.41176470588235,22.666666666666668,0.2823879551820728,0.3055555555555555,1778367600.0,0.0231676003734827,RED,2026-ev-7,6.75,-0.05133693642440629,90.33333333333333,0.2777777777777778,0.2222222222222222,0.0,0.0,1.0,1.0,1.0,0.8333333333333334,0.9036527129322429,0.9684861278648975,1.0722242345433721,23.14,23.14,89.1
Pat,Kavanagh,OUT,Attack,Attack,003080,24,2026_game_7,30.68421052631579,23.0,38.0,7.315789473684211,7.666666666666667,1.5789473684210527,2.6666666666666665,0.0,0.0,0.0,0.0,1.263157894736842,1.3333333333333333,0.2631578947368421,0.0,0.0,0.0,35.421052631578945,33.666666666666664,0.24380458722563986,0.16666666666666666,1757867400.0,-0.0771379205589732,RED,2026-ev-7,244.02083333333334,-0.05133693642440629,90.33333333333333,0.2777777777777778,0.2222222222222222,0.0,0.0,1.0,1.0,1.0,1.0,1.0,1.2116209262435678,1.0722242345433721,31.76,31.76,100.0
CJ,Kirst,WAT,Attack,Attack,003159,15,2026_game_8,39.0,55.333333333333336,30.0,7.833333333333333,8.333333333333334,2.0,3.3333333333333335,0.0,0.0,0.0,0.0,1.0,1.6666666666666667,0.16666666666666666,0.3333333333333333,0.0,0.0,29.166666666666668,34.666666666666664,0.3134259259259259,0.39999999999999997,1756742400.0,0.08657407407407408,CAN,2026-ev-8,257.3333333333333,0.06338512938395086,124.66666666666667,0.3333333333333333,0.0,0.0,0.0,1.0,1.0,1.0,1.0,1.0,1.1153846153846154,1.0785818659481237,25.02,25.02,100.0
Jake,Taylor,WAT,Attack,Attack,003167,17,2026_game_8,15.4,9.666666666666666,24.0,3.6,2.6666666666666665,1.6,1.6666666666666667,0.0,0.0,0.0,0.0,0.4,0.3333333333333333,0.0,0.0,0.0,0.0,9.9,8.666666666666666,0.29,0.19444444444444442,1778358600.0,-0.09555555555555556,CAN,2026-ev-8,7.145833333333333,0.06338512938395086,124.66666666666667,0.3333333333333333,0.0,0.0,0.0,1.0,1.0,1.0,1.0,1.0,0.8998144712430427,1.0785818659481237,13.12,13.12,30.1
Kieran,McArdle,WAT,Attack,Attack,000240,33,2026_game_8,31.39189189189189,35.333333333333336,24.0,6.0675675675675675,7.666666666666667,1.3513513513513513,1.0,0.0,0.0,0.0,0.0,1.4864864864864864,1.3333333333333333,0.08108108108108109,0.0,0.0,0.0,31.34610810810811,30.333333333333332,0.30844204594204594,0.20952380952380953,1778358600.0,-0.09891823641823641,CAN,2026-ev-8,7.145833333333333,0.06338512938395086,124.66666666666667,0.3333333333333333,0.0,0.0,0.0,1.0,1.0,1.0,1.0,1.0,1.123346247668245,1.0785818659481237,32.14,32.14,100.0
Michael,Lampert,WAT,Attack,Attack,003209,3,2026_game_8,-0.5,-2.0,0.0,1.0,1.0,0.0,0.0,0.0,0.0,0.0,0.0,0.25,0.0,0.0,0.0,0.0,0.0,6.75,6.333333333333333,0.0,0.0,1778358600.0,0.0,CAN,2026-ev-8,7.145833333333333,0.06338512938395086,124.66666666666667,0.3333333333333333,0.0,0.0,0.0,1.0,1.0,1.0,1.0,1.0,1.0,1.0785818659481237,12.58,12.58,26.9
Michael,Sowers,WAT,Attack,Attack,001810,50,2026_game_8,35.98,51.666666666666664,51.0,6.58,5.333333333333333,0.82,0.6666666666666666,0.0,0.0,0.0,0.0,1.74,2.0,0.02,0.0,0.0,0.0,31.29328,26.0,0.3258968253968254,0.6805555555555555,1778358600.0,0.35465873015873006,CAN,2026-ev-8,7.145833333333333,0.06338512938395086,124.66666666666667,0.3333333333333333,0.0,0.0,0.0,1.0,1.0,1.0,1.0047248471372985,0.9795118911185543,1.2405701580242994,1.0785818659481237,31.02,31.02,100.0
Zed,Williams,WAT,Attack,Attack,000419,16,2026_game_8,29.959183673469386,8.666666666666666,15.0,8.26530612244898,6.333333333333333,1.7346938775510203,1.3333333333333333,0.0,0.0,0.0,0.0,0.5510204081632653,0.0,0.20408163265306123,0.3333333333333333,0.0,0.0,28.853346938775505,18.666666666666668,0.2745962654125919,0.10000000000000002,1778358600.0,-0.17459626541259188,CAN,2026-ev-8,7.145833333333333,0.06338512938395086,124.66666666666667,0.3333333333333333,0.0,0.0,0.0,1.0,1.0,1.0,1.0,1.0,0.9673024523160764,1.0785818659481237,20.26,20.26,72.1
Asher,Nolting,CAN,Attack,Attack,002024,39,2026_game_5,32.47674418604651,42.0,53.0,4.813953488372093,4.333333333333333,1.3488372093023255,0.6666666666666666,0.0,0.0,0.0,0.0,2.046511627906977,2.3333333333333335,0.16279069767441862,0.0,0.0,0.0,30.58139534883721,30.333333333333332,0.30931239303332325,0.4761904761904762,1754780400.0,0.16687808315715297,WAT,2026-ev-8,280.0416666666667,-0.06338512938395086,136.0,0.0,0.2222222222222222,0.0,0.0,1.0,1.0,1.0,1.0,0.9868017756444746,0.7825332562174668,1.0333340611399637,27.35,27.35,100.0
Asher,Nolting,CAN,Attack,Attack,002024,41,2026_game_8,32.47674418604651,42.0,53.0,4.813953488372093,4.333333333333333,1.3488372093023255,0.6666666666666666,0.0,0.0,0.0,0.0,2.046511627906977,2.3333333333333335,0.16279069767441862,0.0,0.0,0.0,30.58139534883721,30.333333333333332,0.30931239303332325,0.4761904761904762,1754780400.0,0.16687808315715297,WAT,2026-ev-8,280.0416666666667,-0.06338512938395086,136.0,0.0,0.2222222222222222,0.0,0.0,1.0,1.0,1.0,1.0,1.0,0.7825332562174668,1.0333340611399637,27.35,27.35,100.0
Brian,Kelly,CAN,Attack,Attack,003195,5,2026_game_5,0.0,0.0,0.0,0.0,0.0,0.0,0.0,0.0,0.0,0.0,0.0,0.0,0.0,0.0,0.0,0.0,0.0,0.0,0.0,0.0,0.0,0.0,0.0,WAT,2026-ev-8,7.0,-0.06338512938395086,136.0,0.0,0.2222222222222222,0.0,0.0,1.0,1.0,1.0,1.0,1.0,1.0,1.0333340611399637,14.58,14.58,38.7
Brian,Kelly,CAN,Attack,Attack,003195,5,2026_game_8,0.0,0.0,0.0,0.0,0.0,0.0,0.0,0.0,0.0,0.0,0.0,0.0,0.0,0.0,0.0,0.0,0.0,0.0,0.0,0.0,0.0,0.0,0.0,WAT,2026-ev-8,7.0,-0.06338512938395086,136.0,0.0,0.2222222222222222,0.0,0.0,1.0,1.0,1.0,1.0,1.0438513562125697,1.0,1.0333340611399637,14.58,14.58,38.7
Coulter,Mackesy,CAN,Attack,Attack,003162,26,2026_game_5,25.25,23.333333333333332,-3.0,6.75,5.333333333333333,1.25,0.3333333333333333,0.0,0.0,0.0,0.0,0.625,0.3333333333333333,0.125,0.0,0.0,0.0,30.875,20.333333333333332,0.278422619047619,0.35555555555555557,1754780400.0,0.07713293650793657,WAT,2026-ev-8,280.0416666666667,-0.06338512938395086,136.0,0.0,0.2222222222222222,0.0,0.0,1.0,1.0,1.0,1.0,0.6810606607231396,1.0537482319660538,1.0333340611399637,25.75,25.75,100.0
Coulter,Mackesy,CAN,Attack,Attack,003162,28,2026_game_8,25.25,23.333333333333332,-3.0,6.75,5.333333333333333,1.25,0.3333333333333333,0.0,0.0,0.0,0.0,0.625,0.3333333333333333,0.125,0.0,0.0,0.0,30.875,20.333333333333332,0.278422619047619,0.35555555555555557,1754780400.0,0.07713293650793657,WAT,2026-ev-8,280.0416666666667,-0.06338512938395086,136.0,0.0,0.2222222222222222,0.0,0.0,1.0,1.0,1.0,0.9983498349834984,0.7930555991269739,1.0537482319660538,1.0333340611399637,25.75,25.75,100.0
Graydon,Hogg,CAN,Attack,Attack,003157,10,2026_game_5,10.333333333333334,10.333333333333334,-2.0,4.0,4.0,1.0,1.0,0.0,0.0,0.0,0.0,0.3333333333333333,0.3333333333333333,0.0,0.0,0.0,0.0,17.333333333333332,17.333333333333332,0.27777777777777773,0.27777777777777773,1750546800.0,0.0,WAT,2026-ev-8,329.0416666666667,-0.06338512938395086,136.0,0.0,0.2222222222222222,0.0,0.0,1.0,1.0,1.0,1.0,1.0,0.913978494623656,1.0333340611399637,18.44,18.44,61.4
Graydon,Hogg,CAN,Attack,Attack,003157,11,2026_game_8,10.333333333333334,10.333333333333334,-2.0,4.0,4.0,1.0,1.0,0.0,0.0,0.0,0.0,0.3333333333333333,0.3333333333333333,0.0,0.0,0.0,0.0,17.333333333333332,17.333333333333332,0.27777777777777773,0.27777777777777773,1750546800.0,0.0,WAT,2026-ev-8,329.0416666666667,-0.06338512938395086,136.0,0.0,0.2222222222222222,0.0,0.0,1.0,1.0,1.0,1.0,1.0,0.913978494623656,1.0333340611399637,18.44,18.44,61.4
Marcus,Holman,CAN,Attack,Attack,000216,28,2026_game_5,31.45945945945946,26.0,8.0,6.5,5.333333333333333,2.2837837837837838,2.3333333333333335,0.0,0.0,0.0,0.0,0.6621621621621622,0.3333333333333333,0.28378378378378377,0.3333333333333333,0.0,0.0,34.54005405405405,39.0,0.3096040596040596,0.2916666666666667,1754780400.0,-0.017937392937392937,WAT,2026-ev-8,280.0416666666667,-0.06338512938395086,136.0,0.0,0.2222222222222222,0.0,0.0,1.0,1.0,1.0,1.0,1.0159817351598175,0.8838978890525282,1.0333340611399637,35.04,35.04,100.0
Marcus,Holman,CAN,Attack,Attack,000216,31,2026_game_8,31.45945945945946,26.0,8.0,6.5,5.333333333333333,2.2837837837837838,2.3333333333333335,0.0,0.0,0.0,0.0,0.6621621621621622,0.3333333333333333,0.28378378378378377,0.3333333333333333,0.0,0.0,34.54005405405405,39.0,0.3096040596040596,0.2916666666666667,1754780400.0,-0.017937392937392937,WAT,2026-ev-8,280.0416666666667,-0.06338512938395086,136.0,0.0,0.2222222222222222,0.0,0.0,1.0,1.0,1.0,1.0,1.085875264846182,0.8838978890525282,1.0333340611399637,35.04,35.04,100.0
Matt,Licata,CAN,Attack,Attack,003227,5,2026_game_5,0.0,0.0,0.0,0.0,0.0,0.0,0.0,0.0,0.0,0.0,0.0,0.0,0.0,0.0,0.0,0.0,0.0,0.0,0.0,0.0,0.0,0.0,0.0,WAT,2026-ev-8,7.0,-0.06338512938395086,136.0,0.0,0.2222222222222222,0.0,0.0,1.0,1.0,1.0,1.0,1.0,1.0,1.0333340611399637,14.58,14.58,38.7
Matt,Licata,CAN,Attack,Attack,003227,5,2026_game_8,0.0,0.0,0.0,0.0,0.0,0.0,0.0,0.0,0.0,0.0,0.0,0.0,0.0,0.0,0.0,0.0,0.0,0.0,0.0,0.0,0.0,0.0,0.0,WAT,2026-ev-8,7.0,-0.06338512938395086,136.0,0.0,0.2222222222222222,0.0,0.0,1.0,1.0,1.0,1.0,1.0,1.0,1.0333340611399637,14.58,14.58,38.7
Tye,Kurtz,CAN,Attack,Attack,003017,5,2026_game_5,19.133333333333333,18.333333333333332,11.0,4.266666666666667,4.0,1.5333333333333334,1.3333333333333333,0.0,0.0,0.0,0.0,0.4666666666666667,0.6666666666666666,0.13333333333333333,0.0,0.0,0.0,21.866666666666667,22.666666666666668,0.29904761904761906,0.3333333333333333,1725751800.0,0.03428571428571425,WAT,2026-ev-8,616.0208333333334,-0.06338512938395086,136.0,0.0,0.2222222222222222,0.0,0.0,1.0,1.0,1.0,1.0,1.0,0.9988385598141696,1.0333340611399637,25.25,25.25,100.0
Tye,Kurtz,CAN,Attack,Attack,003017,5,2026_game_8,19.133333333333333,18.333333333333332,11.0,4.266666666666667,4.0,1.5333333333333334,1.3333333333333333,0.0,0.0,0.0,0.0,0.4666666666666667,0.6666666666666666,0.13333333333333333,0.0,0.0,0.0,21.866666666666667,22.666666666666668,0.29904761904761906,0.3333333333333333,1725751800.0,0.03428571428571425,WAT,2026-ev-8,616.0208333333334,-0.06338512938395086,136.0,0.0,0.2222222222222222,0.0,0.0,1.0,1.0,1.0,1.0,1.0,0.9988385598141696,1.0333340611399637,25.25,25.25,100.0
Calder,Gallagher,CHA,Midfield,Midfield,003234,5,2026_game_5,0.0,0.0,0.0,0.0,0.0,0.0,0.0,0.0,0.0,0.0,0.0,0.0,0.0,0.0,0.0,0.0,0.0,0.0,0.0,0.0,0.0,1778293800.0,0.0,CAN,2026-ev-5,6.8125,0.10010570937723257,88.76666666666667,0.3888888888888889,0.0,0.0,0.0,1.0,1.0,1.0,1.0,1.0,1.0,0.9498712506690482,7.22,7.22,0.0
Charlie,Bertrand,CHA,Midfield,Midfield,001832,5,2026_game_5,14.3125,13.666666666666666,1.0,4.166666666666667,3.3333333333333335,0.5833333333333334,1.3333333333333333,0.0,0.0,0.0,0.0,0.2708333333333333,0.3333333333333333,0.0625,0.0,0.0,0.0,18.954083333333333,13.0,0.28601190476190474,0.2888888888888889,1756753200.0,0.0028769841269841723,CAN,2026-ev-5,256.125,0.10010570937723257,88.76666666666667,0.3888888888888889,0.0,0.0,0.0,1.0,1.0,1.0,1.0,1.0,1.191703056768559,0.9498712506690482,10.66,10.66,15.6
Chris,Aslanian,CHA,Midfield,Midfield,001729,14,2026_game_5,16.0,8.0,20.0,4.25,3.0,0.32142857142857145,0.0,0.0,0.0,0.0,0.0,0.4642857142857143,0.3333333333333333,0.07142857142857142,0.0,0.0,0.0,21.178571428571427,21.333333333333332,0.2204081632653061,0.1111111111111111,1778293800.0,-0.109297052154195,CAN,2026-ev-5,6.8125,0.10010570937723257,88.76666666666667,0.3888888888888889,0.0,0.0,0.0,1.0,1.0,1.0,1.0,1.0,0.0,0.9498712506690482,14.25,14.25,36.8
Cole,Williams,CHA,Midfield,Midfield,001843,10,2026_game_5,8.25,0.6666666666666666,10.0,2.5,2.6666666666666665,0.375,0.0,0.0,0.0,0.0,0.0,0.25,0.0,0.0,0.0,0.0,0.0,13.75,12.333333333333334,0.32291666666666663,0.27777777777777773,1755995400.0,-0.045138888888888895,CAN,2026-ev-5,264.8958333333333,0.10010570937723257,88.76666666666667,0.3888888888888889,0.0,0.0,0.0,1.0,1.0,1.0,1.0,1.0,1.2171717171717171,0.9498712506690482,9.56,9.56,9.2
JJ,Sillstrop,CHA,Midfield,Midfield,003149,6,2026_game_5,7.6,-0.3333333333333333,0.0,2.2,1.3333333333333333,0.3,0.6666666666666666,0.0,0.0,0.0,0.0,0.3,0.0,0.2,0.0,0.0,0.0,14.1,9.333333333333334,0.13666666666666666,0.0,1754701200.0,-0.13666666666666666,CAN,2026-ev-5,279.875,0.10010570937723257,88.76666666666667,0.3888888888888889,0.0,0.0,0.0,1.0,1.0,1.0,1.0,1.0,0.8552631578947368,0.9498712506690482,10.11,10.11,12.4
Ross,Scott,CHA,Midfield,Midfield,003093,16,2026_game_5,16.666666666666668,5.0,17.0,3.8333333333333335,3.6666666666666665,0.9166666666666666,1.3333333333333333,0.0,0.0,0.0,0.0,0.6666666666666666,0.0,0.0,0.0,0.0,0.0,24.166666666666668,22.0,0.26805555555555555,0.1111111111111111,1778293800.0,-0.15694444444444444,CAN,2026-ev-5,6.8125,0.10010570937723257,88.76666666666667,0.3888888888888889,0.0,0.0,0.0,1.0,1.0,1.0,1.0,1.0,1.0767045454545454,0.9498712506690482,18.08,18.08,59.3
Shane,Knobloch,CHA,Midfield,Midfield,003078,23,2026_game_5,14.5,28.0,7.0,5.055555555555555,7.666666666666667,0.8333333333333334,0.0,0.0,0.0,0.0,0.0,0.3888888888888889,0.3333333333333333,0.0,0.0,0.0,0.0,21.5,28.333333333333332,0.23796296296296301,0.29166666666666663,1778293800.0,0.053703703703703615,CAN,2026-ev-5,6.8125,0.10010570937723257,88.76666666666667,0.3888888888888889,0.0,0.0,0.0,1.0,1.0,1.0,1.0,1.0,0.7629310344827587,0.9498712506690482,16.21,16.21,48.3
Alexander,Vardaro,CAN,Midfield,Midfield,003088,9,2026_game_5,8.916666666666666,9.666666666666666,2.0,3.25,3.3333333333333335,0.3333333333333333,0.3333333333333333,0.0,0.0,0.0,0.0,0.25,1.0,0.0,0.0,0.0,0.0,14.416666666666666,17.333333333333332,0.2625,0.08333333333333333,1752274800.0,-0.1791666666666667,CHA,2026-ev-5,307.9583333333333,-0.10010570937723257,50.166666666666664,0.0,0.3333333333333333,0.0,0.0,1.0,1.0,1.0,1.0,1.0,1.0595794392523366,1.0020694764251357,13.71,13.71,33.6
Alexander,Vardaro,CAN,Midfield,Midfield,003088,9,2026_game_8,8.916666666666666,9.666666666666666,2.0,3.25,3.3333333333333335,0.3333333333333333,0.3333333333333333,0.0,0.0,0.0,0.0,0.25,1.0,0.0,0.0,0.0,0.0,14.416666666666666,17.333333333333332,0.2625,0.08333333333333333,1752274800.0,-0.1791666666666667,CHA,2026-ev-5,307.9583333333333,-0.10010570937723257,50.166666666666664,0.0,0.3333333333333333,0.0,0.0,1.0,1.0,1.0,1.0,1.0,1.0595794392523366,1.0020694764251357,13.71,13.71,33.6
Connor,Kirst,CAN,Midfield,Midfield,001815,7,2026_game_5,9.962068965517243,2.466666666666667,2.1,3.0,2.0,1.0344827586206897,2.3333333333333335,0.0,0.0,0.4482758620689655,1.0,0.13793103448275862,0.0,0.10344827586206896,0.0,0.2634920634920635,0.24444444444444446,12.730689655172414,7.666666666666667,0.25708812260536396,0.1111111111111111,1754780400.0,-0.14597701149425285,CHA,2026-ev-5,278.9583333333333,-0.10010570937723257,50.166666666666664,0.0,0.3333333333333333,0.0,0.0,1.0,1.0,1.0,1.0,1.0,0.7525072330267135,1.0020694764251357,9.13,9.13,6.6
Connor,Kirst,CAN,Midfield,Midfield,001815,8,2026_game_8,9.962068965517243,2.466666666666667,2.1,3.0,2.0,1.0344827586206897,2.3333333333333335,0.0,0.0,0.4482758620689655,1.0,0.13793103448275862,0.0,0.10344827586206896,0.0,0.2634920634920635,0.24444444444444446,12.730689655172414,7.666666666666667,0.25708812260536396,0.1111111111111111,1754780400.0,-0.14597701149425285,CHA,2026-ev-5,278.9583333333333,-0.10010570937723257,50.166666666666664,0.0,0.3333333333333333,0.0,0.0,1.0,1.0,1.0,1.0,1.0,0.7525072330267135,1.0020694764251357,9.13,9.13,6.6
Logan,Ip,CAN,Midfield,Midfield,003249,4,2026_game_5,0.0,0.0,0.0,0.0,0.0,0.0,0.0,0.0,0.0,0.0,0.0,0.0,0.0,0.0,0.0,0.0,0.0,0.0,0.0,0.0,0.0,0.0,0.0,CHA,2026-ev-5,7.0,-0.10010570937723257,50.166666666666664,0.0,0.3333333333333333,0.0,0.0,1.0,1.0,1.0,1.0,1.0,1.0,1.0020694764251357,8.17,8.17,1.0
Logan,Ip,CAN,Midfield,Midfield,003249,5,2026_game_8,0.0,0.0,0.0,0.0,0.0,0.0,0.0,0.0,0.0,0.0,0.0,0.0,0.0,0.0,0.0,0.0,0.0,0.0,0.0,0.0,0.0,0.0,0.0,CHA,2026-ev-5,7.0,-0.10010570937723257,50.166666666666664,0.0,0.3333333333333333,0.0,0.0,1.0,1.0,1.0,1.0,1.0,1.0,1.0020694764251357,8.17,8.17,1.0
Matt,Campbell,CAN,Midfield,Midfield,003013,27,2026_game_5,20.78787878787879,22.666666666666668,19.0,5.242424242424242,5.666666666666667,0.8787878787878788,1.0,0.0,0.0,0.0,0.0,0.5454545454545454,1.3333333333333333,0.030303030303030304,0.0,0.0,0.0,25.060606060606062,33.666666666666664,0.2905483405483405,0.22857142857142856,1754780400.0,-0.061976911976911936,CHA,2026-ev-5,278.9583333333333,-0.10010570937723257,50.166666666666664,0.0,0.3333333333333333,0.0,0.0,1.0,1.0,1.0,1.0,1.0,0.9617751862649822,1.0020694764251357,19.24,19.24,66.1
Matt,Campbell,CAN,Midfield,Midfield,003013,29,2026_game_8,20.78787878787879,22.666666666666668,19.0,5.242424242424242,5.666666666666667,0.8787878787878788,1.0,0.0,0.0,0.0,0.0,0.5454545454545454,1.3333333333333333,0.030303030303030304,0.0,0.0,0.0,25.060606060606062,33.666666666666664,0.2905483405483405,0.22857142857142856,1754780400.0,-0.061976911976911936,CHA,2026-ev-5,278.9583333333333,-0.10010570937723257,50.166666666666664,0.0,0.3333333333333333,0.0,0.0,1.0,1.0,1.0,1.0,1.0,0.9617751862649822,1.0020694764251357,19.24,19.24,66.1
Mic,Kelly,CAN,Midfield,Midfield,003170,9,2026_game_5,9.0,2.6666666666666665,-8.0,4.8,5.666666666666667,0.6,1.0,0.0,0.0,0.0,0.0,0.4,0.3333333333333333,0.2,0.0,0.0,0.0,19.4,20.666666666666668,0.14523809523809522,0.047619047619047616,1752951600.0,-0.0976190476190476,CHA,2026-ev-5,300.125,-0.10010570937723257,50.166666666666664,0.0,0.3333333333333333,0.0,0.0,1.0,1.0,1.0,1.0,1.0,1.0370370370370372,1.0020694764251357,17.2,17.2,54.1
Mic,Kelly,CAN,Midfield,Midfield,003170,9,2026_game_8,9.0,2.6666666666666665,-8.0,4.8,5.666666666666667,0.6,1.0,0.0,0.0,0.0,0.0,0.4,0.3333333333333333,0.2,0.0,0.0,0.0,19.4,20.666666666666668,0.14523809523809522,0.047619047619047616,1752951600.0,-0.0976190476190476,CHA,2026-ev-5,300.125,-0.10010570937723257,50.166666666666664,0.0,0.3333333333333333,0.0,0.0,1.0,1.0,1.0,1.0,1.0,1.0370370370370372,1.0020694764251357,17.2,17.2,54.1
Mikey,Weisshaar,CAN,Midfield,Midfield,003267,13,2026_game_5,0.0,0.0,0.0,0.0,0.0,0.0,0.0,0.0,0.0,0.0,0.0,0.0,0.0,0.0,0.0,0.0,0.0,0.0,0.0,0.0,0.0,0.0,0.0,CHA,2026-ev-5,7.0,-0.10010570937723257,50.166666666666664,0.0,0.3333333333333333,0.0,0.0,1.0,1.0,1.0,1.0,1.0,1.0,1.0020694764251357,8.17,8.17,1.0
Mikey,Weisshaar,CAN,Midfield,Midfield,003267,13,2026_game_8,0.0,0.0,0.0,0.0,0.0,0.0,0.0,0.0,0.0,0.0,0.0,0.0,0.0,0.0,0.0,0.0,0.0,0.0,0.0,0.0,0.0,0.0,0.0,CHA,2026-ev-5,7.0,-0.10010570937723257,50.166666666666664,0.0,0.3333333333333333,0.0,0.0,1.0,1.0,1.0,1.0,1.0,1.0,1.0020694764251357,8.17,8.17,1.0
Ryan,Drenner,CAN,Midfield,Midfield,000358,22,2026_game_5,19.906976744186046,17.0,7.0,4.186046511627907,4.0,0.7209302325581395,0.0,0.0,0.0,0.0,0.0,0.3488372093023256,0.3333333333333333,0.09302325581395349,0.3333333333333333,0.0,0.0,23.58139534883721,23.0,0.36044665928386854,0.3444444444444444,1754780400.0,-0.016002214839424156,CHA,2026-ev-5,278.9583333333333,-0.10010570937723257,50.166666666666664,0.0,0.3333333333333333,0.0,0.0,1.0,1.0,1.0,1.0,1.0,0.9669540229885056,1.0020694764251357,20.89,20.89,75.8
Ryan,Drenner,CAN,Midfield,Midfield,000358,23,2026_game_8,19.906976744186046,17.0,7.0,4.186046511627907,4.0,0.7209302325581395,0.0,0.0,0.0,0.0,0.0,0.3488372093023256,0.3333333333333333,0.09302325581395349,0.3333333333333333,0.0,0.0,23.58139534883721,23.0,0.36044665928386854,0.3444444444444444,1754780400.0,-0.016002214839424156,CHA,2026-ev-5,278.9583333333333,-0.10010570937723257,50.166666666666664,0.0,0.3333333333333333,0.0,0.0,1.0,1.0,1.0,1.0,1.0,0.9669540229885056,1.0020694764251357,20.89,20.89,75.8
Aidan,McLane,ATL,Midfield,Midfield,003238,4,2026_game_6,0.0,0.0,0.0,0.0,0.0,0.0,0.0,0.0,0.0,0.0,0.0,0.0,0.0,0.0,0.0,0.0,0.0,0.0,0.0,0.0,0.0,1778293800.0,0.0,WHP,2026-ev-6,6.916666666666667,0.04479089015947013,30.566666666666666,0.3333333333333333,0.3333333333333333,0.0,0.0,1.0,1.0,1.0,1.0,1.0,1.0,0.8888058868433956,9.36,9.36,8.0
Bryan,Costabile,ATL,Midfield,Midfield,000395,28,2026_game_6,22.737704918032787,24.666666666666668,65.0,6.229508196721311,7.666666666666667,1.5573770491803278,0.3333333333333333,0.0,0.0,0.0,0.0,0.5901639344262295,0.0,0.29508196721311475,0.0,0.0,0.0,27.1262131147541,29.333333333333332,0.23957094817750557,0.2619047619047619,1778293800.0,0.022333813727256346,WHP,2026-ev-6,6.916666666666667,0.04479089015947013,30.566666666666666,0.3333333333333333,0.3333333333333333,0.0,0.0,1.0,1.0,1.0,1.0,1.0,0.8112472963229993,0.8888058868433956,21.25,21.25,77.9
Hugh,Kelleher,ATL,Midfield,Midfield,003186,7,2026_game_6,8.0,10.333333333333334,10.0,3.625,4.0,0.75,0.3333333333333333,0.0,0.0,0.0,0.0,0.125,0.3333333333333333,0.0,0.0,0.0,0.0,12.375,13.0,0.20625,0.19444444444444442,1757867400.0,-0.011805555555555569,WHP,2026-ev-6,243.33333333333334,0.04479089015947013,30.566666666666666,0.3333333333333333,0.3333333333333333,0.0,0.0,1.0,1.0,1.0,1.0,1.0,1.0625,0.8888058868433956,12.8,12.8,28.2
Jake,Stevens,ATL,Midfield,Midfield,003084,7,2026_game_6,7.3,-0.3333333333333333,0.0,3.2,1.3333333333333333,0.85,0.3333333333333333,0.0,0.0,0.0,0.0,0.1,0.0,0.05,0.0,0.0,0.0,12.45,13.333333333333334,0.2929761904761904,0.1111111111111111,1778293800.0,-0.18186507936507929,WHP,2026-ev-6,6.916666666666667,0.04479089015947013,30.566666666666666,0.3333333333333333,0.3333333333333333,0.0,0.0,1.0,1.0,1.0,1.0,1.0,1.0730593607305936,0.8888058868433956,11.61,11.61,21.2
Kyle,Jackson,ATL,Midfield,Midfield,000978,2,2026_game_6,10.434782608695652,3.6666666666666665,-6.0,3.1956521739130435,2.3333333333333335,0.7391304347826086,0.0,0.0,0.0,0.0,0.0,0.2826086956521739,0.3333333333333333,0.08695652173913043,0.0,0.0,0.0,19.152739130434785,12.666666666666666,0.2453416149068323,0.08333333333333333,1778293800.0,-0.16200828157349895,WHP,2026-ev-6,6.916666666666667,0.04479089015947013,30.566666666666666,0.3333333333333333,0.3333333333333333,0.0,0.0,1.0,1.0,1.0,1.0,1.0,0.9836805555555557,0.8888058868433956,11.99,11.99,23.5
Levi,Anderson,ATL,Midfield,Midfield,003094,21,2026_game_6,17.05,25.666666666666668,76.0,3.9,3.0,0.5,0.3333333333333333,0.0,0.0,0.0,0.0,0.3,0.3333333333333333,0.15,0.0,0.0,0.0,15.0,13.666666666666666,0.2897619047619048,0.43333333333333335,1778293800.0,0.14357142857142857,WHP,2026-ev-6,6.916666666666667,0.04479089015947013,30.566666666666666,0.3333333333333333,0.3333333333333333,0.0,0.0,1.0,1.0,1.0,1.0,1.0,1.0,0.8888058868433956,13.81,13.81,34.2
Matt,Traynor,ATL,Midfield,Midfield,003164,21,2026_game_6,22.53846153846154,28.666666666666668,7.0,5.6923076923076925,7.333333333333333,1.3846153846153846,0.6666666666666666,0.0,0.0,0.0,0.0,0.6923076923076923,0.3333333333333333,0.15384615384615385,0.0,0.0,0.0,18.46153846153846,17.0,0.2487179487179487,0.32222222222222224,1778293800.0,0.07350427350427355,WHP,2026-ev-6,6.916666666666667,0.04479089015947013,30.566666666666666,0.3333333333333333,0.3333333333333333,0.0,0.0,1.0,1.0,1.0,1.0,0.9607547711292869,0.7966845441248172,0.8888058868433956,18.44,18.44,61.4
Reid,Bowering,ATL,Midfield,Midfield,002006,20,2026_game_6,18.357142857142858,23.333333333333332,17.0,2.7142857142857144,3.0,2.142857142857143,2.0,0.0,0.0,0.0,0.0,0.5,1.0,0.14285714285714285,0.3333333333333333,0.0,0.0,12.785714285714286,17.666666666666668,0.3928571428571428,0.4444444444444444,1778293800.0,0.051587301587301626,WHP,2026-ev-6,6.916666666666667,0.04479089015947013,30.566666666666666,0.3333333333333333,0.3333333333333333,0.0,0.0,1.0,1.0,1.0,1.0,1.0,0.8154530294608116,0.8888058868433956,14.97,14.97,41.0
Adam,Poitras,WHP,Midfield,Midfield,003100,15,2026_game_6,16.0,18.0,12.0,3.6818181818181817,4.0,3.0454545454545454,3.3333333333333335,0.0,0.0,0.0,0.0,0.45454545454545453,0.6666666666666666,0.13636363636363635,0.0,0.0,0.0,21.0,24.333333333333332,0.2196969696969697,0.17777777777777778,1778358600.0,-0.04191919191919191,ATL,2026-ev-6,6.166666666666667,-0.04479089015947013,64.5,0.3333333333333333,0.3333333333333333,0.0,0.0,1.0,1.0,1.0,1.0,1.0,1.125,1.0082920746682995,20.74,20.74,74.9
Brad,Smith,WHP,Midfield,Midfield,000390,15,2026_game_6,19.951219512195124,17.0,17.0,4.829268292682927,3.0,1.146341463414634,1.0,0.0,0.0,0.0,0.0,0.7317073170731707,0.3333333333333333,0.07317073170731707,0.0,0.0,0.0,23.90258536585366,21.333333333333332,0.28206542779713517,0.3611111111111111,1778358600.0,0.07904568331397593,ATL,2026-ev-6,6.166666666666667,-0.04479089015947013,64.5,0.3333333333333333,0.3333333333333333,0.0,0.0,1.0,1.0,1.0,1.0,1.0,0.8301212747955251,1.0082920746682995,17.88,17.88,58.1
Colin,Heacock,WHP,Midfield,Midfield,001009,13,2026_game_6,7.317073170731708,12.0,21.0,2.975609756097561,4.333333333333333,0.6097560975609756,0.6666666666666666,0.0,0.0,0.0,0.0,0.0975609756097561,0.0,0.024390243902439025,0.0,0.0,0.0,14.439024390243903,16.666666666666668,0.22967479674796745,0.3444444444444444,1778358600.0,0.11476964769647693,ATL,2026-ev-6,6.166666666666667,-0.04479089015947013,64.5,0.3333333333333333,0.3333333333333333,0.0,0.0,1.0,1.0,1.0,1.0,1.0,1.1523259349346309,1.0082920746682995,11.61,11.61,21.2
Garrett,Degnon,WHP,Midfield,Midfield,003091,7,2026_game_6,15.375,17.333333333333332,8.0,4.125,4.0,1.0,1.0,0.0,0.0,0.0,0.0,0.375,0.6666666666666666,0.0,0.0,0.0,0.0,18.0,16.0,0.18333333333333332,0.19999999999999998,1750617000.0,0.016666666666666663,ATL,2026-ev-6,327.25,-0.04479089015947013,64.5,0.3333333333333333,0.3333333333333333,0.0,0.0,1.0,1.0,1.0,1.0,1.0,0.9930313588850175,1.0082920746682995,12.9,12.9,28.8
James,Shipley,WHP,Midfield,Midfield,003152,2,2026_game_6,-1.0,-1.0,-1.0,0.0,0.0,3.0,3.0,0.0,0.0,0.0,0.0,0.0,0.0,0.0,0.0,0.0,0.0,13.0,13.0,0.0,0.0,1778358600.0,0.0,ATL,2026-ev-6,6.166666666666667,-0.04479089015947013,64.5,0.3333333333333333,0.3333333333333333,0.0,0.0,1.0,1.0,1.0,1.0,1.0,1.0,1.0082920746682995,10.84,10.84,16.7
Matt,Brandau,WHP,Midfield,Midfield,003081,26,2026_game_6,27.5,33.0,56.0,6.083333333333333,7.0,1.5833333333333333,1.6666666666666667,0.0,0.0,0.0,0.0,0.3333333333333333,0.6666666666666666,0.16666666666666666,0.0,0.0,0.0,25.083333333333332,29.0,0.3018518518518518,0.3148148148148148,1778358600.0,0.01296296296296301,ATL,2026-ev-6,6.166666666666667,-0.04479089015947013,64.5,0.3333333333333333,0.3333333333333333,0.0,0.0,1.0,1.0,1.0,1.0,1.0,0.9926362297496318,1.0082920746682995,15.71,15.71,45.4
Aidan,Danenza,RED,Midfield,Midfield,003156,12,2026_game_7,11.0,7.0,18.0,4.555555555555555,4.333333333333333,0.7777777777777778,1.0,0.0,0.0,0.0,0.0,0.1111111111111111,0.3333333333333333,0.1111111111111111,0.3333333333333333,0.0,0.0,21.22222222222222,25.0,0.21296296296296294,0.06666666666666667,1778284800.0,-0.14629629629629626,OUT,2026-ev-7,7.708333333333333,0.05133693642440629,50.0,0.2777777777777778,0.4444444444444444,0.0,0.0,1.0,1.0,1.0,1.0,1.0,0.7792207792207793,1.0220784157545624,16.64,16.64,50.8
Andrew,McAdorey,RED,Midfield,Midfield,003160,23,2026_game_7,24.907692307692308,20.166666666666668,19.0,4.384615384615385,5.333333333333333,1.7692307692307692,2.3333333333333335,0.0,0.0,0.46153846153846156,0.0,0.6923076923076923,0.0,0.23076923076923078,0.0,0.25274725274725274,0.0,27.307692307692307,30.666666666666668,0.39010989010989017,0.4238095238095238,1778284800.0,0.033699633699633635,OUT,2026-ev-7,7.708333333333333,0.05133693642440629,50.0,0.2777777777777778,0.4444444444444444,0.0,0.0,1.0,1.0,1.0,1.0,1.0,1.1961087090796787,1.0220784157545624,19.2,19.2,65.9
Connor,Cmiel,RED,Midfield,Midfield,003204,5,2026_game_7,0.0,0.0,0.0,0.0,0.0,0.0,0.0,0.0,0.0,0.0,0.0,0.0,0.0,0.0,0.0,0.0,0.0,0.0,0.0,0.0,0.0,1778284800.0,0.0,OUT,2026-ev-7,7.708333333333333,0.05133693642440629,50.0,0.2777777777777778,0.4444444444444444,0.0,0.0,1.0,1.0,1.0,1.0,1.0,1.0,1.0220784157545624,9.37,9.37,8.1
Josh,Balcarcel,RED,Midfield,Midfield,003211,10,2026_game_7,7.076923076923077,5.666666666666667,20.0,1.9230769230769231,1.0,0.46153846153846156,0.0,0.0,0.0,0.0,0.0,0.23076923076923078,0.3333333333333333,0.0,0.0,0.0,0.0,14.692307692307692,11.0,0.3205128205128205,0.3333333333333333,1778284800.0,0.01282051282051283,OUT,2026-ev-7,7.708333333333333,0.05133693642440629,50.0,0.2777777777777778,0.4444444444444444,0.0,0.0,1.0,1.0,1.0,1.0,1.0,0.8899456521739131,1.0220784157545624,11.73,11.73,21.9
Marcus,Wertheim,RED,Midfield,Midfield,003253,2,2026_game_7,1.0,1.0,1.0,5.0,5.0,1.0,1.0,0.0,0.0,0.0,0.0,0.0,0.0,0.0,0.0,0.0,0.0,31.0,31.0,0.0,0.0,1778284800.0,0.0,OUT,2026-ev-7,7.708333333333333,0.05133693642440629,50.0,0.2777777777777778,0.4444444444444444,0.0,0.0,1.0,1.0,1.0,1.0,1.0,1.0,1.0220784157545624,19.97,19.97,70.4
Romar,Dennis,RED,Midfield,Midfield,000305,12,2026_game_7,12.808823529411764,7.0,1.0,4.147058823529412,4.0,0.5882352941176471,0.3333333333333333,0.0,0.0,0.0,0.0,0.16176470588235295,0.0,0.20588235294117646,0.0,0.0,0.0,17.241205882352943,10.333333333333334,0.16674836601307189,0.1111111111111111,1778284800.0,-0.05563725490196078,OUT,2026-ev-7,7.708333333333333,0.05133693642440629,50.0,0.2777777777777778,0.4444444444444444,0.0,0.0,1.0,1.0,1.0,1.0,1.0,0.8938640132669984,1.0220784157545624,15.93,15.93,46.6
Sam,English,RED,Midfield,Midfield,003161,10,2026_game_7,18.75,19.333333333333332,6.0,3.0,3.0,2.25,3.0,0.0,0.0,0.0,0.0,0.25,0.3333333333333333,1.25,1.0,0.0,0.0,19.75,21.0,0.25,0.3333333333333333,1752361200.0,0.08333333333333331,OUT,2026-ev-7,307.75,0.05133693642440629,50.0,0.2777777777777778,0.4444444444444444,0.0,0.0,1.0,1.0,1.0,1.0,1.0,1.26,1.0220784157545624,15.6,15.6,44.7
Dalton,Young,OUT,Midfield,Midfield,003106,18,2026_game_7,16.47826086956522,16.666666666666668,10.0,2.9130434782608696,3.6666666666666665,0.6956521739130435,0.0,0.0,0.0,0.0,0.0,0.5652173913043478,0.3333333333333333,0.08695652173913043,0.0,0.0,0.0,15.130434782608695,18.333333333333332,0.3485507246376811,0.4444444444444444,1778367600.0,0.09589371980676331,RED,2026-ev-7,6.75,-0.05133693642440629,66.26666666666667,0.2777777777777778,0.2222222222222222,0.0,0.0,1.0,1.0,1.0,1.0,1.0,0.9490765171503958,1.0372178247578119,15.14,15.14,42.0
Evan,Plunkett,OUT,Midfield,Midfield,003270,10,2026_game_7,0.0,0.0,0.0,0.0,0.0,0.0,0.0,0.0,0.0,0.0,0.0,0.0,0.0,0.0,0.0,0.0,0.0,0.0,0.0,0.0,0.0,1778367600.0,0.0,RED,2026-ev-7,6.75,-0.05133693642440629,66.26666666666667,0.2777777777777778,0.2222222222222222,0.0,0.0,1.0,1.0,1.0,1.0,1.0,1.0,1.0372178247578119,8.99,8.99,5.8
Graham,Bundy,OUT,Midfield,Midfield,003085,8,2026_game_7,14.541666666666666,11.0,5.0,5.041666666666667,3.6666666666666665,0.6666666666666666,1.6666666666666667,0.0,0.0,0.0,0.0,0.16666666666666666,0.0,0.08333333333333333,0.3333333333333333,0.0,0.0,22.541666666666668,23.0,0.20343915343915342,0.4666666666666666,1778367600.0,0.2632275132275132,RED,2026-ev-7,6.75,-0.05133693642440629,66.26666666666667,0.2777777777777778,0.2222222222222222,0.0,0.0,1.0,1.0,1.0,1.0,1.0,1.4765042979942693,1.0372178247578119,13.76,13.76,33.9
Jack,Taylor,OUT,Midfield,Midfield,003268,6,2026_game_7,0.0,0.0,0.0,0.0,0.0,0.0,0.0,0.0,0.0,0.0,0.0,0.0,0.0,0.0,0.0,0.0,0.0,0.0,0.0,0.0,0.0,1778367600.0,0.0,RED,2026-ev-7,6.75,-0.05133693642440629,66.26666666666667,0.2777777777777778,0.2222222222222222,0.0,0.0,1.0,1.0,1.0,1.0,1.0,1.0,1.0372178247578119,8.99,8.99,5.8
Jack,VanOverbeke,OUT,Midfield,Midfield,003120,2,2026_game_7,5.8,-0.6666666666666666,-9.0,2.9,1.6666666666666667,0.5,0.0,0.0,0.0,0.0,0.0,0.4,0.3333333333333333,0.0,0.0,0.0,0.0,12.8,8.333333333333334,0.1,0.0,1752370200.0,-0.1,RED,2026-ev-7,307.6458333333333,-0.05133693642440629,66.26666666666667,0.2777777777777778,0.2222222222222222,0.0,0.0,1.0,1.0,1.0,1.0,1.0,1.6594827586206897,1.0372178247578119,11.35,11.35,19.7
Jared,Bernhardt,OUT,Midfield,Midfield,001827,24,2026_game_7,20.666666666666668,18.666666666666668,19.0,5.75,5.333333333333333,1.0,1.3333333333333333,0.0,0.0,0.0,0.0,0.5,0.6666666666666666,0.0,0.0,0.0,0.0,26.333333333333332,26.666666666666668,0.321494708994709,0.3055555555555555,1778367600.0,-0.015939153439153475,RED,2026-ev-7,6.75,-0.05133693642440629,66.26666666666667,0.2777777777777778,0.2222222222222222,0.0,0.0,1.0,1.0,1.0,1.0,1.0,1.0184331797235022,1.0372178247578119,21.51,21.51,79.5
Jonathan,Donville,OUT,Midfield,Midfield,002030,10,2026_game_7,16.0,11.333333333333334,18.0,2.857142857142857,1.0,0.7857142857142857,1.0,0.0,0.0,0.0,0.0,0.5714285714285714,0.6666666666666666,0.14285714285714285,0.3333333333333333,0.0,0.0,17.535714285714285,14.666666666666666,0.27806122448979587,0.16666666666666666,1778367600.0,-0.11139455782312921,RED,2026-ev-7,6.75,-0.05133693642440629,66.26666666666667,0.2777777777777778,0.2222222222222222,0.0,0.0,1.0,1.0,1.0,1.0,1.0,0.9921875,1.0372178247578119,11.24,11.24,19.1
Justin,Anderson,OUT,Midfield,Midfield,001828,11,2026_game_7,15.277777777777779,2.3333333333333335,-5.0,3.3518518518518516,1.6666666666666667,1.3148148148148149,0.6666666666666666,0.0,0.0,0.0,0.0,0.3148148148148148,0.0,0.2962962962962963,0.0,0.0,0.0,18.47261111111111,11.333333333333334,0.2784832451499118,0.27777777777777773,1778367600.0,-0.000705467372134061,RED,2026-ev-7,6.75,-0.05133693642440629,66.26666666666667,0.2777777777777778,0.2222222222222222,0.0,0.0,1.0,1.0,1.0,1.0,1.0,1.22,1.0372178247578119,11.59,11.59,21.1
Mikie,Schlosser,OUT,Midfield,Midfield,001391,2,2026_game_7,8.666666666666666,-1.0,0.0,2.814814814814815,1.0,0.6296296296296297,0.0,0.0,0.0,0.0,0.0,0.037037037037037035,0.0,0.0,0.0,0.0,0.0,14.302962962962962,4.333333333333333,0.24259259259259258,0.0,1778367600.0,-0.24259259259259258,RED,2026-ev-7,6.75,-0.05133693642440629,66.26666666666667,0.2777777777777778,0.2222222222222222,0.0,0.0,1.0,1.0,1.0,1.0,1.0,0.7478632478632479,1.0372178247578119,13.37,13.37,31.6
Nolan,Byrne,OUT,Midfield,Midfield,003256,4,2026_game_7,0.0,0.0,0.0,0.0,0.0,0.0,0.0,0.0,0.0,0.0,0.0,0.0,0.0,0.0,0.0,0.0,0.0,0.0,0.0,0.0,0.0,1778367600.0,0.0,RED,2026-ev-7,6.75,-0.05133693642440629,66.26666666666667,0.2777777777777778,0.2222222222222222,0.0,0.0,1.0,1.0,1.0,1.0,1.0,1.0,1.0372178247578119,8.99,8.99,5.8
Casey,Wilson,WAT,Midfield,Midfield,003232,5,2026_game_8,0.0,0.0,0.0,0.0,0.0,0.0,0.0,0.0,0.0,0.0,0.0,0.0,0.0,0.0,0.0,0.0,0.0,0.0,0.0,0.0,0.0,1778358600.0,0.0,CAN,2026-ev-8,7.145833333333333,0.06338512938395086,88.76666666666667,0.3333333333333333,0.0,0.0,0.0,1.0,1.0,1.0,1.0,1.0,1.0,0.9498712506690482,7.22,7.22,0.0
Connor,Kelly,WAT,Midfield,Midfield,000339,22,2026_game_8,20.956521739130434,21.0,50.0,5.956521739130435,4.333333333333333,0.8405797101449275,1.0,0.0,0.0,0.0,0.0,0.5362318840579711,0.3333333333333333,0.11594202898550725,0.3333333333333333,0.0,0.0,23.839565217391304,24.666666666666668,0.2046443492095666,0.13333333333333333,1778358600.0,-0.07131101587623326,CAN,2026-ev-8,7.145833333333333,0.06338512938395086,88.76666666666667,0.3333333333333333,0.0,0.0,0.0,1.0,1.0,1.0,1.0,1.0,0.7850622406639004,0.9498712506690482,19.45,19.45,67.4
Jack,Hannah,WAT,Midfield,Midfield,002028,21,2026_game_8,16.72093023255814,15.666666666666666,40.0,5.8604651162790695,4.333333333333333,1.069767441860465,0.0,0.0,0.0,0.0,0.0,0.4883720930232558,1.0,0.09302325581395349,0.0,0.0,0.0,19.13953488372093,17.666666666666668,0.20448504983388704,0.09523809523809523,1778358600.0,-0.10924695459579181,CAN,2026-ev-8,7.145833333333333,0.06338512938395086,88.76666666666667,0.3333333333333333,0.0,0.0,0.0,1.0,1.0,1.0,1.0,1.0,0.765530829856282,0.9498712506690482,20.47,20.47,73.4
Myles,Jones,WAT,Midfield,Midfield,000278,6,2026_game_8,18.85483870967742,14.0,-2.0,4.290322580645161,1.6666666666666667,1.0161290322580645,0.6666666666666666,0.0,0.0,0.0,0.0,0.8870967741935484,1.3333333333333333,0.16129032258064516,0.0,0.0,0.0,20.869209677419356,19.666666666666668,0.2368343573988735,0.08333333333333333,1749920400.0,-0.15350102406554017,CAN,2026-ev-8,336.2916666666667,0.06338512938395086,88.76666666666667,0.3333333333333333,0.0,0.0,0.0,1.0,1.0,1.0,1.0,1.0,0.9912318220701455,0.9498712506690482,13.69,13.69,33.5
Nakeie,Montgomery,WAT,Midfield,Midfield,002033,5,2026_game_8,8.568965517241379,11.0,4.0,2.4827586206896552,3.0,1.0689655172413792,0.6666666666666666,0.0,0.0,0.0,0.0,0.3103448275862069,0.6666666666666666,0.1724137931034483,0.0,0.0,0.0,11.620689655172415,11.666666666666666,0.13505747126436782,0.27777777777777773,1723852800.0,0.14272030651340992,CAN,2026-ev-8,638.0,0.06338512938395086,88.76666666666667,0.3333333333333333,0.0,0.0,0.0,1.0,1.0,1.0,1.0,1.0,0.9380728817348536,0.9498712506690482,8.46,8.46,2.7
Thomas,McConvey,WAT,Midfield,Midfield,003027,19,2026_game_8,13.45,13.333333333333334,31.0,2.4,1.6666666666666667,0.8,1.0,0.0,0.0,0.0,0.0,0.25,0.3333333333333333,0.2,0.6666666666666666,0.0,0.0,14.55,17.0,0.34249999999999997,0.3333333333333333,1778358600.0,-0.009166666666666656,CAN,2026-ev-8,7.145833333333333,0.06338512938395086,88.76666666666667,0.3333333333333333,0.0,0.0,0.0,1.0,1.0,1.0,1.0,1.0,1.026435357290376,0.9498712506690482,11.75,11.75,22.1
Zach,Currier,WAT,Midfield,Midfield,000409,16,2026_game_8,26.120967741935484,13.700000000000001,15.0,3.096774193548387,2.6666666666666665,4.82258064516129,5.666666666666667,0.0,0.0,1.2903225806451613,0.6666666666666666,0.7258064516129032,0.3333333333333333,0.7258064516129032,0.3333333333333333,0.22240952352955176,0.6666666666666666,23.437354838709677,17.0,0.3059523809523809,0.08333333333333333,1756742400.0,-0.2226190476190476,CAN,2026-ev-8,257.3333333333333,0.06338512938395086,88.76666666666667,0.3333333333333333,0.0,0.0,0.0,1.0,1.0,1.0,1.0,1.0,1.0711824637233713,0.9498712506690482,20.94,20.94,76.1
Alexander,Vardaro,CAN,Midfield,Midfield,003088,9,2026_game_5,8.916666666666666,9.666666666666666,2.0,3.25,3.3333333333333335,0.3333333333333333,0.3333333333333333,0.0,0.0,0.0,0.0,0.25,1.0,0.0,0.0,0.0,0.0,14.416666666666666,17.333333333333332,0.2625,0.08333333333333333,1752274800.0,-0.1791666666666667,WAT,2026-ev-8,309.0416666666667,-0.06338512938395086,74.66666666666667,0.0,0.2222222222222222,0.0,0.0,1.0,1.0,1.0,1.0,1.0,0.9065420560747663,0.9536582207750525,12.73,12.73,27.8
Alexander,Vardaro,CAN,Midfield,Midfield,003088,9,2026_game_8,8.916666666666666,9.666666666666666,2.0,3.25,3.3333333333333335,0.3333333333333333,0.3333333333333333,0.0,0.0,0.0,0.0,0.25,1.0,0.0,0.0,0.0,0.0,14.416666666666666,17.333333333333332,0.2625,0.08333333333333333,1752274800.0,-0.1791666666666667,WAT,2026-ev-8,309.0416666666667,-0.06338512938395086,74.66666666666667,0.0,0.2222222222222222,0.0,0.0,1.0,1.0,1.0,1.0,1.0,0.9065420560747663,0.9536582207750525,12.73,12.73,27.8
Connor,Kirst,CAN,Midfield,Midfield,001815,7,2026_game_5,9.962068965517243,2.466666666666667,2.1,3.0,2.0,1.0344827586206897,2.3333333333333335,0.0,0.0,0.4482758620689655,1.0,0.13793103448275862,0.0,0.10344827586206896,0.0,0.2634920634920635,0.24444444444444446,12.730689655172414,7.666666666666667,0.25708812260536396,0.1111111111111111,1754780400.0,-0.14597701149425285,WAT,2026-ev-8,280.0416666666667,-0.06338512938395086,74.66666666666667,0.0,0.2222222222222222,0.0,0.0,1.0,1.0,1.0,1.0,1.0,0.9791385562489459,0.9536582207750525,10.77,10.77,16.3
Connor,Kirst,CAN,Midfield,Midfield,001815,8,2026_game_8,9.962068965517243,2.466666666666667,2.1,3.0,2.0,1.0344827586206897,2.3333333333333335,0.0,0.0,0.4482758620689655,1.0,0.13793103448275862,0.0,0.10344827586206896,0.0,0.2634920634920635,0.24444444444444446,12.730689655172414,7.666666666666667,0.25708812260536396,0.1111111111111111,1754780400.0,-0.14597701149425285,WAT,2026-ev-8,280.0416666666667,-0.06338512938395086,74.66666666666667,0.0,0.2222222222222222,0.0,0.0,1.0,1.0,1.0,1.0,1.0,0.9791385562489459,0.9536582207750525,10.77,10.77,16.3
Logan,Ip,CAN,Midfield,Midfield,003249,4,2026_game_5,0.0,0.0,0.0,0.0,0.0,0.0,0.0,0.0,0.0,0.0,0.0,0.0,0.0,0.0,0.0,0.0,0.0,0.0,0.0,0.0,0.0,0.0,0.0,WAT,2026-ev-8,7.0,-0.06338512938395086,74.66666666666667,0.0,0.2222222222222222,0.0,0.0,1.0,1.0,1.0,1.0,1.0,1.0,0.9536582207750525,7.76,7.76,0.0
Logan,Ip,CAN,Midfield,Midfield,003249,5,2026_game_8,0.0,0.0,0.0,0.0,0.0,0.0,0.0,0.0,0.0,0.0,0.0,0.0,0.0,0.0,0.0,0.0,0.0,0.0,0.0,0.0,0.0,0.0,0.0,WAT,2026-ev-8,7.0,-0.06338512938395086,74.66666666666667,0.0,0.2222222222222222,0.0,0.0,1.0,1.0,1.0,1.0,1.0,1.0,0.9536582207750525,7.76,7.76,0.0
Matt,Campbell,CAN,Midfield,Midfield,003013,27,2026_game_5,20.78787878787879,22.666666666666668,19.0,5.242424242424242,5.666666666666667,0.8787878787878788,1.0,0.0,0.0,0.0,0.0,0.5454545454545454,1.3333333333333333,0.030303030303030304,0.0,0.0,0.0,25.060606060606062,33.666666666666664,0.2905483405483405,0.22857142857142856,1754780400.0,-0.061976911976911936,WAT,2026-ev-8,280.0416666666667,-0.06338512938395086,74.66666666666667,0.0,0.2222222222222222,0.0,0.0,1.0,1.0,1.0,1.0,1.0,0.926848661542539,0.9536582207750525,18.14,18.14,59.6
Matt,Campbell,CAN,Midfield,Midfield,003013,29,2026_game_8,20.78787878787879,22.666666666666668,19.0,5.242424242424242,5.666666666666667,0.8787878787878788,1.0,0.0,0.0,0.0,0.0,0.5454545454545454,1.3333333333333333,0.030303030303030304,0.0,0.0,0.0,25.060606060606062,33.666666666666664,0.2905483405483405,0.22857142857142856,1754780400.0,-0.061976911976911936,WAT,2026-ev-8,280.0416666666667,-0.06338512938395086,74.66666666666667,0.0,0.2222222222222222,0.0,0.0,1.0,1.0,1.0,1.0,1.0,0.926848661542539,0.9536582207750525,18.14,18.14,59.6
Mic,Kelly,CAN,Midfield,Midfield,003170,9,2026_game_5,9.0,2.6666666666666665,-8.0,4.8,5.666666666666667,0.6,1.0,0.0,0.0,0.0,0.0,0.4,0.3333333333333333,0.2,0.0,0.0,0.0,19.4,20.666666666666668,0.14523809523809522,0.047619047619047616,1752951600.0,-0.0976190476190476,WAT,2026-ev-8,301.2083333333333,-0.06338512938395086,74.66666666666667,0.0,0.2222222222222222,0.0,0.0,1.0,1.0,1.0,1.0,1.0,0.0,0.9536582207750525,16.62,16.62,50.7
Mic,Kelly,CAN,Midfield,Midfield,003170,9,2026_game_8,9.0,2.6666666666666665,-8.0,4.8,5.666666666666667,0.6,1.0,0.0,0.0,0.0,0.0,0.4,0.3333333333333333,0.2,0.0,0.0,0.0,19.4,20.666666666666668,0.14523809523809522,0.047619047619047616,1752951600.0,-0.0976190476190476,WAT,2026-ev-8,301.2083333333333,-0.06338512938395086,74.66666666666667,0.0,0.2222222222222222,0.0,0.0,1.0,1.0,1.0,1.0,1.0,0.0,0.9536582207750525,16.62,16.62,50.7
Mikey,Weisshaar,CAN,Midfield,Midfield,003267,13,2026_game_5,0.0,0.0,0.0,0.0,0.0,0.0,0.0,0.0,0.0,0.0,0.0,0.0,0.0,0.0,0.0,0.0,0.0,0.0,0.0,0.0,0.0,0.0,0.0,WAT,2026-ev-8,7.0,-0.06338512938395086,74.66666666666667,0.0,0.2222222222222222,0.0,0.0,1.0,1.0,1.0,1.0,1.0,1.0,0.9536582207750525,7.76,7.76,0.0
Mikey,Weisshaar,CAN,Midfield,Midfield,003267,13,2026_game_8,0.0,0.0,0.0,0.0,0.0,0.0,0.0,0.0,0.0,0.0,0.0,0.0,0.0,0.0,0.0,0.0,0.0,0.0,0.0,0.0,0.0,0.0,0.0,WAT,2026-ev-8,7.0,-0.06338512938395086,74.66666666666667,0.0,0.2222222222222222,0.0,0.0,1.0,1.0,1.0,1.0,1.0,1.0,0.9536582207750525,7.76,7.76,0.0
Ryan,Drenner,CAN,Midfield,Midfield,000358,22,2026_game_5,19.906976744186046,17.0,7.0,4.186046511627907,4.0,0.7209302325581395,0.0,0.0,0.0,0.0,0.0,0.3488372093023256,0.3333333333333333,0.09302325581395349,0.3333333333333333,0.0,0.0,23.58139534883721,23.0,0.36044665928386854,0.3444444444444444,1754780400.0,-0.016002214839424156,WAT,2026-ev-8,280.0416666666667,-0.06338512938395086,74.66666666666667,0.0,0.2222222222222222,0.0,0.0,1.0,1.0,1.0,1.0,1.0,0.8596743295019156,0.9536582207750525,19.75,19.75,69.1
Ryan,Drenner,CAN,Midfield,Midfield,000358,23,2026_game_8,19.906976744186046,17.0,7.0,4.186046511627907,4.0,0.7209302325581395,0.0,0.0,0.0,0.0,0.0,0.3488372093023256,0.3333333333333333,0.09302325581395349,0.3333333333333333,0.0,0.0,23.58139534883721,23.0,0.36044665928386854,0.3444444444444444,1754780400.0,-0.016002214839424156,WAT,2026-ev-8,280.0416666666667,-0.06338512938395086,74.66666666666667,0.0,0.2222222222222222,0.0,0.0,1.0,1.0,1.0,1.0,1.0,0.8596743295019156,0.9536582207750525,19.75,19.75,69.1
Christian,Scarpello,CHA,Defense,SSDM,001795,6,2026_game_5,5.418918918918919,6.0,7.0,0.32432432432432434,0.6666666666666666,1.2162162162162162,0.3333333333333333,0.0,0.0,0.0,0.0,0.08108108108108109,0.0,0.2972972972972973,0.6666666666666666,0.0,0.0,6.5675675675675675,4.333333333333333,0.10810810810810811,0.0,1756742400.0,-0.10810810810810811,CAN,2026-ev-5,256.25,0.10010570937723257,92.0,0.3888888888888889,0.0,0.0,0.0,1.0,1.0,1.0,1.0,1.0,0.7529828486204326,0.9896457068187122,7.69,7.69,0.0
Greg,Langermeier,CHA,Defense,SSDM,003206,7,2026_game_5,7.33,11.433333333333332,17.5,0.6,0.3333333333333333,0.9,0.3333333333333333,0.0,0.0,0.1,0.3333333333333333,0.2,0.0,0.6,1.3333333333333333,0.2222222222222222,0.2222222222222222,6.0,4.666666666666667,0.0,0.0,1755995400.0,0.0,CAN,2026-ev-5,264.8958333333333,0.10010570937723257,92.0,0.3888888888888889,0.0,0.0,0.0,1.0,1.0,1.0,1.0,1.0,0.8333333333333334,0.9896457068187122,7.31,7.31,0.0
Jack,Rowlett,CHA,Defense,Defensemen,000365,7,2026_game_5,11.635526315789475,7.333333333333333,9.0,0.2236842105263158,0.3333333333333333,1.4078947368421053,1.6666666666666667,0.0,0.0,0.07894736842105263,0.0,0.05263157894736842,0.0,1.013157894736842,0.6666666666666666,0.02619047619047619,0.0,6.386842105263158,8.0,0.02631578947368421,0.0,1778293800.0,-0.02631578947368421,CAN,2026-ev-5,6.8125,0.10010570937723257,92.0,0.3888888888888889,0.0,0.0,0.0,1.0,1.0,1.0,1.0,1.1579097579613142,0.6899355422367974,1.0519749399760927,9.63,9.63,9.6
Jarrod,Neumann,CHA,Defense,Defensemen,000269,4,2026_game_5,9.10126582278481,4.0,3.0,0.6835443037974683,0.0,1.5949367088607596,1.6666666666666667,0.0,0.0,0.0,0.0,0.0379746835443038,0.0,0.5949367088607594,0.3333333333333333,0.0,0.0,6.018987341772152,11.0,0.049578059071729956,0.0,1778293800.0,-0.049578059071729956,CAN,2026-ev-5,6.8125,0.10010570937723257,92.0,0.3888888888888889,0.0,0.0,0.0,1.0,1.0,1.0,1.0,0.7333663890260647,1.2736123403717283,1.0519749399760927,7.88,7.88,0.0
Levi,Verch,CHA,Defense,SSDM,003171,4,2026_game_5,4.181818181818182,5.333333333333333,1.0,0.2727272727272727,0.3333333333333333,1.9090909090909092,2.0,0.0,0.0,0.0,0.0,0.0,0.0,0.36363636363636365,0.3333333333333333,0.0,0.0,4.7272727272727275,2.6666666666666665,0.0,0.0,1755995400.0,0.0,CAN,2026-ev-5,264.8958333333333,0.10010570937723257,92.0,0.3888888888888889,0.0,0.0,0.0,1.0,1.0,1.0,1.0,1.0,1.0,0.9896457068187122,8.64,8.64,3.8
Liam,Byrnes,CHA,Defense,Defensemen,000925,2,2026_game_5,15.214285714285714,3.0,-1.0,0.3333333333333333,0.0,2.642857142857143,1.6666666666666667,0.0,0.0,0.0,0.0,0.047619047619047616,0.0,1.3095238095238095,0.3333333333333333,0.0,0.0,8.423809523809524,6.666666666666667,0.0,0.0,1778293800.0,0.0,CAN,2026-ev-5,6.8125,0.10010570937723257,92.0,0.3888888888888889,0.0,0.0,0.0,1.0,1.0,1.0,1.0,0.8190922615248644,0.7992054893463345,1.0519749399760927,10.48,10.48,14.6
Mark,Glicini,CHA,Defense,SSDM,000275,5,2026_game_5,4.736170212765958,-1.0666666666666667,0.8,0.2765957446808511,0.0,1.1702127659574468,1.3333333333333333,0.0,0.0,0.0425531914893617,0.3333333333333333,0.02127659574468085,0.0,0.3404255319148936,0.0,0.1111111111111111,0.1111111111111111,5.51063829787234,6.666666666666667,0.06382978723404255,0.0,1778293800.0,-0.06382978723404255,CAN,2026-ev-5,6.8125,0.10010570937723257,92.0,0.3888888888888889,0.0,0.0,0.0,1.0,1.0,1.0,1.0,1.0,0.5389728884254432,0.9896457068187122,5.84,5.84,0.0
Peter,Detwiler,CHA,Defense,SSDM,003254,9,2026_game_5,9.0,9.0,9.0,1.0,1.0,2.0,2.0,0.0,0.0,0.0,0.0,0.0,0.0,0.0,0.0,0.0,0.0,10.0,10.0,1.0,1.0,1778293800.0,0.0,CAN,2026-ev-5,6.8125,0.10010570937723257,92.0,0.3888888888888889,0.0,0.0,0.0,1.0,1.0,1.0,1.0,1.0,1.0,0.9896457068187122,9.55,9.55,9.1
Ray,Dearth,CHA,Defense,SSDM,003212,9,2026_game_5,8.7,7.666666666666667,12.0,0.6,1.3333333333333333,1.2,1.0,0.0,0.0,0.0,0.0,0.2,0.0,0.2,0.0,0.0,0.0,5.9,6.666666666666667,0.2,0.3333333333333333,1778293800.0,0.1333333333333333,CAN,2026-ev-5,6.8125,0.10010570937723257,92.0,0.3888888888888889,0.0,0.0,0.0,1.0,1.0,1.0,1.0,1.0,1.2164750957854407,0.9896457068187122,7.54,7.54,0.0
Scott,Smith,CHA,Defense,Defensemen,003103,13,2026_game_5,15.555555555555555,13.666666666666666,17.0,1.4444444444444444,2.0,1.4444444444444444,1.3333333333333333,0.0,0.0,0.0,0.0,0.0,0.0,1.1111111111111112,1.3333333333333333,0.0,0.0,4.666666666666667,3.6666666666666665,0.16666666666666666,0.0,1778293800.0,-0.16666666666666666,CAN,2026-ev-5,6.8125,0.10010570937723257,92.0,0.3888888888888889,0.0,0.0,0.0,1.0,1.0,1.0,1.0,1.0,0.0,1.0519749399760927,10.46,10.46,14.5
Troy,Reh,CHA,Defense,SSDM,000281,12,2026_game_5,12.025641025641026,9.666666666666666,14.0,0.6153846153846154,0.0,2.5641025641025643,4.0,0.0,0.0,0.0,0.0,0.038461538461538464,0.0,0.8205128205128205,0.6666666666666666,0.0,0.0,7.935897435897436,13.666666666666666,0.10897435897435898,0.0,1778293800.0,-0.10897435897435898,CAN,2026-ev-5,6.8125,0.10010570937723257,92.0,0.3888888888888889,0.0,0.0,0.0,1.0,1.0,1.0,1.0,1.0,1.3050009691800735,0.9896457068187122,12.7,12.7,27.6
Ben,Ramsey,CAN,Defense,SSDM,003184,11,2026_game_5,11.5,8.333333333333334,2.0,0.5,1.0,2.6,1.6666666666666667,0.0,0.0,0.0,0.0,0.3,0.0,0.3,0.0,0.0,0.0,9.4,8.0,0.15,0.16666666666666666,1754780400.0,0.016666666666666663,CHA,2026-ev-5,278.9583333333333,-0.10010570937723257,73.39999999999999,0.0,0.3333333333333333,0.0,0.0,1.0,1.0,1.0,1.0,1.0,1.0362318840579712,1.0154513511104037,16.15,16.15,47.9
Ben,Ramsey,CAN,Defense,SSDM,003184,11,2026_game_8,11.5,8.333333333333334,2.0,0.5,1.0,2.6,1.6666666666666667,0.0,0.0,0.0,0.0,0.3,0.0,0.3,0.0,0.0,0.0,9.4,8.0,0.15,0.16666666666666666,1754780400.0,0.016666666666666663,CHA,2026-ev-5,278.9583333333333,-0.10010570937723257,73.39999999999999,0.0,0.3333333333333333,0.0,0.0,1.0,1.0,1.0,1.0,1.0,1.0362318840579712,1.0154513511104037,16.15,16.15,47.9
Bryce,Young,CAN,Defense,Defensemen,000337,5,2026_game_5,11.04109589041096,-1.0,0.0,0.1643835616438356,0.0,1.8630136986301369,1.0,0.0,0.0,0.0,0.0,0.0410958904109589,0.0,0.8904109589041096,0.0,0.0,0.0,5.890410958904109,2.0,0.0410958904109589,0.0,1754780400.0,-0.0410958904109589,CHA,2026-ev-5,278.9583333333333,-0.10010570937723257,73.39999999999999,0.0,0.3333333333333333,0.0,0.0,1.0,1.0,1.0,1.0,1.0,1.1593313308084106,1.0534762513269729,10.69,10.69,15.8
Bryce,Young,CAN,Defense,Defensemen,000337,5,2026_game_8,11.04109589041096,-1.0,0.0,0.1643835616438356,0.0,1.8630136986301369,1.0,0.0,0.0,0.0,0.0,0.0410958904109589,0.0,0.8904109589041096,0.0,0.0,0.0,5.890410958904109,2.0,0.0410958904109589,0.0,1754780400.0,-0.0410958904109589,CHA,2026-ev-5,278.9583333333333,-0.10010570937723257,73.39999999999999,0.0,0.3333333333333333,0.0,0.0,1.0,1.0,1.0,1.0,1.0,1.1593313308084106,1.0534762513269729,10.69,10.69,15.8
Christian,Fournier,CAN,Defense,SSDM,003233,4,2026_game_5,0.0,0.0,0.0,0.0,0.0,0.0,0.0,0.0,0.0,0.0,0.0,0.0,0.0,0.0,0.0,0.0,0.0,0.0,0.0,0.0,0.0,0.0,0.0,CHA,2026-ev-5,7.0,-0.10010570937723257,73.39999999999999,0.0,0.3333333333333333,0.0,0.0,1.0,1.0,1.0,1.0,1.0,1.0,1.0154513511104037,7.44,7.44,0.0
Christian,Fournier,CAN,Defense,SSDM,003233,4,2026_game_8,0.0,0.0,0.0,0.0,0.0,0.0,0.0,0.0,0.0,0.0,0.0,0.0,0.0,0.0,0.0,0.0,0.0,0.0,0.0,0.0,0.0,0.0,0.0,CHA,2026-ev-5,7.0,-0.10010570937723257,73.39999999999999,0.0,0.3333333333333333,0.0,0.0,1.0,1.0,1.0,1.0,1.0,1.0,1.0154513511104037,7.44,7.44,0.0
Ethan,Rall,CAN,Defense,SSDM,003041,17,2026_game_5,17.546875,11.333333333333334,1.0,0.5,0.3333333333333333,2.8125,2.3333333333333335,0.0,0.0,0.3125,0.0,0.03125,0.0,1.46875,1.0,0.22187447646522723,0.3,4.375,3.0,0.125,0.0,1754780400.0,-0.125,CHA,2026-ev-5,278.9583333333333,-0.10010570937723257,73.39999999999999,0.0,0.3333333333333333,0.0,0.0,1.0,1.0,1.0,1.0,1.0,1.0589690313644007,1.0154513511104037,14.87,14.87,40.4
Ethan,Rall,CAN,Defense,SSDM,003041,16,2026_game_8,17.546875,11.333333333333334,1.0,0.5,0.3333333333333333,2.8125,2.3333333333333335,0.0,0.0,0.3125,0.0,0.03125,0.0,1.46875,1.0,0.22187447646522723,0.3,4.375,3.0,0.125,0.0,1754780400.0,-0.125,CHA,2026-ev-5,278.9583333333333,-0.10010570937723257,73.39999999999999,0.0,0.3333333333333333,0.0,0.0,1.0,1.0,1.0,1.0,1.0,1.0589690313644007,1.0154513511104037,14.87,14.87,40.4
Jack,Kielty,CAN,Defense,Defensemen,001817,13,2026_game_5,10.261904761904763,6.666666666666667,10.0,0.09523809523809523,0.0,1.3333333333333333,0.0,0.0,0.0,0.0,0.0,0.0,0.0,0.9047619047619048,0.6666666666666666,0.0,0.0,6.71904761904762,2.3333333333333335,0.0,0.0,1754780400.0,0.0,CHA,2026-ev-5,278.9583333333333,-0.10010570937723257,73.39999999999999,0.0,0.3333333333333333,0.0,0.0,1.0,1.0,1.0,1.0,1.0,1.0644496004124773,1.0534762513269729,10.83,10.83,16.6
Jack,Kielty,CAN,Defense,Defensemen,001817,13,2026_game_8,10.261904761904763,6.666666666666667,10.0,0.09523809523809523,0.0,1.3333333333333333,0.0,0.0,0.0,0.0,0.0,0.0,0.0,0.9047619047619048,0.6666666666666666,0.0,0.0,6.71904761904762,2.3333333333333335,0.0,0.0,1754780400.0,0.0,CHA,2026-ev-5,278.9583333333333,-0.10010570937723257,73.39999999999999,0.0,0.3333333333333333,0.0,0.0,1.0,1.0,1.0,0.9957463263727765,0.977834563198599,1.0644496004124773,1.0534762513269729,10.83,10.83,16.6
Jeff,Trainor,CAN,Defense,SSDM,001826,10,2026_game_5,12.212121212121213,14.0,32.0,1.1818181818181819,1.0,1.1818181818181819,1.6666666666666667,0.0,0.0,0.0,0.0,0.18181818181818182,0.0,0.5454545454545454,0.6666666666666666,0.0,0.0,8.393939393939394,10.333333333333334,0.26515151515151514,0.6666666666666666,1754780400.0,0.4015151515151515,CHA,2026-ev-5,278.9583333333333,-0.10010570937723257,73.39999999999999,0.0,0.3333333333333333,0.0,0.0,1.0,1.0,1.0,1.0,1.0,0.6481295925183701,1.0154513511104037,7.34,7.34,0.0
Jeff,Trainor,CAN,Defense,SSDM,001826,10,2026_game_8,12.212121212121213,14.0,32.0,1.1818181818181819,1.0,1.1818181818181819,1.6666666666666667,0.0,0.0,0.0,0.0,0.18181818181818182,0.0,0.5454545454545454,0.6666666666666666,0.0,0.0,8.393939393939394,10.333333333333334,0.26515151515151514,0.6666666666666666,1754780400.0,0.4015151515151515,CHA,2026-ev-5,278.9583333333333,-0.10010570937723257,73.39999999999999,0.0,0.3333333333333333,0.0,0.0,1.0,1.0,1.0,1.0,1.0,0.6481295925183701,1.0154513511104037,7.34,7.34,0.0
Marquez,White,CAN,Defense,SSDM,003150,2,2026_game_5,0.0,0.0,0.0,0.0,0.0,0.0,0.0,0.0,0.0,0.0,0.0,0.0,0.0,0.0,0.0,0.0,0.0,0.0,0.0,0.0,0.0,0.0,0.0,CHA,2026-ev-5,7.0,-0.10010570937723257,73.39999999999999,0.0,0.3333333333333333,0.0,0.0,1.0,1.0,1.0,1.0,1.0,1.0,1.0154513511104037,7.44,7.44,0.0
Marquez,White,CAN,Defense,SSDM,003150,2,2026_game_8,0.0,0.0,0.0,0.0,0.0,0.0,0.0,0.0,0.0,0.0,0.0,0.0,0.0,0.0,0.0,0.0,0.0,0.0,0.0,0.0,0.0,0.0,0.0,CHA,2026-ev-5,7.0,-0.10010570937723257,73.39999999999999,0.0,0.3333333333333333,0.0,0.0,1.0,1.0,1.0,1.0,1.0,1.0,1.0154513511104037,7.44,7.44,0.0
Owen,Grant,CAN,Defense,SSDM,003023,18,2026_game_5,16.0,21.333333333333332,1.0,1.3333333333333333,1.3333333333333333,1.4,1.3333333333333333,0.0,0.0,0.0,0.0,0.13333333333333333,0.3333333333333333,1.0,1.3333333333333333,0.0,0.0,4.866666666666666,5.333333333333333,0.15555555555555553,0.16666666666666666,1754780400.0,0.011111111111111127,CHA,2026-ev-5,278.9583333333333,-0.10010570937723257,73.39999999999999,0.0,0.3333333333333333,0.0,0.0,1.0,1.0,1.0,1.0,1.067982046784259,0.9330357142857143,1.0154513511104037,14.75,14.75,39.7
Owen,Grant,CAN,Defense,SSDM,003023,18,2026_game_8,16.0,21.333333333333332,1.0,1.3333333333333333,1.3333333333333333,1.4,1.3333333333333333,0.0,0.0,0.0,0.0,0.13333333333333333,0.3333333333333333,1.0,1.3333333333333333,0.0,0.0,4.866666666666666,5.333333333333333,0.15555555555555553,0.16666666666666666,1754780400.0,0.011111111111111127,CHA,2026-ev-5,278.9583333333333,-0.10010570937723257,73.39999999999999,0.0,0.3333333333333333,0.0,0.0,1.0,1.0,1.0,1.0,1.0,0.9330357142857143,1.0154513511104037,14.75,14.75,39.7
Remington,Reynolds,CAN,Defense,Defensemen,003228,4,2026_game_5,0.0,0.0,0.0,0.0,0.0,0.0,0.0,0.0,0.0,0.0,0.0,0.0,0.0,0.0,0.0,0.0,0.0,0.0,0.0,0.0,0.0,0.0,0.0,CHA,2026-ev-5,7.0,-0.10010570937723257,73.39999999999999,0.0,0.3333333333333333,0.0,0.0,1.0,1.0,1.0,1.0,1.0,1.0,1.0534762513269729,7.44,7.44,0.0
Remington,Reynolds,CAN,Defense,Defensemen,003228,3,2026_game_8,0.0,0.0,0.0,0.0,0.0,0.0,0.0,0.0,0.0,0.0,0.0,0.0,0.0,0.0,0.0,0.0,0.0,0.0,0.0,0.0,0.0,0.0,0.0,CHA,2026-ev-5,7.0,-0.10010570937723257,73.39999999999999,0.0,0.3333333333333333,0.0,0.0,1.0,1.0,1.0,1.0,0.9915549539634088,1.0,1.0534762513269729,7.44,7.44,0.0
Zach,Goodrich,CAN,Defense,SSDM,001671,3,2026_game_5,7.122641509433962,3.0,0.0,0.22641509433962265,0.0,0.8113207547169812,0.0,0.0,0.0,0.09433962264150944,0.0,0.05660377358490566,0.0,0.6226415094339622,0.3333333333333333,0.032345013477088944,0.0,5.754716981132075,2.6666666666666665,0.009433962264150943,0.0,1754780400.0,-0.009433962264150943,CHA,2026-ev-5,278.9583333333333,-0.10010570937723257,73.39999999999999,0.0,0.3333333333333333,0.0,0.0,1.0,1.0,1.0,1.0,1.0,1.0671884406983745,1.0154513511104037,9.15,9.15,6.8
Zach,Goodrich,CAN,Defense,SSDM,001671,3,2026_game_8,7.122641509433962,3.0,0.0,0.22641509433962265,0.0,0.8113207547169812,0.0,0.0,0.0,0.09433962264150944,0.0,0.05660377358490566,0.0,0.6226415094339622,0.3333333333333333,0.032345013477088944,0.0,5.754716981132075,2.6666666666666665,0.009433962264150943,0.0,1754780400.0,-0.009433962264150943,CHA,2026-ev-5,278.9583333333333,-0.10010570937723257,73.39999999999999,0.0,0.3333333333333333,0.0,0.0,1.0,1.0,1.0,1.0,1.0,1.0671884406983745,1.0154513511104037,9.15,9.15,6.8
Alex,Keener,ATL,Defense,SSDM,003258,4,2026_game_6,0.0,0.0,0.0,0.0,0.0,0.0,0.0,0.0,0.0,0.0,0.0,0.0,0.0,0.0,0.0,0.0,0.0,0.0,0.0,0.0,0.0,1778293800.0,0.0,WHP,2026-ev-6,6.916666666666667,0.04479089015947013,73.83333333333334,0.3333333333333333,0.3333333333333333,0.0,0.0,1.0,1.0,1.0,1.0,1.0,1.0,0.8811094503644762,6.36,6.36,0.0
Brett,Makar,ATL,Defense,Defensemen,003009,17,2026_game_6,12.441176470588236,20.0,35.0,0.47058823529411764,1.0,2.9411764705882355,3.6666666666666665,0.0,0.0,0.0,0.0,0.08823529411764706,0.3333333333333333,0.8529411764705882,1.3333333333333333,0.0,0.0,8.411764705882353,9.0,0.058823529411764705,0.0,1778293800.0,-0.058823529411764705,WHP,2026-ev-6,6.916666666666667,0.04479089015947013,73.83333333333334,0.3333333333333333,0.3333333333333333,0.0,0.0,1.0,1.0,1.0,1.0,0.7753877654248391,0.9295078444014613,1.0343728365421572,16.69,16.69,51.1
Chet,Comizio,ATL,Defense,SSDM,003039,3,2026_game_6,5.774193548387097,0.8333333333333334,-0.5,0.5161290322580645,0.3333333333333333,1.3225806451612903,1.0,0.0,0.0,0.0,0.0,0.06451612903225806,0.0,0.3548387096774194,0.0,0.0,0.0,7.451612903225806,5.333333333333333,0.12903225806451613,0.0,1778293800.0,-0.12903225806451613,WHP,2026-ev-6,6.916666666666667,0.04479089015947013,73.83333333333334,0.3333333333333333,0.3333333333333333,0.0,0.0,1.0,1.0,1.0,1.0,1.0,0.9849162011173185,0.8811094503644762,6.11,6.11,0.0
Cooper,Frankenheimer,ATL,Defense,SSDM,003242,2,2026_game_6,0.0,0.0,0.0,0.0,0.0,0.0,0.0,0.0,0.0,0.0,0.0,0.0,0.0,0.0,0.0,0.0,0.0,0.0,0.0,0.0,0.0,1778293800.0,0.0,WHP,2026-ev-6,6.916666666666667,0.04479089015947013,73.83333333333334,0.3333333333333333,0.3333333333333333,0.0,0.0,1.0,1.0,1.0,1.0,1.0,1.0,0.8811094503644762,6.36,6.36,0.0
Danny,Logan,ATL,Defense,SSDM,001819,6,2026_game_6,10.303703703703704,8.766666666666667,21.5,0.7222222222222222,0.6666666666666666,1.6481481481481481,2.0,0.0,0.0,0.24074074074074073,0.3333333333333333,0.2037037037037037,0.3333333333333333,0.4074074074074074,0.0,0.18209876543209874,0.6666666666666666,7.683333333333333,7.0,0.24074074074074073,0.3333333333333333,1757867400.0,0.09259259259259259,WHP,2026-ev-6,243.33333333333334,0.04479089015947013,73.83333333333334,0.3333333333333333,0.3333333333333333,0.0,0.0,1.0,1.0,1.0,1.0,1.0,0.9973640067098011,0.8811094503644762,8.7,8.7,4.1
Eli,Gobrecht,ATL,Defense,Defensemen,000410,5,2026_game_6,10.577586206896552,3.3333333333333335,10.0,0.1724137931034483,0.0,1.9137931034482758,0.0,0.0,0.0,0.43103448275862066,0.0,0.034482758620689655,0.0,0.8793103448275862,0.3333333333333333,0.10494087942386633,0.0,5.1482758620689655,1.6666666666666667,0.05172413793103448,0.0,1754758800.0,-0.05172413793103448,WHP,2026-ev-6,279.3125,0.04479089015947013,73.83333333333334,0.3333333333333333,0.3333333333333333,0.0,0.0,1.0,1.0,1.0,1.0,1.0,0.8561022819885901,1.0343728365421572,9.75,9.75,10.3
Jon,Robbins,ATL,Defense,SSDM,002042,2,2026_game_6,9.133333333333333,3.6666666666666665,3.0,0.26666666666666666,0.3333333333333333,1.3,1.3333333333333333,0.0,0.0,0.0,0.0,0.03333333333333333,0.0,0.7333333333333333,0.3333333333333333,0.0,0.0,3.033333333333333,2.6666666666666665,0.06666666666666667,0.0,1778293800.0,-0.06666666666666667,WHP,2026-ev-6,6.916666666666667,0.04479089015947013,73.83333333333334,0.3333333333333333,0.3333333333333333,0.0,0.0,1.0,1.0,1.0,1.0,1.0,0.7745336577453366,0.8811094503644762,7.34,7.34,0.0
Liam,Kammar,ATL,Defense,SSDM,003259,9,2026_game_6,11.0,11.0,11.0,0.0,0.0,1.0,1.0,0.0,0.0,0.0,0.0,0.0,0.0,1.0,1.0,0.0,0.0,2.0,2.0,0.0,0.0,1778293800.0,0.0,WHP,2026-ev-6,6.916666666666667,0.04479089015947013,73.83333333333334,0.3333333333333333,0.3333333333333333,0.0,0.0,1.0,1.0,1.0,1.0,1.0,1.0,0.8811094503644762,9.44,9.44,8.5
Max,Krevsky,ATL,Defense,SSDM,003172,3,2026_game_6,3.272727272727273,4.0,-1.0,0.7272727272727273,1.0,1.0,1.6666666666666667,0.0,0.0,0.0,0.0,0.18181818181818182,0.0,0.18181818181818182,0.0,0.0,0.0,8.0,8.333333333333334,0.09090909090909091,0.3333333333333333,1778293800.0,0.2424242424242424,WHP,2026-ev-6,6.916666666666667,0.04479089015947013,73.83333333333334,0.3333333333333333,0.3333333333333333,0.0,0.0,1.0,1.0,1.0,1.0,1.0,1.0,0.8811094503644762,7.05,7.05,0.0
Michael,Grace,ATL,Defense,SSDM,003178,5,2026_game_6,18.9,22.333333333333332,12.0,0.7,0.6666666666666666,2.2,2.3333333333333335,0.0,0.0,0.0,0.0,0.4,0.3333333333333333,0.7,1.0,0.0,0.0,6.9,7.333333333333333,0.35,0.3333333333333333,1757867400.0,-0.016666666666666663,WHP,2026-ev-6,243.33333333333334,0.04479089015947013,73.83333333333334,0.3333333333333333,0.3333333333333333,0.0,0.0,1.0,1.0,1.0,1.0,1.0,0.8956916099773242,0.8811094503644762,14.53,14.53,38.4
Michael,Rexrode,ATL,Defense,Defensemen,001397,13,2026_game_6,12.973684210526315,5.666666666666667,4.0,0.14035087719298245,0.3333333333333333,1.6491228070175439,1.0,0.0,0.0,0.0,0.0,0.017543859649122806,0.3333333333333333,1.087719298245614,0.3333333333333333,0.0,0.0,5.489473684210526,7.333333333333333,0.05263157894736842,0.0,1778293800.0,-0.05263157894736842,WHP,2026-ev-6,6.916666666666667,0.04479089015947013,73.83333333333334,0.3333333333333333,0.3333333333333333,0.0,0.0,1.0,1.0,1.0,1.0,0.7458330478295172,1.0921472037090698,1.0343728365421572,10.44,10.44,14.4
Nikko,DiPonio,ATL,Defense,Defensemen,003251,12,2026_game_6,12.0,12.0,12.0,0.0,0.0,2.0,2.0,0.0,0.0,0.0,0.0,0.0,0.0,1.0,1.0,0.0,0.0,9.0,9.0,0.0,0.0,1778293800.0,0.0,WHP,2026-ev-6,6.916666666666667,0.04479089015947013,73.83333333333334,0.3333333333333333,0.3333333333333333,0.0,0.0,1.0,1.0,1.0,1.0,1.0,1.0,1.0343728365421572,10.61,10.61,15.4
Tyler,Carpenter,ATL,Defense,SSDM,003099,8,2026_game_6,11.583333333333334,1.6666666666666667,2.0,0.5416666666666666,0.0,3.25,2.6666666666666665,0.0,0.0,0.0,0.0,0.08333333333333333,0.0,0.5833333333333334,0.0,0.0,0.0,8.0,6.0,0.14583333333333334,0.0,1778293800.0,-0.14583333333333334,WHP,2026-ev-6,6.916666666666667,0.04479089015947013,73.83333333333334,0.3333333333333333,0.3333333333333333,0.0,0.0,1.0,1.0,1.0,1.0,1.0,1.3805755395683452,0.8811094503644762,9.68,9.68,9.9
Ajax,Zappitello,WHP,Defense,Defensemen,003077,17,2026_game_6,18.28,16.0,20.0,0.32,0.0,2.2,2.6666666666666665,0.0,0.0,0.0,0.0,0.08,0.0,1.48,1.3333333333333333,0.0,0.0,9.08,9.333333333333334,0.06,0.0,1778358600.0,-0.06,ATL,2026-ev-6,6.166666666666667,-0.04479089015947013,111.66666666666667,0.3333333333333333,0.3333333333333333,0.0,0.0,1.0,1.0,1.0,0.9062727935813275,0.7351583160723218,0.9321663019693653,1.0177218899060603,12.71,12.71,27.7
Colin,Mulshine,WHP,Defense,Defensemen,003191,4,2026_game_6,0.0,0.0,0.0,0.0,0.0,0.0,0.0,0.0,0.0,0.0,0.0,0.0,0.0,0.0,0.0,0.0,0.0,0.0,0.0,0.0,0.0,1778358600.0,0.0,ATL,2026-ev-6,6.166666666666667,-0.04479089015947013,111.66666666666667,0.3333333333333333,0.3333333333333333,0.0,0.0,1.0,1.0,1.0,1.0,1.0,1.0,1.0177218899060603,6.47,6.47,0.0
Colin,Squires,WHP,Defense,SSDM,001831,5,2026_game_6,8.567241379310344,15.0,42.0,0.20689655172413793,0.0,2.6551724137931036,3.3333333333333335,0.0,0.0,0.13793103448275862,0.0,0.05172413793103448,0.0,0.5689655172413793,1.0,0.08771929824561403,0.0,4.744827586206896,4.333333333333333,0.02586206896551724,0.0,1755986400.0,-0.02586206896551724,ATL,2026-ev-6,265.1041666666667,-0.04479089015947013,111.66666666666667,0.3333333333333333,0.3333333333333333,0.0,0.0,1.0,1.0,1.0,1.0,1.0,0.5664117528677803,1.209827075325416,11.82,11.82,22.5
Jack,McDonald,WHP,Defense,SSDM,003173,8,2026_game_6,7.166666666666667,7.666666666666667,11.0,0.6666666666666666,0.6666666666666666,1.0,1.0,0.0,0.0,0.0,0.0,0.0,0.0,0.3333333333333333,0.6666666666666666,0.0,0.0,4.166666666666667,4.666666666666667,0.16666666666666666,0.0,1778358600.0,-0.16666666666666666,ATL,2026-ev-6,6.166666666666667,-0.04479089015947013,111.66666666666667,0.3333333333333333,0.3333333333333333,0.0,0.0,1.0,1.0,1.0,1.0,1.0,0.0,1.209827075325416,7.23,7.23,0.0
Jack,Pilling,WHP,Defense,SSDM,003260,4,2026_game_6,0.0,0.0,0.0,0.0,0.0,0.0,0.0,0.0,0.0,0.0,0.0,0.0,0.0,0.0,0.0,0.0,0.0,0.0,0.0,0.0,0.0,1778358600.0,0.0,ATL,2026-ev-6,6.166666666666667,-0.04479089015947013,111.66666666666667,0.3333333333333333,0.3333333333333333,0.0,0.0,1.0,1.0,1.0,1.0,1.0,1.0,1.209827075325416,6.61,6.61,0.0
Jack,Posey,WHP,Defense,Defensemen,003128,8,2026_game_6,5.2727272727272725,9.333333333333334,8.0,0.0,0.0,0.9090909090909091,0.3333333333333333,0.0,0.0,0.0,0.0,0.09090909090909091,0.0,0.45454545454545453,1.0,0.0,0.0,3.8181818181818183,3.6666666666666665,0.0,0.0,1778358600.0,0.0,ATL,2026-ev-6,6.166666666666667,-0.04479089015947013,111.66666666666667,0.3333333333333333,0.3333333333333333,0.0,0.0,1.0,1.0,1.0,1.0,1.0,0.8649425287356323,1.0177218899060603,6.89,6.89,0.0
Jake,Bernhardt,WHP,Defense,SSDM,000345,3,2026_game_6,4.8388888888888895,-1.5666666666666667,-5.0,0.5925925925925926,0.3333333333333333,0.6481481481481481,0.6666666666666666,0.0,0.0,0.1111111111111111,0.3333333333333333,0.037037037037037035,0.0,0.2962962962962963,0.0,0.09876543209876543,0.3333333333333333,5.68148148148148,4.333333333333333,0.11574074074074074,0.0,1778358600.0,-0.11574074074074074,ATL,2026-ev-6,6.166666666666667,-0.04479089015947013,111.66666666666667,0.3333333333333333,0.3333333333333333,0.0,0.0,1.0,1.0,1.0,1.0,1.0,0.9434446164050407,1.209827075325416,9.18,9.18,6.9
Joe,Juengerkes,WHP,Defense,SSDM,003255,7,2026_game_6,10.5,10.5,10.5,0.0,0.0,1.0,1.0,0.0,0.0,0.0,0.0,1.0,1.0,0.0,0.0,0.0,0.0,3.0,3.0,0.0,0.0,1778358600.0,0.0,ATL,2026-ev-6,6.166666666666667,-0.04479089015947013,111.66666666666667,0.3333333333333333,0.3333333333333333,0.0,0.0,1.0,1.0,1.0,1.0,1.0,1.0,1.209827075325416,9.47,9.47,8.6
Kyle,Aldridge,WHP,Defense,SSDM,003193,7,2026_game_6,7.0,7.0,4.0,0.0,0.0,2.0,2.0,0.0,0.0,0.0,0.0,0.0,0.0,0.5,0.5,0.0,0.0,7.5,7.5,0.0,0.0,1754179200.0,0.0,ATL,2026-ev-6,286.0208333333333,-0.04479089015947013,111.66666666666667,0.3333333333333333,0.3333333333333333,0.0,0.0,1.0,1.0,1.0,1.0,1.0,1.0714285714285714,1.209827075325416,8.69,8.69,4.1
Matthew,Dunn,WHP,Defense,Defensemen,000355,6,2026_game_6,8.608108108108109,2.3333333333333335,7.0,0.25675675675675674,0.0,1.3243243243243243,0.0,0.0,0.0,0.0,0.0,0.06756756756756757,0.0,0.6756756756756757,0.3333333333333333,0.0,0.0,6.648648648648648,6.0,0.02702702702702703,0.0,1755986400.0,-0.02702702702702703,ATL,2026-ev-6,265.1041666666667,-0.04479089015947013,111.66666666666667,0.3333333333333333,0.3333333333333333,0.0,0.0,1.0,1.0,1.0,1.0,1.0,0.9296333918182658,1.0177218899060603,7.52,7.52,0.0
Payton,Rezanka,WHP,Defense,SSDM,003011,6,2026_game_6,5.681818181818182,0.6666666666666666,1.0,0.45454545454545453,0.3333333333333333,0.5454545454545454,0.6666666666666666,0.0,0.0,0.0,0.0,0.0,0.0,0.36363636363636365,0.0,0.0,0.0,3.6363636363636362,4.0,0.09090909090909091,0.0,1725742800.0,-0.09090909090909091,ATL,2026-ev-6,615.1458333333334,-0.04479089015947013,111.66666666666667,0.3333333333333333,0.3333333333333333,0.0,0.0,1.0,1.0,1.0,1.0,1.0,1.0,1.209827075325416,9.81,9.81,10.6
Tim,Muller,WHP,Defense,Defensemen,000359,10,2026_game_6,9.753246753246753,14.666666666666666,21.0,0.07792207792207792,0.0,1.6883116883116882,2.3333333333333335,0.0,0.0,0.0,0.0,0.05194805194805195,0.0,0.7532467532467533,1.3333333333333333,0.0,0.0,6.488311688311689,6.333333333333333,0.025974025974025976,0.0,1778358600.0,-0.025974025974025976,ATL,2026-ev-6,6.166666666666667,-0.04479089015947013,111.66666666666667,0.3333333333333333,0.3333333333333333,0.0,0.0,1.0,1.0,1.0,1.0,1.0,1.108326153364142,1.0177218899060603,9.38,9.38,8.1
Arden,Cohen,RED,Defense,SSDM,002017,8,2026_game_7,9.804878048780488,1.3333333333333333,0.0,0.04878048780487805,0.0,1.951219512195122,1.3333333333333333,0.0,0.0,0.0,0.0,0.024390243902439025,0.0,0.8048780487804879,0.0,0.0,0.0,4.634146341463414,2.6666666666666665,0.024390243902439025,0.0,1753488000.0,-0.024390243902439025,OUT,2026-ev-7,294.7083333333333,0.05133693642440629,90.16666666666667,0.2777777777777778,0.4444444444444444,0.0,0.0,1.0,1.0,1.0,1.0,1.0,1.3488114980652295,0.9734477659059332,12.4,12.4,25.9
BJ,Farrare,RED,Defense,SSDM,003059,10,2026_game_7,8.566666666666666,7.0,11.0,0.2,0.3333333333333333,1.2,1.3333333333333333,0.0,0.0,0.0,0.0,0.13333333333333333,0.3333333333333333,0.6666666666666666,0.3333333333333333,0.0,0.0,3.933333333333333,4.333333333333333,0.0,0.0,1778284800.0,0.0,OUT,2026-ev-7,7.708333333333333,0.05133693642440629,90.16666666666667,0.2777777777777778,0.4444444444444444,0.0,0.0,1.0,1.0,1.0,1.0,0.9392575928008999,0.8876459143968871,0.9734477659059332,8.13,8.13,0.8
Brian,Tevlin,RED,Defense,SSDM,003024,17,2026_game_7,13.996875000000001,11.333333333333334,20.0,1.3125,1.6666666666666667,2.28125,1.6666666666666667,0.0,0.0,0.09375,0.0,0.125,0.3333333333333333,1.0,0.6666666666666666,0.07575757575757575,0.0,11.40625,11.333333333333334,0.115625,0.0,1778284800.0,-0.115625,OUT,2026-ev-7,7.708333333333333,0.05133693642440629,90.16666666666667,0.2777777777777778,0.4444444444444444,0.0,0.0,1.0,1.0,1.0,1.0,1.0,0.78576567190097,0.9734477659059332,11.86,11.86,22.7
Carter,Rice,RED,Defense,SSDM,003185,5,2026_game_7,4.461538461538462,7.666666666666667,1.0,0.0,0.0,1.3076923076923077,1.0,0.0,0.0,0.0,0.0,0.0,0.0,0.38461538461538464,0.6666666666666666,0.0,0.0,6.615384615384615,6.0,0.0,0.0,1778284800.0,0.0,OUT,2026-ev-7,7.708333333333333,0.05133693642440629,90.16666666666667,0.2777777777777778,0.4444444444444444,0.0,0.0,1.0,1.0,1.0,1.0,1.0,1.0,0.9734477659059332,6.72,6.72,0.0
Chris,Conlin,RED,Defense,Defensemen,003109,9,2026_game_7,9.818181818181818,10.666666666666666,9.0,0.0,0.0,2.272727272727273,1.6666666666666667,0.0,0.0,0.0,0.0,0.0,0.0,0.7727272727272727,1.0,0.0,0.0,7.863636363636363,7.333333333333333,0.0,0.0,1778284800.0,0.0,OUT,2026-ev-7,7.708333333333333,0.05133693642440629,90.16666666666667,0.2777777777777778,0.4444444444444444,0.0,0.0,1.0,1.0,1.0,1.0200617283950617,1.0484405665906058,1.1009259259259259,0.944450265304987,9.96,9.96,11.5
Chris,Fake,RED,Defense,Defensemen,003029,5,2026_game_7,5.208333333333333,12.333333333333334,9.0,0.375,0.3333333333333333,1.4583333333333333,2.0,0.0,0.0,0.0,0.0,0.0,0.0,0.3333333333333333,0.6666666666666666,0.0,0.0,7.083333333333333,9.666666666666666,0.08333333333333333,0.3333333333333333,1778284800.0,0.25,OUT,2026-ev-7,7.708333333333333,0.05133693642440629,90.16666666666667,0.2777777777777778,0.4444444444444444,0.0,0.0,1.0,1.0,1.0,1.3773333333333335,1.3975997006855503,1.268,0.944450265304987,7.82,7.82,0.0
Chris,Merle,RED,Defense,SSDM,002054,4,2026_game_7,11.377272727272727,7.433333333333334,0.8,0.5909090909090909,1.0,1.6363636363636365,0.6666666666666666,0.0,0.0,0.045454545454545456,0.3333333333333333,0.045454545454545456,0.0,0.8181818181818182,0.3333333333333333,0.3333333333333333,0.3333333333333333,6.590909090909091,4.0,0.18181818181818182,0.3333333333333333,1778284800.0,0.1515151515151515,OUT,2026-ev-7,7.708333333333333,0.05133693642440629,90.16666666666667,0.2777777777777778,0.4444444444444444,0.0,0.0,1.0,1.0,1.0,1.0,1.0,0.8996703955253695,0.9734477659059332,8.77,8.77,4.5
Cole,Kastner,RED,Defense,Defensemen,003105,7,2026_game_7,8.333333333333334,1.3333333333333333,1.0,0.0,0.0,0.8888888888888888,1.3333333333333333,0.0,0.0,0.0,0.0,0.0,0.0,0.7777777777777778,0.0,0.0,0.0,4.666666666666667,5.666666666666667,0.0,0.0,1778284800.0,0.0,OUT,2026-ev-7,7.708333333333333,0.05133693642440629,90.16666666666667,0.2777777777777778,0.4444444444444444,0.0,0.0,1.0,1.0,1.0,1.0,1.0,1.04,0.944450265304987,8.28,8.28,1.6
Jared,Conners,RED,Defense,SSDM,001813,8,2026_game_7,9.16,3.6666666666666665,1.0,0.7090909090909091,0.3333333333333333,2.309090909090909,2.3333333333333335,0.0,0.0,0.01818181818181818,0.0,0.14545454545454545,0.0,0.5818181818181818,0.3333333333333333,0.05,0.0,6.590909090909091,6.666666666666667,0.07272727272727272,0.0,1778284800.0,-0.07272727272727272,OUT,2026-ev-7,7.708333333333333,0.05133693642440629,90.16666666666667,0.2777777777777778,0.4444444444444444,0.0,0.0,1.0,1.0,1.0,1.0,1.0,0.980349344978166,0.9734477659059332,9.2,9.2,7.1
Matt,Wright,RED,Defense,SSDM,003229,3,2026_game_7,0.0,0.0,0.0,0.0,0.0,0.0,0.0,0.0,0.0,0.0,0.0,0.0,0.0,0.0,0.0,0.0,0.0,0.0,0.0,0.0,0.0,1778284800.0,0.0,OUT,2026-ev-7,7.708333333333333,0.05133693642440629,90.16666666666667,0.2777777777777778,0.4444444444444444,0.0,0.0,1.0,1.0,1.0,1.0,1.0,1.0,0.9734477659059332,6.48,6.48,0.0
Nicholas,Caccamo,RED,Defense,SSDM,003245,3,2026_game_7,0.0,0.0,0.0,0.0,0.0,0.0,0.0,0.0,0.0,0.0,0.0,0.0,0.0,0.0,0.0,0.0,0.0,0.0,0.0,0.0,0.0,1778284800.0,0.0,OUT,2026-ev-7,7.708333333333333,0.05133693642440629,90.16666666666667,0.2777777777777778,0.4444444444444444,0.0,0.0,1.0,1.0,1.0,1.0,1.0,1.0,0.9734477659059332,6.48,6.48,0.0
Alexander,Smith,OUT,Defense,SSDM,002074,9,2026_game_7,4.5,7.666666666666667,22.0,0.08,0.3333333333333333,0.96,2.0,0.0,0.0,0.0,0.0,0.04,0.0,0.4,0.6666666666666666,0.0,0.0,5.08,6.333333333333333,0.0,0.0,1778367600.0,0.0,RED,2026-ev-7,6.75,-0.05133693642440629,59.833333333333336,0.2777777777777778,0.2222222222222222,0.0,0.0,1.0,1.0,1.0,1.0,1.0,1.0,1.021673133171264,7.35,7.35,0.0
Ben,Randall,OUT,Defense,Defensemen,001406,14,2026_game_7,15.421052631578947,15.666666666666666,14.0,0.3684210526315789,0.0,2.192982456140351,3.0,0.0,0.0,0.0,0.0,0.05263157894736842,0.3333333333333333,1.263157894736842,1.3333333333333333,0.0,0.0,8.052631578947368,8.666666666666666,0.07017543859649122,0.0,1778367600.0,-0.07017543859649122,RED,2026-ev-7,6.75,-0.05133693642440629,59.833333333333336,0.2777777777777778,0.2222222222222222,0.0,0.0,1.0,1.0,1.0,1.0,0.8543307086614174,0.8501706484641638,0.8916012355249738,12.76,12.76,28.0
Greg,Weyl,OUT,Defense,Defensemen,001415,5,2026_game_7,15.625,3.6666666666666665,10.0,0.375,0.0,1.4375,0.3333333333333333,0.0,0.0,0.0,0.0,0.0,0.0,1.1875,0.3333333333333333,0.0,0.0,5.28125,0.3333333333333333,0.15625,0.0,1778367600.0,-0.15625,RED,2026-ev-7,6.75,-0.05133693642440629,59.833333333333336,0.2777777777777778,0.2222222222222222,0.0,0.0,1.0,1.0,1.0,1.0,1.0,1.0573333333333335,0.8916012355249738,8.69,8.69,4.1
Jack,Gray,OUT,Defense,SSDM,003183,5,2026_game_7,5.328571428571428,1.8333333333333333,7.5,0.14285714285714285,0.0,0.42857142857142855,0.6666666666666666,0.0,0.0,0.14285714285714285,0.0,0.14285714285714285,0.0,0.2857142857142857,0.3333333333333333,0.75,0.6666666666666666,2.857142857142857,3.3333333333333335,0.14285714285714285,0.0,1778367600.0,-0.14285714285714285,RED,2026-ev-7,6.75,-0.05133693642440629,59.833333333333336,0.2777777777777778,0.2222222222222222,0.0,0.0,1.0,1.0,1.0,1.0,1.0,0.8333333333333334,1.021673133171264,5.41,5.41,0.0
Jake,Piseno,OUT,Defense,SSDM,003083,21,2026_game_7,17.166666666666668,15.666666666666666,23.0,1.2083333333333333,0.6666666666666666,3.0416666666666665,2.3333333333333335,0.0,0.0,0.0,0.0,0.20833333333333334,0.0,0.9583333333333334,1.3333333333333333,0.0,0.0,8.041666666666666,5.666666666666667,0.13194444444444445,0.0,1778367600.0,-0.13194444444444445,RED,2026-ev-7,6.75,-0.05133693642440629,59.833333333333336,0.2777777777777778,0.2222222222222222,0.0,0.0,1.0,1.0,1.0,1.0,1.0,0.7679611650485436,1.021673133171264,14.89,14.89,40.5
JT,Giles-Harris,OUT,Defense,Defensemen,001811,11,2026_game_7,9.272727272727273,7.333333333333333,22.0,0.06818181818181818,0.0,1.5454545454545454,1.6666666666666667,0.0,0.0,0.0,0.0,0.022727272727272728,0.0,0.8181818181818182,0.6666666666666666,0.0,0.0,7.9772727272727275,9.333333333333334,0.0,0.0,1778367600.0,0.0,RED,2026-ev-7,6.75,-0.05133693642440629,59.833333333333336,0.2777777777777778,0.2222222222222222,0.0,0.0,1.0,1.0,1.0,1.0,0.9596491228070176,0.7911764705882353,0.8916012355249738,9.38,9.38,8.1
Kevin,Parnham,OUT,Defense,Defensemen,003182,2,2026_game_7,1.0,1.0,1.0,0.0,0.0,1.0,1.0,0.0,0.0,0.0,0.0,0.0,0.0,0.0,0.0,0.0,0.0,8.0,8.0,0.0,0.0,1778367600.0,0.0,RED,2026-ev-7,6.75,-0.05133693642440629,59.833333333333336,0.2777777777777778,0.2222222222222222,0.0,0.0,1.0,1.0,1.0,1.0,1.0,1.0,0.8916012355249738,6.42,6.42,0.0
Michael,Manley,OUT,Defense,Defensemen,000302,10,2026_game_7,13.0,14.333333333333334,10.0,0.7575757575757576,1.6666666666666667,2.015151515151515,1.0,0.0,0.0,0.0,0.0,0.09090909090909091,0.3333333333333333,0.9242424242424242,1.0,0.0,0.0,7.693939393939394,8.0,0.12878787878787878,0.0,1757867400.0,-0.12878787878787878,RED,2026-ev-7,244.02083333333334,-0.05133693642440629,59.833333333333336,0.2777777777777778,0.2222222222222222,0.0,0.0,1.0,1.0,1.0,1.0,0.812730260153304,0.7756410256410257,0.8916012355249738,10.8,10.8,16.5
Nick,Grill,OUT,Defense,SSDM,001839,5,2026_game_7,6.5875,0.3333333333333333,0.0,0.025,0.0,1.25,0.3333333333333333,0.0,0.0,0.0,0.0,0.025,0.0,0.55,0.0,0.0,0.0,3.2600000000000002,1.0,0.0,0.0,1757867400.0,0.0,RED,2026-ev-7,244.02083333333334,-0.05133693642440629,59.833333333333336,0.2777777777777778,0.2222222222222222,0.0,0.0,1.0,1.0,1.0,1.0,1.0,0.7884250474383301,1.021673133171264,5.7,5.7,0.0
Ryan,Terefenko,OUT,Defense,SSDM,001820,5,2026_game_7,9.424528301886792,8.666666666666666,19.5,1.0188679245283019,1.0,1.830188679245283,0.0,0.0,0.0,0.0,0.0,0.3018867924528302,0.6666666666666666,0.33962264150943394,0.0,0.0,0.0,11.507547169811321,13.666666666666666,0.2232704402515723,0.16666666666666666,1757867400.0,-0.05660377358490565,RED,2026-ev-7,244.02083333333334,-0.05133693642440629,59.833333333333336,0.2777777777777778,0.2222222222222222,0.0,0.0,1.0,1.0,1.0,1.0,1.0,1.2003003003003003,1.021673133171264,9.11,9.11,6.5
Zach,Geddes,OUT,Defense,SSDM,002022,12,2026_game_7,10.226190476190476,11.333333333333334,0.5,1.0238095238095237,1.0,1.619047619047619,1.6666666666666667,0.0,0.0,0.0,0.0,0.11904761904761904,0.0,0.5,0.6666666666666666,0.0,0.0,7.857142857142857,9.333333333333334,0.1753968253968254,0.3333333333333333,1778367600.0,0.1579365079365079,RED,2026-ev-7,6.75,-0.05133693642440629,59.833333333333336,0.2777777777777778,0.2222222222222222,0.0,0.0,1.0,1.0,1.0,1.0,1.0,1.2036476523088862,1.021673133171264,8.56,8.56,3.3
Ben,Wayer,WAT,Defense,SSDM,003179,16,2026_game_8,15.461538461538462,20.666666666666668,8.0,1.3846153846153846,1.3333333333333333,2.4615384615384617,1.6666666666666667,0.0,0.0,0.0,0.0,0.23076923076923078,0.3333333333333333,0.6153846153846154,0.3333333333333333,0.0,0.0,7.384615384615385,6.666666666666667,0.21153846153846154,0.3333333333333333,1778358600.0,0.12179487179487178,CAN,2026-ev-8,7.145833333333333,0.06338512938395086,92.0,0.3333333333333333,0.0,0.0,0.0,1.0,1.0,1.0,1.0,1.0,0.7789623312011372,0.9896457068187122,15.32,15.32,43.1
Charlie,Hayes,WAT,Defense,SSDM,001733,7,2026_game_8,7.173076923076923,7.166666666666667,10.0,0.46153846153846156,0.3333333333333333,1.6538461538461537,1.6666666666666667,0.0,0.0,0.0,0.0,0.07692307692307693,0.0,0.4230769230769231,0.6666666666666666,0.0,0.0,5.63076923076923,6.333333333333333,0.11538461538461539,0.0,1778358600.0,-0.11538461538461539,CAN,2026-ev-8,7.145833333333333,0.06338512938395086,92.0,0.3333333333333333,0.0,0.0,0.0,1.0,1.0,1.0,1.0,1.0,1.112935656836461,0.9896457068187122,8.02,8.02,0.1
Dylan,Hess,WAT,Defense,SSDM,003101,6,2026_game_8,8.23076923076923,11.333333333333334,13.0,0.6153846153846154,0.6666666666666666,1.3846153846153846,2.3333333333333335,0.0,0.0,0.0,0.0,0.15384615384615385,0.3333333333333333,0.38461538461538464,0.3333333333333333,0.0,0.0,7.615384615384615,8.666666666666666,0.15384615384615385,0.3333333333333333,1778358600.0,0.17948717948717946,CAN,2026-ev-8,7.145833333333333,0.06338512938395086,92.0,0.3333333333333333,0.0,0.0,0.0,1.0,1.0,1.0,1.0,1.0,0.7576769025367156,0.9896457068187122,8.17,8.17,1.0
Gavin,Adler,WAT,Defense,Defensemen,003008,11,2026_game_8,16.4375,7.666666666666667,1.0,0.03125,0.0,1.3125,1.0,0.0,0.0,0.0,0.0,0.03125,0.0,1.40625,0.6666666666666666,0.0,0.0,6.3125,6.333333333333333,0.03125,0.0,1778358600.0,-0.03125,CAN,2026-ev-8,7.145833333333333,0.06338512938395086,92.0,0.3333333333333333,0.0,0.0,0.0,1.0,1.0,1.0,1.1983523447401776,1.1579097579613142,0.8969927410992049,1.0519749399760927,12.04,12.04,23.8
Jack,DiBenedetto,WAT,Defense,Defensemen,003112,6,2026_game_8,4.75,6.333333333333333,8.0,0.0,0.0,1.25,0.6666666666666666,0.0,0.0,0.0,0.0,0.0,0.0,0.5,0.6666666666666666,0.0,0.0,4.25,4.666666666666667,0.0,0.0,1754101800.0,0.0,CAN,2026-ev-8,287.8958333333333,0.06338512938395086,92.0,0.3333333333333333,0.0,0.0,0.0,1.0,1.0,1.0,1.0,1.0,1.0,1.0519749399760927,7.0,7.0,0.0
Jimmy,Freehill,WAT,Defense,Defensemen,003181,14,2026_game_8,14.166666666666666,17.0,0.0,0.75,0.6666666666666666,1.3333333333333333,0.3333333333333333,0.0,0.0,0.0,0.0,0.0,0.0,0.8333333333333334,1.0,0.0,0.0,6.833333333333333,3.3333333333333335,0.20833333333333334,0.3333333333333333,1778358600.0,0.12499999999999997,CAN,2026-ev-8,7.145833333333333,0.06338512938395086,92.0,0.3333333333333333,0.0,0.0,0.0,1.0,1.0,1.0,1.0,1.0,0.9361344537815126,1.0519749399760927,10.59,10.59,15.2
Kenny,Brower,WAT,Defense,Defensemen,003089,15,2026_game_8,15.818181818181818,18.666666666666668,22.0,0.09090909090909091,0.0,1.7272727272727273,2.0,0.0,0.0,0.0,0.0,0.09090909090909091,0.0,1.2727272727272727,1.6666666666666667,0.0,0.0,5.454545454545454,4.333333333333333,0.0,0.0,1778358600.0,0.0,CAN,2026-ev-8,7.145833333333333,0.06338512938395086,92.0,0.3333333333333333,0.0,0.0,0.0,1.0,1.0,1.0,1.0,0.8190922615248644,1.3074712643678161,1.0519749399760927,15.65,15.65,45.0
Malik,Sparrow,WAT,Defense,SSDM,003074,3,2026_game_8,0.0,0.0,0.0,0.0,0.0,0.0,0.0,0.0,0.0,0.0,0.0,0.0,0.0,0.0,0.0,0.0,0.0,0.0,0.0,0.0,0.0,1778358600.0,0.0,CAN,2026-ev-8,7.145833333333333,0.06338512938395086,92.0,0.3333333333333333,0.0,0.0,0.0,1.0,1.0,1.0,1.0,1.0,1.0,0.9896457068187122,6.43,6.43,0.0
Marcus,Hudgins,WAT,Defense,SSDM,003096,14,2026_game_8,13.470588235294118,11.666666666666666,12.0,0.11764705882352941,0.3333333333333333,2.176470588235294,2.6666666666666665,0.0,0.0,0.0,0.0,0.058823529411764705,0.0,1.1176470588235294,1.0,0.0,0.0,5.470588235294118,4.0,0.0,0.0,1778358600.0,0.0,CAN,2026-ev-8,7.145833333333333,0.06338512938395086,92.0,0.3333333333333333,0.0,0.0,0.0,1.0,1.0,1.0,1.0,1.0,0.9405021834061136,0.9896457068187122,10.76,10.76,16.2
Matt,Whitcher,WAT,Defense,SSDM,001707,9,2026_game_8,8.278846153846153,7.0,11.0,0.7884615384615384,0.6666666666666666,1.3846153846153846,1.6666666666666667,0.0,0.0,0.0,0.0,0.019230769230769232,0.3333333333333333,0.5192307692307693,0.0,0.0,0.0,6.498076923076923,5.333333333333333,0.1762820512820513,0.16666666666666666,1778358600.0,-0.009615384615384637,CAN,2026-ev-8,7.145833333333333,0.06338512938395086,92.0,0.3333333333333333,0.0,0.0,0.0,1.0,1.0,1.0,1.0,1.0,0.7885349261655883,0.9896457068187122,8.28,8.28,1.6
Tate,Gallagher,WAT,Defense,SSDM,003044,2,2026_game_8,0.0,0.0,0.0,0.0,0.0,0.0,0.0,0.0,0.0,0.0,0.0,0.0,0.0,0.0,0.0,0.0,0.0,0.0,0.0,0.0,0.0,1778358600.0,0.0,CAN,2026-ev-8,7.145833333333333,0.06338512938395086,92.0,0.3333333333333333,0.0,0.0,0.0,1.0,1.0,1.0,1.0,1.0,1.0,0.9896457068187122,6.43,6.43,0.0
Ben,Ramsey,CAN,Defense,SSDM,003184,11,2026_game_5,11.5,8.333333333333334,2.0,0.5,1.0,2.6,1.6666666666666667,0.0,0.0,0.0,0.0,0.3,0.0,0.3,0.0,0.0,0.0,9.4,8.0,0.15,0.16666666666666666,1754780400.0,0.016666666666666663,WAT,2026-ev-8,280.0416666666667,-0.06338512938395086,85.2,0.0,0.2222222222222222,0.0,0.0,1.0,1.0,1.0,1.0,1.0,1.0,0.9292919931197823,15.2,15.2,42.4
Ben,Ramsey,CAN,Defense,SSDM,003184,11,2026_game_8,11.5,8.333333333333334,2.0,0.5,1.0,2.6,1.6666666666666667,0.0,0.0,0.0,0.0,0.3,0.0,0.3,0.0,0.0,0.0,9.4,8.0,0.15,0.16666666666666666,1754780400.0,0.016666666666666663,WAT,2026-ev-8,280.0416666666667,-0.06338512938395086,85.2,0.0,0.2222222222222222,0.0,0.0,1.0,1.0,1.0,1.0,1.0,1.0,0.9292919931197823,15.2,15.2,42.4
Bryce,Young,CAN,Defense,Defensemen,000337,5,2026_game_5,11.04109589041096,-1.0,0.0,0.1643835616438356,0.0,1.8630136986301369,1.0,0.0,0.0,0.0,0.0,0.0410958904109589,0.0,0.8904109589041096,0.0,0.0,0.0,5.890410958904109,2.0,0.0410958904109589,0.0,1754780400.0,-0.0410958904109589,WAT,2026-ev-8,280.0416666666667,-0.06338512938395086,85.2,0.0,0.2222222222222222,0.0,0.0,1.0,1.0,1.0,1.0,1.0,1.0993331265508683,0.9052374382022587,9.32,9.32,7.8
Bryce,Young,CAN,Defense,Defensemen,000337,5,2026_game_8,11.04109589041096,-1.0,0.0,0.1643835616438356,0.0,1.8630136986301369,1.0,0.0,0.0,0.0,0.0,0.0410958904109589,0.0,0.8904109589041096,0.0,0.0,0.0,5.890410958904109,2.0,0.0410958904109589,0.0,1754780400.0,-0.0410958904109589,WAT,2026-ev-8,280.0416666666667,-0.06338512938395086,85.2,0.0,0.2222222222222222,0.0,0.0,1.0,1.0,1.0,1.0,1.0,1.0993331265508683,0.9052374382022587,9.32,9.32,7.8
Christian,Fournier,CAN,Defense,SSDM,003233,4,2026_game_5,0.0,0.0,0.0,0.0,0.0,0.0,0.0,0.0,0.0,0.0,0.0,0.0,0.0,0.0,0.0,0.0,0.0,0.0,0.0,0.0,0.0,0.0,0.0,WAT,2026-ev-8,7.0,-0.06338512938395086,85.2,0.0,0.2222222222222222,0.0,0.0,1.0,1.0,1.0,1.0,1.0,1.0,0.9292919931197823,7.23,7.23,0.0
Christian,Fournier,CAN,Defense,SSDM,003233,4,2026_game_8,0.0,0.0,0.0,0.0,0.0,0.0,0.0,0.0,0.0,0.0,0.0,0.0,0.0,0.0,0.0,0.0,0.0,0.0,0.0,0.0,0.0,0.0,0.0,WAT,2026-ev-8,7.0,-0.06338512938395086,85.2,0.0,0.2222222222222222,0.0,0.0,1.0,1.0,1.0,1.0,1.0,1.0,0.9292919931197823,7.23,7.23,0.0
Ethan,Rall,CAN,Defense,SSDM,003041,17,2026_game_5,17.546875,11.333333333333334,1.0,0.5,0.3333333333333333,2.8125,2.3333333333333335,0.0,0.0,0.3125,0.0,0.03125,0.0,1.46875,1.0,0.22187447646522723,0.3,4.375,3.0,0.125,0.0,1754780400.0,-0.125,WAT,2026-ev-8,280.0416666666667,-0.06338512938395086,85.2,0.0,0.2222222222222222,0.0,0.0,1.0,1.0,1.0,1.0,1.0,0.8529587954343074,0.9292919931197823,14.97,14.97,41.0
Ethan,Rall,CAN,Defense,SSDM,003041,16,2026_game_8,17.546875,11.333333333333334,1.0,0.5,0.3333333333333333,2.8125,2.3333333333333335,0.0,0.0,0.3125,0.0,0.03125,0.0,1.46875,1.0,0.22187447646522723,0.3,4.375,3.0,0.125,0.0,1754780400.0,-0.125,WAT,2026-ev-8,280.0416666666667,-0.06338512938395086,85.2,0.0,0.2222222222222222,0.0,0.0,1.0,1.0,1.0,1.0,1.0,0.8529587954343074,0.9292919931197823,14.97,14.97,41.0
Jack,Kielty,CAN,Defense,Defensemen,001817,13,2026_game_5,10.261904761904763,6.666666666666667,10.0,0.09523809523809523,0.0,1.3333333333333333,0.0,0.0,0.0,0.0,0.0,0.0,0.0,0.9047619047619048,0.6666666666666666,0.0,0.0,6.71904761904762,2.3333333333333335,0.0,0.0,1754780400.0,0.0,WAT,2026-ev-8,280.0416666666667,-0.06338512938395086,85.2,0.0,0.2222222222222222,0.0,0.0,1.0,1.0,1.0,1.0,1.0,0.6769587720863823,0.9052374382022587,9.35,9.35,7.9
Jack,Kielty,CAN,Defense,Defensemen,001817,13,2026_game_8,10.261904761904763,6.666666666666667,10.0,0.09523809523809523,0.0,1.3333333333333333,0.0,0.0,0.0,0.0,0.0,0.0,0.0,0.9047619047619048,0.6666666666666666,0.0,0.0,6.71904761904762,2.3333333333333335,0.0,0.0,1754780400.0,0.0,WAT,2026-ev-8,280.0416666666667,-0.06338512938395086,85.2,0.0,0.2222222222222222,0.0,0.0,1.0,1.0,1.0,0.9957463263727765,0.977834563198599,0.6769587720863823,0.9052374382022587,9.35,9.35,7.9
Jeff,Trainor,CAN,Defense,SSDM,001826,10,2026_game_5,12.212121212121213,14.0,32.0,1.1818181818181819,1.0,1.1818181818181819,1.6666666666666667,0.0,0.0,0.0,0.0,0.18181818181818182,0.0,0.5454545454545454,0.6666666666666666,0.0,0.0,8.393939393939394,10.333333333333334,0.26515151515151514,0.6666666666666666,1754780400.0,0.4015151515151515,WAT,2026-ev-8,280.0416666666667,-0.06338512938395086,85.2,0.0,0.2222222222222222,0.0,0.0,1.0,1.0,1.0,1.0,1.0,0.8983421388231008,0.9292919931197823,8.64,8.64,3.8
Jeff,Trainor,CAN,Defense,SSDM,001826,10,2026_game_8,12.212121212121213,14.0,32.0,1.1818181818181819,1.0,1.1818181818181819,1.6666666666666667,0.0,0.0,0.0,0.0,0.18181818181818182,0.0,0.5454545454545454,0.6666666666666666,0.0,0.0,8.393939393939394,10.333333333333334,0.26515151515151514,0.6666666666666666,1754780400.0,0.4015151515151515,WAT,2026-ev-8,280.0416666666667,-0.06338512938395086,85.2,0.0,0.2222222222222222,0.0,0.0,1.0,1.0,1.0,1.0,1.0,0.8983421388231008,0.9292919931197823,8.64,8.64,3.8
Marquez,White,CAN,Defense,SSDM,003150,2,2026_game_5,0.0,0.0,0.0,0.0,0.0,0.0,0.0,0.0,0.0,0.0,0.0,0.0,0.0,0.0,0.0,0.0,0.0,0.0,0.0,0.0,0.0,0.0,0.0,WAT,2026-ev-8,7.0,-0.06338512938395086,85.2,0.0,0.2222222222222222,0.0,0.0,1.0,1.0,1.0,1.0,1.0,1.0,0.9292919931197823,7.23,7.23,0.0
Marquez,White,CAN,Defense,SSDM,003150,2,2026_game_8,0.0,0.0,0.0,0.0,0.0,0.0,0.0,0.0,0.0,0.0,0.0,0.0,0.0,0.0,0.0,0.0,0.0,0.0,0.0,0.0,0.0,0.0,0.0,WAT,2026-ev-8,7.0,-0.06338512938395086,85.2,0.0,0.2222222222222222,0.0,0.0,1.0,1.0,1.0,1.0,1.0,1.0,0.9292919931197823,7.23,7.23,0.0
Owen,Grant,CAN,Defense,SSDM,003023,18,2026_game_5,16.0,21.333333333333332,1.0,1.3333333333333333,1.3333333333333333,1.4,1.3333333333333333,0.0,0.0,0.0,0.0,0.13333333333333333,0.3333333333333333,1.0,1.3333333333333333,0.0,0.0,4.866666666666666,5.333333333333333,0.15555555555555553,0.16666666666666666,1754780400.0,0.011111111111111127,WAT,2026-ev-8,280.0416666666667,-0.06338512938395086,85.2,0.0,0.2222222222222222,0.0,0.0,1.0,1.0,1.0,1.0,1.067982046784259,1.25,0.9292919931197823,14.9,14.9,40.6
Owen,Grant,CAN,Defense,SSDM,003023,18,2026_game_8,16.0,21.333333333333332,1.0,1.3333333333333333,1.3333333333333333,1.4,1.3333333333333333,0.0,0.0,0.0,0.0,0.13333333333333333,0.3333333333333333,1.0,1.3333333333333333,0.0,0.0,4.866666666666666,5.333333333333333,0.15555555555555553,0.16666666666666666,1754780400.0,0.011111111111111127,WAT,2026-ev-8,280.0416666666667,-0.06338512938395086,85.2,0.0,0.2222222222222222,0.0,0.0,1.0,1.0,1.0,1.0,1.0,1.25,0.9292919931197823,14.9,14.9,40.6
Remington,Reynolds,CAN,Defense,Defensemen,003228,4,2026_game_5,0.0,0.0,0.0,0.0,0.0,0.0,0.0,0.0,0.0,0.0,0.0,0.0,0.0,0.0,0.0,0.0,0.0,0.0,0.0,0.0,0.0,0.0,0.0,WAT,2026-ev-8,7.0,-0.06338512938395086,85.2,0.0,0.2222222222222222,0.0,0.0,1.0,1.0,1.0,1.0,1.0,1.0,0.9052374382022587,7.23,7.23,0.0
Remington,Reynolds,CAN,Defense,Defensemen,003228,3,2026_game_8,0.0,0.0,0.0,0.0,0.0,0.0,0.0,0.0,0.0,0.0,0.0,0.0,0.0,0.0,0.0,0.0,0.0,0.0,0.0,0.0,0.0,0.0,0.0,WAT,2026-ev-8,7.0,-0.06338512938395086,85.2,0.0,0.2222222222222222,0.0,0.0,1.0,1.0,1.0,1.0,0.9915549539634088,1.0,0.9052374382022587,7.23,7.23,0.0
Zach,Goodrich,CAN,Defense,SSDM,001671,3,2026_game_5,7.122641509433962,3.0,0.0,0.22641509433962265,0.0,0.8113207547169812,0.0,0.0,0.0,0.09433962264150944,0.0,0.05660377358490566,0.0,0.6226415094339622,0.3333333333333333,0.032345013477088944,0.0,5.754716981132075,2.6666666666666665,0.009433962264150943,0.0,1754780400.0,-0.009433962264150943,WAT,2026-ev-8,280.0416666666667,-0.06338512938395086,85.2,0.0,0.2222222222222222,0.0,0.0,1.0,1.0,1.0,1.0,1.0,0.7301898454746136,0.9292919931197823,8.24,8.24,1.4
Zach,Goodrich,CAN,Defense,SSDM,001671,3,2026_game_8,7.122641509433962,3.0,0.0,0.22641509433962265,0.0,0.8113207547169812,0.0,0.0,0.0,0.09433962264150944,0.0,0.05660377358490566,0.0,0.6226415094339622,0.3333333333333333,0.032345013477088944,0.0,5.754716981132075,2.6666666666666665,0.009433962264150943,0.0,1754780400.0,-0.009433962264150943,WAT,2026-ev-8,280.0416666666667,-0.06338512938395086,85.2,0.0,0.2222222222222222,0.0,0.0,1.0,1.0,1.0,1.0,1.0,0.7301898454746136,0.9292919931197823,8.24,8.24,1.4
Justin,Inacio,CHA,Faceoff,Faceoff,002032,18,2026_game_5,12.147368421052633,21.766666666666666,15.8,1.105263157894737,1.6666666666666667,7.2105263157894735,13.333333333333334,0.0,0.0,11.894736842105264,17.0,0.05263157894736842,0.0,0.0,0.0,0.49743789248787446,0.6752136752136751,6.421052631578948,12.333333333333334,0.13157894736842105,0.0,1778293800.0,-0.13157894736842105,CAN,2026-ev-5,6.8125,0.10010570937723257,24.7,0.3888888888888889,0.0,0.0,0.0,1.0,1.0,1.0,1.0,1.0201685501525803,1.3093587521663776,1.4049654499531468,14.24,14.24,36.7
Zac,Tucci,CAN,Faceoff,Faceoff,002067,11,2026_game_5,11.651999999999997,13.766666666666666,12.7,1.72,1.3333333333333333,5.48,5.333333333333333,0.0,0.0,10.84,12.0,0.04,0.0,0.16,0.3333333333333333,0.45048465445295416,0.45733550337130896,5.2,4.333333333333333,0.13,0.5,1754780400.0,0.37,CHA,2026-ev-5,278.9583333333333,-0.10010570937723257,25.066666666666663,0.0,0.3333333333333333,0.0,0.0,1.0,1.0,1.0,1.0,1.2870061454349282,0.8690353587366976,1.028196586089215,18.65,18.65,62.6
Zac,Tucci,CAN,Faceoff,Faceoff,002067,11,2026_game_8,11.651999999999997,13.766666666666666,12.7,1.72,1.3333333333333333,5.48,5.333333333333333,0.0,0.0,10.84,12.0,0.04,0.0,0.16,0.3333333333333333,0.45048465445295416,0.45733550337130896,5.2,4.333333333333333,0.13,0.5,1754780400.0,0.37,CHA,2026-ev-5,278.9583333333333,-0.10010570937723257,25.066666666666663,0.0,0.3333333333333333,0.0,0.0,1.0,1.0,1.0,1.0,0.8838514680483592,0.8690353587366976,1.028196586089215,18.16,18.16,59.8
Nathan,Laliberte,ATL,Faceoff,Faceoff,003151,5,2026_game_6,1.6,1.6,1.6,1.0,1.0,3.0,3.0,0.0,0.0,12.0,12.0,0.0,0.0,0.0,0.0,0.42857142857142855,0.42857142857142855,3.0,3.0,0.0,0.0,1778293800.0,0.0,WHP,2026-ev-6,6.916666666666667,0.04479089015947013,13.1,0.3333333333333333,0.3333333333333333,0.0,0.0,1.0,1.0,1.0,1.0,1.067985927880387,1.0,0.7299626272932981,10.44,10.44,14.4
Trevor,Baptiste,ATL,Faceoff,Faceoff,000254,16,2026_game_6,25.518309859154925,31.8,23.6,1.5492957746478873,1.0,10.084507042253522,10.666666666666666,0.0,0.0,16.985915492957748,21.0,0.19718309859154928,0.3333333333333333,0.22535211267605634,0.0,0.6536699542321408,0.6851851851851851,11.658000000000001,14.333333333333334,0.19647887323943664,0.3333333333333333,1757867400.0,0.13685446009389668,WHP,2026-ev-6,243.33333333333334,0.04479089015947013,13.1,0.3333333333333333,0.3333333333333333,0.0,0.0,1.0,1.0,1.0,1.0,1.0,0.8819308714765297,0.7299626272932981,29.95,29.95,100.0
Joseph,Nardella,WHP,Faceoff,Faceoff,000350,16,2026_game_6,21.1671875,19.833333333333332,20.0,1.03125,1.3333333333333333,7.859375,5.333333333333333,0.0,0.0,14.828125,13.333333333333334,0.296875,0.0,0.21875,0.3333333333333333,0.6080525158978455,0.5056980056980057,9.62725,8.0,0.19791666666666663,0.8333333333333334,1755986400.0,0.6354166666666667,ATL,2026-ev-6,265.1041666666667,-0.04479089015947013,-2.6,0.3333333333333333,0.3333333333333333,0.0,0.0,1.0,1.0,1.0,1.0,1.0,0.697103909844738,0.5839913751952979,15.34,15.34,43.2
Matthew,Paolatto,WHP,Faceoff,Faceoff,003202,2,2026_game_6,0.0,0.0,0.0,0.0,0.0,0.0,0.0,0.0,0.0,0.0,0.0,0.0,0.0,0.0,0.0,0.0,0.0,0.0,0.0,0.0,0.0,1778358600.0,0.0,ATL,2026-ev-6,6.166666666666667,-0.04479089015947013,-2.6,0.3333333333333333,0.3333333333333333,0.0,0.0,1.0,1.0,1.0,1.0,1.0,1.0,0.5839913751952979,16.87,16.87,52.2
Petey,LaSalla,WHP,Faceoff,Faceoff,003032,9,2026_game_6,14.846153846153847,11.333333333333334,4.5,0.6153846153846154,0.0,10.0,7.333333333333333,0.0,0.0,14.23076923076923,13.333333333333334,0.0,0.0,0.0,0.0,0.5532656345658716,0.49386021275076747,10.076923076923077,6.666666666666667,0.05128205128205128,0.0,1778358600.0,-0.05128205128205128,ATL,2026-ev-6,6.166666666666667,-0.04479089015947013,-2.6,0.3333333333333333,0.3333333333333333,0.0,0.0,1.0,1.0,1.0,1.0,1.0501155401502023,0.7643227239082162,0.5839913751952979,16.29,16.29,48.8
TD,Ierlan,RED,Faceoff,Faceoff,001812,18,2026_game_7,20.30185185185185,11.799999999999999,12.5,1.0,1.0,8.61111111111111,5.666666666666667,0.0,0.0,14.648148148148149,11.0,0.09259259259259259,0.0,0.3148148148148148,0.0,0.6034968988865036,0.5294117647058824,8.807703703703703,6.666666666666667,0.12962962962962962,0.3333333333333333,1778284800.0,0.2037037037037037,OUT,2026-ev-7,7.708333333333333,0.05133693642440629,11.4,0.2777777777777778,0.4444444444444444,0.0,0.0,1.0,1.0,1.0,0.8637082307154368,0.7580011483531374,1.0309860439660676,0.887140965342529,21.09,21.09,77.0
Luke,Wierman,OUT,Faceoff,Faceoff,003098,16,2026_game_7,16.55,11.066666666666668,17.7,1.625,1.3333333333333333,6.583333333333333,5.0,0.0,0.0,12.25,9.666666666666666,0.125,0.3333333333333333,0.375,0.3333333333333333,0.4945147699814125,0.4596491228070176,7.666666666666667,6.666666666666667,0.19444444444444442,0.0,1778367600.0,-0.19444444444444442,RED,2026-ev-7,6.75,-0.05133693642440629,19.933333333333337,0.2777777777777778,0.2222222222222222,0.0,0.0,1.0,1.0,1.0,1.0327291037260826,1.0350573671629433,1.0522658610271902,0.925341815837333,12.7,12.7,27.6
Alec,Stathakis,WAT,Faceoff,Faceoff,003119,11,2026_game_8,8.526315789473685,1.4333333333333333,0.5,0.9473684210526315,0.6666666666666666,4.684210526315789,2.6666666666666665,0.0,0.0,11.842105263157896,10.333333333333334,0.0,0.0,0.15789473684210525,0.3333333333333333,0.48989912419519716,0.37876922105396105,5.684210526315789,4.0,0.043859649122807015,0.0,1756742400.0,-0.043859649122807015,CAN,2026-ev-8,257.3333333333333,0.06338512938395086,24.7,0.3333333333333333,0.0,0.0,0.0,1.0,1.0,1.0,1.0,1.0,0.9915123456790123,1.4049654499531468,16.88,16.88,52.2
Connor,Farrell,WAT,Faceoff,Faceoff,000366,15,2026_game_8,12.358695652173912,9.6,17.4,0.5434782608695652,0.0,7.869565217391305,7.0,0.0,0.0,12.5,10.333333333333334,0.043478260869565216,0.0,0.15217391304347827,0.3333333333333333,0.5539415460418736,0.4338624338624339,7.473478260869564,5.333333333333333,0.10869565217391304,0.0,1778358600.0,-0.10869565217391304,CAN,2026-ev-8,7.145833333333333,0.06338512938395086,24.7,0.3333333333333333,0.0,0.0,0.0,1.0,1.0,1.0,1.0,1.0201685501525803,1.0821679859278803,1.4049654499531468,15.0,15.0,41.2
Zac,Tucci,CAN,Faceoff,Faceoff,002067,11,2026_game_5,11.651999999999997,13.766666666666666,12.7,1.72,1.3333333333333333,5.48,5.333333333333333,0.0,0.0,10.84,12.0,0.04,0.0,0.16,0.3333333333333333,0.45048465445295416,0.45733550337130896,5.2,4.333333333333333,0.13,0.5,1754780400.0,0.37,WAT,2026-ev-8,280.0416666666667,-0.06338512938395086,30.599999999999998,0.0,0.2222222222222222,0.0,0.0,1.0,1.0,1.0,1.0,1.2870061454349282,1.5024602357249113,1.2844248169167276,12.73,12.73,27.8
Zac,Tucci,CAN,Faceoff,Faceoff,002067,11,2026_game_8,11.651999999999997,13.766666666666666,12.7,1.72,1.3333333333333333,5.48,5.333333333333333,0.0,0.0,10.84,12.0,0.04,0.0,0.16,0.3333333333333333,0.45048465445295416,0.45733550337130896,5.2,4.333333333333333,0.13,0.5,1754780400.0,0.37,WAT,2026-ev-8,280.0416666666667,-0.06338512938395086,30.599999999999998,0.0,0.2222222222222222,0.0,0.0,1.0,1.0,1.0,1.0,0.8838514680483592,1.5024602357249113,1.2844248169167276,12.23,12.23,24.9
Austin,Kaut,CHA,Goalie,Goalie,000815,12,2026_game_5,18.3,14.333333333333334,31.0,0.0,0.0,1.0,0.0,8.1,6.666666666666667,0.0,0.0,0.0,0.0,0.1,0.0,0.0,0.0,9.739,7.333333333333333,0.0,0.0,1778293800.0,0.0,CAN,2026-ev-5,6.8125,0.10010570937723257,19.666666666666668,0.3888888888888889,0.0,0.0,0.0,1.0,1.0,1.0,1.0,1.0,0.9547228727556596,0.9052418153037387,21.62,21.62,80.1
Blaze,Riorden,CHA,Goalie,Goalie,000258,43,2026_game_5,41.86666666666667,32.0,15.0,0.18666666666666668,0.0,2.0933333333333333,1.0,14.733333333333333,9.666666666666666,0.0,0.0,0.16,0.0,0.44,1.3333333333333333,0.0,0.0,15.085973333333332,19.333333333333332,0.013333333333333334,0.0,1755995400.0,-0.013333333333333334,CAN,2026-ev-5,264.8958333333333,0.10010570937723257,19.666666666666668,0.3888888888888889,0.0,0.0,0.0,1.0,1.0,1.0,1.0,1.0,1.0277938621887666,0.9052418153037387,31.89,31.89,100.0
Colin,Kirst,CAN,Goalie,Goalie,002038,33,2026_game_5,29.424242424242426,28.333333333333332,17.0,0.06060606060606061,0.0,2.1515151515151514,2.0,12.787878787878787,13.666666666666666,0.0,0.0,0.030303030303030304,0.0,0.15151515151515152,0.0,0.0,0.0,16.848484848484848,17.0,0.0,0.0,1754780400.0,0.0,CHA,2026-ev-5,278.9583333333333,-0.10010570937723257,38.0,0.0,0.3333333333333333,0.0,0.0,1.0,1.0,1.0,1.0,1.0,1.0408084449021628,1.03730760162987,30.87,30.87,100.0
Colin,Kirst,CAN,Goalie,Goalie,002038,36,2026_game_8,29.424242424242426,28.333333333333332,17.0,0.06060606060606061,0.0,2.1515151515151514,2.0,12.787878787878787,13.666666666666666,0.0,0.0,0.030303030303030304,0.0,0.15151515151515152,0.0,0.0,0.0,16.848484848484848,17.0,0.0,0.0,1754780400.0,0.0,CHA,2026-ev-5,278.9583333333333,-0.10010570937723257,38.0,0.0,0.3333333333333333,0.0,0.0,1.0,1.0,1.0,1.0,1.0,1.0408084449021628,1.03730760162987,30.87,30.87,100.0
JC,Higginbotham,CAN,Goalie,Goalie,003145,3,2026_game_5,0.0,0.0,0.0,0.0,0.0,0.0,0.0,0.0,0.0,0.0,0.0,0.0,0.0,0.0,0.0,0.0,0.0,0.0,0.0,0.0,0.0,0.0,0.0,CHA,2026-ev-5,7.0,-0.10010570937723257,38.0,0.0,0.3333333333333333,0.0,0.0,1.0,1.0,1.0,1.0,1.0,1.0,1.03730760162987,15.75,15.75,45.6
JC,Higginbotham,CAN,Goalie,Goalie,003145,3,2026_game_8,0.0,0.0,0.0,0.0,0.0,0.0,0.0,0.0,0.0,0.0,0.0,0.0,0.0,0.0,0.0,0.0,0.0,0.0,0.0,0.0,0.0,0.0,0.0,CHA,2026-ev-5,7.0,-0.10010570937723257,38.0,0.0,0.3333333333333333,0.0,0.0,1.0,1.0,1.0,1.0,1.0,1.0,1.03730760162987,15.75,15.75,45.6
Liam,Entenmann,ATL,Goalie,Goalie,003079,48,2026_game_6,36.8,47.333333333333336,47.0,0.25,0.3333333333333333,2.55,2.0,14.15,17.0,0.0,0.0,0.05,0.0,0.2,0.3333333333333333,0.0,0.0,18.3,23.333333333333332,0.0,0.0,1778293800.0,0.0,WHP,2026-ev-6,6.916666666666667,0.04479089015947013,22.666666666666668,0.3333333333333333,0.3333333333333333,0.0,0.0,1.0,1.0,1.0,1.0,1.0,0.9782608695652175,1.0560831563366324,33.24,33.24,100.0
Will,Mark,ATL,Goalie,Goalie,003108,3,2026_game_6,1.0,1.0,1.0,0.0,0.0,1.0,1.0,0.0,0.0,0.0,0.0,0.0,0.0,0.0,0.0,0.0,0.0,0.0,0.0,0.0,0.0,1753497000.0,0.0,WHP,2026-ev-6,293.9166666666667,0.04479089015947013,22.666666666666668,0.3333333333333333,0.3333333333333333,0.0,0.0,1.0,1.0,1.0,1.0,1.0,1.0,1.0560831563366324,19.54,19.54,67.9
Zach,Vigue,ATL,Goalie,Goalie,003221,3,2026_game_6,0.0,0.0,0.0,0.0,0.0,0.0,0.0,0.0,0.0,0.0,0.0,0.0,0.0,0.0,0.0,0.0,0.0,0.0,0.0,0.0,0.0,1778293800.0,0.0,WHP,2026-ev-6,6.916666666666667,0.04479089015947013,22.666666666666668,0.3333333333333333,0.3333333333333333,0.0,0.0,1.0,1.0,1.0,1.0,1.0,1.0,1.0560831563366324,11.61,11.61,21.2
Brian,Phipps,WHP,Goalie,Goalie,000614,2,2026_game_6,18.666666666666668,12.0,12.0,0.16666666666666666,0.3333333333333333,1.3333333333333333,1.0,7.5,7.666666666666667,0.0,0.0,0.0,0.0,0.5,0.0,0.0,0.0,12.529666666666666,10.382666666666667,0.0,0.0,1693851600.0,0.0,ATL,2026-ev-6,984.2569444444445,-0.04479089015947013,16.333333333333332,0.3333333333333333,0.3333333333333333,0.0,0.0,1.0,1.0,1.0,1.0,1.0,0.0,1.1048221898406634,27.97,27.97,100.0
Emmet,Carroll,WHP,Goalie,Goalie,003176,34,2026_game_6,33.0,22.0,13.0,0.3333333333333333,0.0,1.8888888888888888,0.6666666666666666,13.222222222222221,12.0,0.0,0.0,0.0,0.0,0.2222222222222222,0.0,0.0,0.0,17.22222222222222,16.333333333333332,0.0,0.0,1778358600.0,0.0,ATL,2026-ev-6,6.166666666666667,-0.04479089015947013,16.333333333333332,0.3333333333333333,0.3333333333333333,0.0,0.0,1.0,1.0,1.0,1.0,1.0,0.9797979797979799,1.1048221898406634,26.5,26.5,100.0
Shun,Ito,WHP,Goalie,Goalie,003241,2,2026_game_6,0.0,0.0,0.0,0.0,0.0,0.0,0.0,0.0,0.0,0.0,0.0,0.0,0.0,0.0,0.0,0.0,0.0,0.0,0.0,0.0,0.0,1778358600.0,0.0,ATL,2026-ev-6,6.166666666666667,-0.04479089015947013,16.333333333333332,0.3333333333333333,0.3333333333333333,0.0,0.0,1.0,1.0,1.0,1.0,1.0,1.0,1.1048221898406634,10.2,10.2,12.9
Chayse,Ierlan,RED,Goalie,Goalie,003102,8,2026_game_7,24.571428571428573,34.666666666666664,44.0,0.14285714285714285,0.0,1.4285714285714286,2.6666666666666665,11.285714285714286,14.666666666666666,0.0,0.0,0.0,0.0,0.14285714285714285,0.0,0.0,0.0,12.857142857142858,16.0,0.0,0.0,1756753200.0,0.0,OUT,2026-ev-7,256.9166666666667,0.05133693642440629,43.333333333333336,0.2777777777777778,0.4444444444444444,0.0,0.0,1.0,1.0,1.0,1.0,1.0,0.9263565891472868,1.0739612304825088,28.88,28.88,100.0
Dillon,Ward,RED,Goalie,Goalie,000418,26,2026_game_7,29.0,19.333333333333332,33.0,0.047619047619047616,0.0,1.880952380952381,2.6666666666666665,11.357142857142858,9.333333333333334,0.0,0.0,0.047619047619047616,0.0,0.35714285714285715,0.0,0.0,0.0,11.913761904761904,10.333333333333334,0.0,0.0,1778284800.0,0.0,OUT,2026-ev-7,7.708333333333333,0.05133693642440629,43.333333333333336,0.2777777777777778,0.4444444444444444,0.0,0.0,1.0,1.0,1.0,1.0,1.0,0.9942528735632183,1.0739612304825088,33.28,33.28,100.0
Matt,Knote,RED,Goalie,Goalie,003125,6,2026_game_7,0.0,0.0,0.0,0.0,0.0,0.0,0.0,0.0,0.0,0.0,0.0,0.0,0.0,0.0,0.0,0.0,0.0,0.07142857142857142,0.0,0.0,0.0,1778284800.0,0.0,OUT,2026-ev-7,7.708333333333333,0.05133693642440629,43.333333333333336,0.2777777777777778,0.4444444444444444,0.0,0.0,1.0,1.0,1.0,1.0,1.0,1.0,1.0739612304825088,14.91,14.91,40.6
Logan,McNaney,OUT,Goalie,Goalie,003169,38,2026_game_7,32.90909090909091,23.333333333333332,21.0,0.18181818181818182,0.3333333333333333,2.3636363636363638,3.0,12.818181818181818,10.666666666666666,0.0,0.0,0.0,0.0,0.36363636363636365,0.0,0.0,0.0,19.272727272727273,18.333333333333332,0.0,0.0,1778367600.0,0.0,RED,2026-ev-7,6.75,-0.05133693642440629,16.666666666666668,0.2777777777777778,0.2222222222222222,0.0,0.0,1.0,1.0,1.0,1.0,1.0,1.0138121546961325,1.105891834613644,27.05,27.05,100.0
Owen,McElroy,OUT,Goalie,Goalie,002039,5,2026_game_7,24.285714285714285,24.333333333333332,10.0,0.07142857142857142,0.0,2.5,2.6666666666666665,10.714285714285714,11.0,0.0,0.0,0.0,0.0,0.07142857142857142,0.0,0.0,0.0,12.857142857142858,11.666666666666666,0.0,0.0,1749247200.0,0.0,RED,2026-ev-7,343.7916666666667,-0.05133693642440629,16.666666666666668,0.2777777777777778,0.2222222222222222,0.0,0.0,1.0,1.0,1.0,1.0,1.0,1.1955882352941176,1.105891834613644,31.2,31.2,100.0
Matt,DeLuca,WAT,Goalie,Goalie,000408,26,2026_game_8,19.666666666666668,20.666666666666668,35.0,0.06060606060606061,0.3333333333333333,1.0,1.6666666666666667,8.727272727272727,11.333333333333334,0.0,0.0,0.0,0.0,0.15151515151515152,0.0,0.0,0.0,9.517454545454546,11.333333333333334,0.0,0.0,1778358600.0,0.0,CAN,2026-ev-8,7.145833333333333,0.06338512938395086,19.666666666666668,0.3333333333333333,0.0,0.0,0.0,1.0,1.0,1.0,1.0,1.0,0.7258602978941961,0.9052418153037387,21.42,21.42,78.9
Sean,Byrne,WAT,Goalie,Goalie,003264,2,2026_game_8,0.0,0.0,0.0,0.0,0.0,0.0,0.0,0.0,0.0,0.0,0.0,0.0,0.0,0.0,0.0,0.0,0.0,0.0,0.0,0.0,0.0,1778358600.0,0.0,CAN,2026-ev-8,7.145833333333333,0.06338512938395086,19.666666666666668,0.3333333333333333,0.0,0.0,0.0,1.0,1.0,1.0,1.0,1.0,1.0,0.9052418153037387,10.74,10.74,16.1
Tim,Troutner,WAT,Goalie,Goalie,000370,2,2026_game_8,30.1,32.666666666666664,14.0,0.175,0.6666666666666666,2.25,2.6666666666666665,11.45,11.333333333333334,0.0,0.0,0.05,0.0,0.45,1.0,0.0,0.0,14.253800000000002,18.0,0.0,0.0,1719615600.0,0.0,CAN,2026-ev-8,687.0416666666666,0.06338512938395086,19.666666666666668,0.3333333333333333,0.0,0.0,0.0,1.0,1.0,1.0,1.0,1.0,1.0980066445182723,0.9052418153037387,27.42,27.42,100.0
Colin,Kirst,CAN,Goalie,Goalie,002038,33,2026_game_5,29.424242424242426,28.333333333333332,17.0,0.06060606060606061,0.0,2.1515151515151514,2.0,12.787878787878787,13.666666666666666,0.0,0.0,0.030303030303030304,0.0,0.15151515151515152,0.0,0.0,0.0,16.848484848484848,17.0,0.0,0.0,1754780400.0,0.0,WAT,2026-ev-8,280.0416666666667,-0.06338512938395086,32.0,0.0,0.2222222222222222,0.0,0.0,1.0,1.0,1.0,1.0,1.0,1.1835034172830259,1.0625916220291696,30.17,30.17,100.0
Colin,Kirst,CAN,Goalie,Goalie,002038,36,2026_game_8,29.424242424242426,28.333333333333332,17.0,0.06060606060606061,0.0,2.1515151515151514,2.0,12.787878787878787,13.666666666666666,0.0,0.0,0.030303030303030304,0.0,0.15151515151515152,0.0,0.0,0.0,16.848484848484848,17.0,0.0,0.0,1754780400.0,0.0,WAT,2026-ev-8,280.0416666666667,-0.06338512938395086,32.0,0.0,0.2222222222222222,0.0,0.0,1.0,1.0,1.0,1.0,1.0,1.1835034172830259,1.0625916220291696,30.17,30.17,100.0
JC,Higginbotham,CAN,Goalie,Goalie,003145,3,2026_game_5,0.0,0.0,0.0,0.0,0.0,0.0,0.0,0.0,0.0,0.0,0.0,0.0,0.0,0.0,0.0,0.0,0.0,0.0,0.0,0.0,0.0,0.0,0.0,WAT,2026-ev-8,7.0,-0.06338512938395086,32.0,0.0,0.2222222222222222,0.0,0.0,1.0,1.0,1.0,1.0,1.0,1.0,1.0625916220291696,15.49,15.49,44.1
JC,Higginbotham,CAN,Goalie,Goalie,003145,3,2026_game_8,0.0,0.0,0.0,0.0,0.0,0.0,0.0,0.0,0.0,0.0,0.0,0.0,0.0,0.0,0.0,0.0,0.0,0.0,0.0,0.0,0.0,0.0,0.0,WAT,2026-ev-8,7.0,-0.06338512938395086,32.0,0.0,0.2222222222222222,0.0,0.0,1.0,1.0,1.0,1.0,1.0,1.0,1.0625916220291696,15.49,15.49,44.1
