firstName,lastName,team,positionGroup,subPosition,officialId,salary,eventId,fp_season_avg,fp_last3_avg,fp_lag1,shots_season_avg,shots_last3_avg,groundBalls_season_avg,groundBalls_last3_avg,saves_season_avg,saves_last3_avg,faceoffsWon_season_avg,faceoffsWon_last3_avg,assists_season_avg,assists_last3_avg,causedTurnovers_season_avg,causedTurnovers_last3_avg,faceoffPct_season_avg,faceoffPct_last3_avg,touches_season_avg,touches_last3_avg,shotPct_season_avg,shotPct_last3_avg,last_startTime,shotPct_anomaly,opponent,game_id,days_since_last_game,team_faceoff_advantage,opp_fp_allowed_to_position_last3,team_roster_churn,opp_def_churn,team_vacated_touch_share,team_inactive_fp_avg,opp_def_health,opp_ssdm_health,opp_goalie_health,pairing_rating,opponent_rating,player_vs_team_rating,team_def_rating,PredictedPoints_Regression,EV,BoomProbability
Asher,Nolting,CAN,Attack,Attack,002024,27,2026_game_9,31.920454545454547,33.666666666666664,8.0,4.704545454545454,2.0,1.3863636363636365,1.6666666666666667,0.0,0.0,0.0,0.0,2.0454545454545454,2.6666666666666665,0.1590909090909091,0.0,0.0,0.0,30.75,34.0,0.30228256591892955,0.3333333333333333,1778882400.0,0.031050767414403768,WHP,2026-ev-9,14.0,-0.2148559742030428,129.33333333333334,0.1111111111111111,0.25,0.0,0.0,1.0,1.0,1.0,1.0,1.0,1.1266707660442083,1.0192548705057682,33.59,33.59,100.0
Brian,Kelly,CAN,Attack,Attack,003195,20,2026_game_9,55.0,55.0,55.0,6.0,6.0,3.0,3.0,0.0,0.0,0.0,0.0,2.0,2.0,0.0,0.0,0.0,0.0,23.0,23.0,0.5,0.5,1778976000.0,0.0,WHP,2026-ev-9,12.916666666666666,-0.2148559742030428,129.33333333333334,0.1111111111111111,0.25,0.0,0.0,1.0,1.0,1.0,1.0,1.273172422375739,1.0,1.0192548705057682,27.88,27.88,100.0
Coulter,Mackesy,CAN,Attack,Attack,003162,39,2026_game_9,31.2,35.666666666666664,28.0,7.1,6.666666666666667,1.4,1.3333333333333333,0.0,0.0,0.0,0.0,0.8,1.0,0.3,0.6666666666666666,0.0,0.0,32.0,32.0,0.26996031746031746,0.1574074074074074,1778976000.0,-0.11255291005291004,WHP,2026-ev-9,12.916666666666666,-0.2148559742030428,129.33333333333334,0.1111111111111111,0.25,0.0,0.0,1.0,1.0,1.0,1.0,1.1171986662039997,0.8562271062271063,1.0192548705057682,33.32,33.32,100.0
Graydon,Hogg,CAN,Attack,Attack,003157,10,2026_game_9,8.0,2.3333333333333335,1.0,3.4,3.0,1.0,1.0,0.0,0.0,0.0,0.0,0.4,0.3333333333333333,0.0,0.0,0.0,0.0,19.2,21.0,0.16666666666666666,0.0,1778976000.0,-0.16666666666666666,WHP,2026-ev-9,12.916666666666666,-0.2148559742030428,129.33333333333334,0.1111111111111111,0.25,0.0,0.0,1.0,1.0,1.0,1.0,1.0,0.7916666666666667,1.0192548705057682,29.93,29.93,100.0
Marcus,Holman,CAN,Attack,Attack,000216,39,2026_game_9,31.736842105263158,30.666666666666668,63.0,6.4868421052631575,6.666666666666667,2.25,1.0,0.0,0.0,0.0,0.0,0.6710526315789473,0.6666666666666666,0.27631578947368424,0.0,0.0,0.0,34.43373684210526,34.333333333333336,0.3142385392385392,0.3654761904761905,1778976000.0,0.05123765123765128,WHP,2026-ev-9,12.916666666666666,-0.2148559742030428,129.33333333333334,0.1111111111111111,0.25,0.0,0.0,1.0,1.0,1.0,1.0,0.9992445640646967,0.8914800995024875,1.0192548705057682,30.82,30.82,100.0
Matt,Licata,CAN,Attack,Attack,003227,6,2026_game_9,0.0,0.0,0.0,0.0,0.0,0.0,0.0,0.0,0.0,0.0,0.0,0.0,0.0,0.0,0.0,0.0,0.0,0.0,0.0,0.0,0.0,1778976000.0,0.0,WHP,2026-ev-9,12.916666666666666,-0.2148559742030428,129.33333333333334,0.1111111111111111,0.25,0.0,0.0,1.0,1.0,1.0,1.0,1.0,1.0,1.0192548705057682,14.74,14.74,39.6
Aidan,Carroll,WHP,Attack,Attack,003165,38,2026_game_11,33.84615384615385,51.0,42.0,5.846153846153846,7.0,0.8461538461538461,1.6666666666666667,0.0,0.0,0.0,0.0,0.8461538461538461,1.0,0.23076923076923078,0.6666666666666666,0.0,0.0,31.692307692307693,39.333333333333336,0.417063492063492,0.51005291005291,1778891400.0,0.09298941798941796,CAN,2026-ev-9,13.895833333333334,0.2148559742030428,118.66666666666667,0.16666666666666666,0.0,0.0,0.0,1.0,1.0,1.0,1.0,1.1089270711553996,0.8704545454545455,1.077708934966349,41.87,41.87,100.0
Aidan,Carroll,WHP,Attack,Attack,003165,42,2026_game_9,33.84615384615385,51.0,42.0,5.846153846153846,7.0,0.8461538461538461,1.6666666666666667,0.0,0.0,0.0,0.0,0.8461538461538461,1.0,0.23076923076923078,0.6666666666666666,0.0,0.0,31.692307692307693,39.333333333333336,0.417063492063492,0.51005291005291,1778891400.0,0.09298941798941796,CAN,2026-ev-9,13.895833333333334,0.2148559742030428,118.66666666666667,0.16666666666666666,0.0,0.0,0.0,1.0,1.0,1.0,1.0,0.9611084103062713,0.8704545454545455,1.077708934966349,41.87,41.87,100.0
Joey,Spallina,WHP,Attack,Attack,003277,16,2026_game_11,0.0,0.0,0.0,0.0,0.0,0.0,0.0,0.0,0.0,0.0,0.0,0.0,0.0,0.0,0.0,0.0,0.0,0.0,0.0,0.0,0.0,1778891400.0,0.0,CAN,2026-ev-9,13.895833333333334,0.2148559742030428,118.66666666666667,0.16666666666666666,0.0,0.0,0.0,1.0,1.0,1.0,1.0,1.0,1.0,1.077708934966349,12.02,12.02,23.6
Joey,Spallina,WHP,Attack,Attack,003277,17,2026_game_9,0.0,0.0,0.0,0.0,0.0,0.0,0.0,0.0,0.0,0.0,0.0,0.0,0.0,0.0,0.0,0.0,0.0,0.0,0.0,0.0,0.0,1778891400.0,0.0,CAN,2026-ev-9,13.895833333333334,0.2148559742030428,118.66666666666667,0.16666666666666666,0.0,0.0,0.0,1.0,1.0,1.0,1.0,0.8687574729075128,1.0,1.077708934966349,12.02,12.02,23.6
Matt,Rambo,WHP,Attack,Attack,000354,3,2026_game_11,24.880597014925375,2.0,-7.0,5.492537313432836,2.0,1.1492537313432836,1.3333333333333333,0.0,0.0,0.0,0.0,1.2686567164179106,0.6666666666666666,0.08955223880597014,0.0,0.0,0.0,26.661194029850744,14.666666666666666,0.2580813465141823,0.0,1778358600.0,-0.2580813465141823,CAN,2026-ev-9,20.0625,0.2148559742030428,118.66666666666667,0.16666666666666666,0.0,0.0,0.0,1.0,1.0,1.0,1.0,1.0,0.7505044445656323,1.077708934966349,19.32,19.32,66.6
Matt,Rambo,WHP,Attack,Attack,000354,4,2026_game_9,24.880597014925375,2.0,-7.0,5.492537313432836,2.0,1.1492537313432836,1.3333333333333333,0.0,0.0,0.0,0.0,1.2686567164179106,0.6666666666666666,0.08955223880597014,0.0,0.0,0.0,26.661194029850744,14.666666666666666,0.2580813465141823,0.0,1778358600.0,-0.2580813465141823,CAN,2026-ev-9,20.0625,0.2148559742030428,118.66666666666667,0.16666666666666666,0.0,0.0,0.0,1.0,1.0,1.0,1.0,1.0,0.7505044445656323,1.077708934966349,19.32,19.32,66.6
Rob,Pannell,WHP,Attack,Attack,000414,28,2026_game_11,31.1864406779661,30.666666666666668,13.0,6.338983050847458,4.333333333333333,1.8135593220338984,1.3333333333333333,0.0,0.0,0.0,0.0,1.7627118644067796,1.6666666666666667,0.2711864406779661,0.3333333333333333,0.0,0.0,36.783355932203385,29.0,0.23371059260889768,0.31666666666666665,1778891400.0,0.08295607405776897,CAN,2026-ev-9,13.895833333333334,0.2148559742030428,118.66666666666667,0.16666666666666666,0.0,0.0,0.0,1.0,1.0,1.0,1.0,0.9759786000388988,1.1969202898550726,1.077708934966349,32.06,32.06,100.0
Rob,Pannell,WHP,Attack,Attack,000414,31,2026_game_9,31.1864406779661,30.666666666666668,13.0,6.338983050847458,4.333333333333333,1.8135593220338984,1.3333333333333333,0.0,0.0,0.0,0.0,1.7627118644067796,1.6666666666666667,0.2711864406779661,0.3333333333333333,0.0,0.0,36.783355932203385,29.0,0.23371059260889768,0.31666666666666665,1778891400.0,0.08295607405776897,CAN,2026-ev-9,13.895833333333334,0.2148559742030428,118.66666666666667,0.16666666666666666,0.0,0.0,0.0,1.0,1.0,1.0,1.0,0.9988338913535355,1.1969202898550726,1.077708934966349,32.06,32.06,100.0
TJ,Malone,WHP,Attack,Attack,003048,31,2026_game_11,34.92307692307692,17.0,8.0,6.653846153846154,5.333333333333333,1.6923076923076923,2.0,0.0,0.0,0.0,0.0,1.6538461538461537,1.0,0.15384615384615385,0.0,0.0,0.0,30.807692307692307,26.0,0.26561771561771563,0.18888888888888888,1778891400.0,-0.07672882672882675,CAN,2026-ev-9,13.895833333333334,0.2148559742030428,118.66666666666667,0.16666666666666666,0.0,0.0,0.0,1.0,1.0,1.0,1.0,0.9131715863240604,1.0550660792951543,1.077708934966349,31.11,31.11,100.0
TJ,Malone,WHP,Attack,Attack,003048,34,2026_game_9,34.92307692307692,17.0,8.0,6.653846153846154,5.333333333333333,1.6923076923076923,2.0,0.0,0.0,0.0,0.0,1.6538461538461537,1.0,0.15384615384615385,0.0,0.0,0.0,30.807692307692307,26.0,0.26561771561771563,0.18888888888888888,1778891400.0,-0.07672882672882675,CAN,2026-ev-9,13.895833333333334,0.2148559742030428,118.66666666666667,0.16666666666666666,0.0,0.0,0.0,1.0,1.0,1.0,1.0,1.0,1.0550660792951543,1.077708934966349,31.11,31.11,100.0
Truitt,Sunderland,WHP,Attack,Attack,003261,5,2026_game_11,4.0,4.0,4.0,5.0,5.0,0.0,0.0,0.0,0.0,0.0,0.0,0.0,0.0,0.0,0.0,0.0,0.0,21.0,21.0,0.2,0.2,1778891400.0,0.0,CAN,2026-ev-9,13.895833333333334,0.2148559742030428,118.66666666666667,0.16666666666666666,0.0,0.0,0.0,1.0,1.0,1.0,1.0,1.0,1.0,1.077708934966349,16.74,16.74,51.4
Truitt,Sunderland,WHP,Attack,Attack,003261,6,2026_game_9,4.0,4.0,4.0,5.0,5.0,0.0,0.0,0.0,0.0,0.0,0.0,0.0,0.0,0.0,0.0,0.0,0.0,21.0,21.0,0.2,0.2,1778891400.0,0.0,CAN,2026-ev-9,13.895833333333334,0.2148559742030428,118.66666666666667,0.16666666666666666,0.0,0.0,0.0,1.0,1.0,1.0,1.0,1.0,1.0,1.077708934966349,16.74,16.74,51.4
Connor,Shellenberger,ATL,Attack,Attack,003076,42,2026_game_10,39.30434782608695,24.666666666666668,10.0,4.478260869565218,3.0,1.6956521739130435,1.3333333333333333,0.0,0.0,0.0,0.0,1.9130434782608696,1.6666666666666667,0.08695652173913043,0.0,0.0,0.0,34.73913043478261,32.0,0.40374396135265694,0.3055555555555555,1778891400.0,-0.09818840579710142,OUT,2026-ev-10,14.6875,0.12490860409756122,94.0,0.1111111111111111,0.1111111111111111,0.0,0.0,1.0,1.0,1.0,1.0050568900126422,1.384352799354787,0.9557522123893806,0.914979386296293,35.41,35.41,100.0
Jeff,Teat,ATL,Attack,Attack,001809,42,2026_game_10,45.44444444444444,53.0,71.0,5.981481481481482,8.0,1.962962962962963,1.6666666666666667,0.0,0.0,0.0,0.0,2.3703703703703702,3.0,0.2222222222222222,0.0,0.0,0.0,36.70074074074074,30.0,0.3521431243653466,0.20370370370370372,1757867400.0,-0.1484394206616429,OUT,2026-ev-10,258.0208333333333,0.12490860409756122,94.0,0.1111111111111111,0.1111111111111111,0.0,0.0,1.0,1.0,1.0,1.0,1.0,1.1778728606356967,0.914979386296293,33.48,33.48,100.0
Xander,Dickson,ATL,Attack,Attack,003010,30,2026_game_10,30.16,18.333333333333332,-4.0,5.56,5.333333333333333,1.96,0.6666666666666666,0.0,0.0,0.0,0.0,0.32,0.0,0.44,0.6666666666666666,0.0,0.0,17.92,16.0,0.39490476190476187,0.4761904761904762,1778891400.0,0.08128571428571435,OUT,2026-ev-10,14.6875,0.12490860409756122,94.0,0.1111111111111111,0.1111111111111111,0.0,0.0,1.0,1.0,1.0,1.0,1.0,0.987475442043222,0.914979386296293,18.56,18.56,62.1
Bobby,O'Grady,OUT,Attack,Attack,003247,5,2026_game_10,0.0,0.0,0.0,0.0,0.0,0.0,0.0,0.0,0.0,0.0,0.0,0.0,0.0,0.0,0.0,0.0,0.0,0.0,0.0,0.0,0.0,1778950800.0,0.0,ATL,2026-ev-10,14.0,-0.12490860409756122,77.33333333333333,0.1111111111111111,0.1111111111111111,0.0,0.0,1.0,1.0,1.0,1.0,1.0,1.0,1.1221469225338263,10.73,10.73,16.1
Brennan,O'Neill,OUT,Attack,Attack,003075,37,2026_game_10,30.8,21.0,17.0,8.88,10.333333333333334,1.4,0.6666666666666666,0.0,0.0,0.0,0.0,0.8,1.0,0.04,0.0,0.0,0.0,33.76,34.0,0.23012443112443115,0.11868686868686867,1778950800.0,-0.11143756243756248,ATL,2026-ev-10,14.0,-0.12490860409756122,77.33333333333333,0.1111111111111111,0.1111111111111111,0.0,0.0,1.0,1.0,1.0,0.9230055658627088,1.0224966744076416,0.8076298701298701,1.1221469225338263,29.56,29.56,100.0
Jared,Bernhardt,OUT,Attack,Attack,001827,28,2026_game_10,0.0,0.0,0.0,0.0,0.0,0.0,0.0,0.0,0.0,0.0,0.0,0.0,0.0,0.0,0.0,0.0,0.0,0.0,0.0,0.0,0.0,0.0,0.0,ATL,2026-ev-10,7.0,-0.12490860409756122,77.33333333333333,0.1111111111111111,0.1111111111111111,0.0,0.0,1.0,1.0,1.0,1.0,1.0059054926895459,1.1031459515214028,1.1221469225338263,11.46,11.46,20.4
Logan,Wisnauskas,OUT,Attack,Attack,002015,23,2026_game_10,24.542857142857144,23.0,30.0,5.4,3.3333333333333335,1.2285714285714286,0.6666666666666666,0.0,0.0,0.0,0.0,0.8285714285714286,0.6666666666666666,0.08571428571428572,0.0,0.0,0.0,29.114285714285714,23.666666666666668,0.2933673469387755,0.5277777777777778,1778950800.0,0.23441043083900232,ATL,2026-ev-10,14.0,-0.12490860409756122,77.33333333333333,0.1111111111111111,0.1111111111111111,0.0,0.0,1.0,1.0,1.0,1.0,1.0,1.0626050963652824,1.1221469225338263,25.31,25.31,100.0
Pat,Kavanagh,OUT,Attack,Attack,003080,39,2026_game_10,30.68421052631579,23.0,38.0,7.315789473684211,7.666666666666667,1.5789473684210527,2.6666666666666665,0.0,0.0,0.0,0.0,1.263157894736842,1.3333333333333333,0.2631578947368421,0.0,0.0,0.0,35.421052631578945,33.666666666666664,0.24380458722563986,0.16666666666666666,1757867400.0,-0.0771379205589732,ATL,2026-ev-10,258.0208333333333,-0.12490860409756122,77.33333333333333,0.1111111111111111,0.1111111111111111,0.0,0.0,1.0,1.0,1.0,1.0,1.0,0.7960977701543739,1.1221469225338263,31.68,31.68,100.0
Connor,Fields,ARC,Attack,Attack,000262,27,2026_game_11,25.603174603174605,20.333333333333332,42.0,5.857142857142857,4.0,1.3650793650793651,1.3333333333333333,0.0,0.0,0.0,0.0,0.7619047619047619,0.6666666666666666,0.19047619047619047,0.0,0.0,0.0,28.865333333333336,27.333333333333332,0.3201058201058201,0.4166666666666667,1778367600.0,0.09656084656084657,WHP,2026-ev-11,20.9375,-0.1030534565706886,129.33333333333334,0.05555555555555555,0.25,0.0,0.0,1.0,1.0,1.0,1.0,1.273172422375739,1.0641094903655681,1.0192548705057682,22.65,22.65,86.2
Gannon,Matthews,ARC,Attack,Attack,003199,6,2026_game_11,0.0,0.0,0.0,0.0,0.0,0.0,0.0,0.0,0.0,0.0,0.0,0.0,0.0,0.0,0.0,0.0,0.0,0.0,0.0,0.0,0.0,1778367600.0,0.0,WHP,2026-ev-11,20.9375,-0.1030534565706886,129.33333333333334,0.05555555555555555,0.25,0.0,0.0,1.0,1.0,1.0,1.0,1.0,1.0,1.0192548705057682,12.47,12.47,26.3
Leo,Johnson,ARC,Attack,Attack,003252,6,2026_game_11,0.0,0.0,0.0,0.0,0.0,0.0,0.0,0.0,0.0,0.0,0.0,0.0,0.0,0.0,0.0,0.0,0.0,0.0,0.0,0.0,0.0,1778367600.0,0.0,WHP,2026-ev-11,20.9375,-0.1030534565706886,129.33333333333334,0.05555555555555555,0.25,0.0,0.0,1.0,1.0,1.0,1.0,1.0,1.0,1.0192548705057682,12.47,12.47,26.3
Mac,O'Keefe,ARC,Attack,Attack,001814,19,2026_game_11,23.625,21.666666666666668,-6.0,6.125,5.333333333333333,1.1666666666666667,0.3333333333333333,0.0,0.0,0.0,0.0,0.4166666666666667,1.0,0.16666666666666666,0.0,0.0,0.0,23.131833333333333,19.333333333333332,0.26323502886002886,0.15873015873015872,1778367600.0,-0.10450487012987014,WHP,2026-ev-11,20.9375,-0.1030534565706886,129.33333333333334,0.05555555555555555,0.25,0.0,0.0,1.0,1.0,1.0,1.0,0.9992445640646967,1.158112672986815,1.0192548705057682,22.05,22.05,82.6
Matt,Moore,ARC,Attack,Attack,002018,18,2026_game_11,17.47826086956522,14.333333333333334,-2.0,5.304347826086956,7.0,1.391304347826087,2.0,0.0,0.0,0.0,0.0,0.7391304347826086,0.0,0.043478260869565216,0.0,0.0,0.0,24.26086956521739,28.333333333333332,0.16345755693581782,0.16666666666666666,1750608000.0,0.0032091097308488414,WHP,2026-ev-11,342.2291666666667,-0.1030534565706886,129.33333333333334,0.05555555555555555,0.25,0.0,0.0,1.0,1.0,1.0,1.0,1.0,1.1706924315619966,1.0192548705057682,23.18,23.18,89.3
Sam,King,ARC,Attack,Attack,003174,28,2026_game_11,22.916666666666668,14.333333333333334,32.0,3.9166666666666665,3.6666666666666665,1.25,2.3333333333333335,0.0,0.0,0.0,0.0,1.0,0.6666666666666666,0.25,0.0,0.0,0.0,24.25,30.666666666666668,0.26319444444444445,0.3611111111111111,1778367600.0,0.09791666666666665,WHP,2026-ev-11,20.9375,-0.1030534565706886,129.33333333333334,0.05555555555555555,0.25,0.0,0.0,1.0,1.0,1.0,1.0,1.1171986662039997,1.0515151515151515,1.0192548705057682,21.04,21.04,76.7
Aidan,Carroll,WHP,Attack,Attack,003165,38,2026_game_11,33.84615384615385,51.0,42.0,5.846153846153846,7.0,0.8461538461538461,1.6666666666666667,0.0,0.0,0.0,0.0,0.8461538461538461,1.0,0.23076923076923078,0.6666666666666666,0.0,0.0,31.692307692307693,39.333333333333336,0.417063492063492,0.51005291005291,1778891400.0,0.09298941798941796,ARC,2026-ev-11,14.875,0.1030534565706886,101.66666666666667,0.16666666666666666,0.0,0.0,0.0,1.0,1.0,1.0,1.0,1.1089270711553996,0.921969696969697,0.9045734064171225,34.41,34.41,100.0
Aidan,Carroll,WHP,Attack,Attack,003165,42,2026_game_9,33.84615384615385,51.0,42.0,5.846153846153846,7.0,0.8461538461538461,1.6666666666666667,0.0,0.0,0.0,0.0,0.8461538461538461,1.0,0.23076923076923078,0.6666666666666666,0.0,0.0,31.692307692307693,39.333333333333336,0.417063492063492,0.51005291005291,1778891400.0,0.09298941798941796,ARC,2026-ev-11,14.875,0.1030534565706886,101.66666666666667,0.16666666666666666,0.0,0.0,0.0,1.0,1.0,1.0,1.0,0.9611084103062713,0.921969696969697,0.9045734064171225,34.41,34.41,100.0
Joey,Spallina,WHP,Attack,Attack,003277,16,2026_game_11,0.0,0.0,0.0,0.0,0.0,0.0,0.0,0.0,0.0,0.0,0.0,0.0,0.0,0.0,0.0,0.0,0.0,0.0,0.0,0.0,0.0,1778891400.0,0.0,ARC,2026-ev-11,14.875,0.1030534565706886,101.66666666666667,0.16666666666666666,0.0,0.0,0.0,1.0,1.0,1.0,1.0,1.0,1.0,0.9045734064171225,11.06,11.06,18.0
Joey,Spallina,WHP,Attack,Attack,003277,17,2026_game_9,0.0,0.0,0.0,0.0,0.0,0.0,0.0,0.0,0.0,0.0,0.0,0.0,0.0,0.0,0.0,0.0,0.0,0.0,0.0,0.0,0.0,1778891400.0,0.0,ARC,2026-ev-11,14.875,0.1030534565706886,101.66666666666667,0.16666666666666666,0.0,0.0,0.0,1.0,1.0,1.0,1.0,0.8687574729075128,1.0,0.9045734064171225,11.06,11.06,18.0
Matt,Rambo,WHP,Attack,Attack,000354,3,2026_game_11,24.880597014925375,2.0,-7.0,5.492537313432836,2.0,1.1492537313432836,1.3333333333333333,0.0,0.0,0.0,0.0,1.2686567164179106,0.6666666666666666,0.08955223880597014,0.0,0.0,0.0,26.661194029850744,14.666666666666666,0.2580813465141823,0.0,1778358600.0,-0.2580813465141823,ARC,2026-ev-11,21.041666666666668,0.1030534565706886,101.66666666666667,0.16666666666666666,0.0,0.0,0.0,1.0,1.0,1.0,1.0,1.0,1.1437569628931357,0.9045734064171225,17.64,17.64,56.7
Matt,Rambo,WHP,Attack,Attack,000354,4,2026_game_9,24.880597014925375,2.0,-7.0,5.492537313432836,2.0,1.1492537313432836,1.3333333333333333,0.0,0.0,0.0,0.0,1.2686567164179106,0.6666666666666666,0.08955223880597014,0.0,0.0,0.0,26.661194029850744,14.666666666666666,0.2580813465141823,0.0,1778358600.0,-0.2580813465141823,ARC,2026-ev-11,21.041666666666668,0.1030534565706886,101.66666666666667,0.16666666666666666,0.0,0.0,0.0,1.0,1.0,1.0,1.0,1.0,1.1437569628931357,0.9045734064171225,17.64,17.64,56.7
Rob,Pannell,WHP,Attack,Attack,000414,28,2026_game_11,31.1864406779661,30.666666666666668,13.0,6.338983050847458,4.333333333333333,1.8135593220338984,1.3333333333333333,0.0,0.0,0.0,0.0,1.7627118644067796,1.6666666666666667,0.2711864406779661,0.3333333333333333,0.0,0.0,36.783355932203385,29.0,0.23371059260889768,0.31666666666666665,1778891400.0,0.08295607405776897,ARC,2026-ev-11,14.875,0.1030534565706886,101.66666666666667,0.16666666666666666,0.0,0.0,0.0,1.0,1.0,1.0,1.0,0.9759786000388988,0.9575362318840579,0.9045734064171225,28.65,28.65,100.0
Rob,Pannell,WHP,Attack,Attack,000414,31,2026_game_9,31.1864406779661,30.666666666666668,13.0,6.338983050847458,4.333333333333333,1.8135593220338984,1.3333333333333333,0.0,0.0,0.0,0.0,1.7627118644067796,1.6666666666666667,0.2711864406779661,0.3333333333333333,0.0,0.0,36.783355932203385,29.0,0.23371059260889768,0.31666666666666665,1778891400.0,0.08295607405776897,ARC,2026-ev-11,14.875,0.1030534565706886,101.66666666666667,0.16666666666666666,0.0,0.0,0.0,1.0,1.0,1.0,1.0,0.9988338913535355,0.9575362318840579,0.9045734064171225,28.65,28.65,100.0
TJ,Malone,WHP,Attack,Attack,003048,31,2026_game_11,34.92307692307692,17.0,8.0,6.653846153846154,5.333333333333333,1.6923076923076923,2.0,0.0,0.0,0.0,0.0,1.6538461538461537,1.0,0.15384615384615385,0.0,0.0,0.0,30.807692307692307,26.0,0.26561771561771563,0.18888888888888888,1778891400.0,-0.07672882672882675,ARC,2026-ev-11,14.875,0.1030534565706886,101.66666666666667,0.16666666666666666,0.0,0.0,0.0,1.0,1.0,1.0,1.0,0.9131715863240604,1.0366189427312777,0.9045734064171225,27.84,27.84,100.0
TJ,Malone,WHP,Attack,Attack,003048,34,2026_game_9,34.92307692307692,17.0,8.0,6.653846153846154,5.333333333333333,1.6923076923076923,2.0,0.0,0.0,0.0,0.0,1.6538461538461537,1.0,0.15384615384615385,0.0,0.0,0.0,30.807692307692307,26.0,0.26561771561771563,0.18888888888888888,1778891400.0,-0.07672882672882675,ARC,2026-ev-11,14.875,0.1030534565706886,101.66666666666667,0.16666666666666666,0.0,0.0,0.0,1.0,1.0,1.0,1.0,1.0,1.0366189427312777,0.9045734064171225,27.84,27.84,100.0
Truitt,Sunderland,WHP,Attack,Attack,003261,5,2026_game_11,4.0,4.0,4.0,5.0,5.0,0.0,0.0,0.0,0.0,0.0,0.0,0.0,0.0,0.0,0.0,0.0,0.0,21.0,21.0,0.2,0.2,1778891400.0,0.0,ARC,2026-ev-11,14.875,0.1030534565706886,101.66666666666667,0.16666666666666666,0.0,0.0,0.0,1.0,1.0,1.0,1.0,1.0,1.0,0.9045734064171225,16.38,16.38,49.3
Truitt,Sunderland,WHP,Attack,Attack,003261,6,2026_game_9,4.0,4.0,4.0,5.0,5.0,0.0,0.0,0.0,0.0,0.0,0.0,0.0,0.0,0.0,0.0,0.0,0.0,21.0,21.0,0.2,0.2,1778891400.0,0.0,ARC,2026-ev-11,14.875,0.1030534565706886,101.66666666666667,0.16666666666666666,0.0,0.0,0.0,1.0,1.0,1.0,1.0,1.0,1.0,0.9045734064171225,16.38,16.38,49.3
Brendan,Nichtern,CHA,Attack,Attack,002023,30,2026_game_12,29.333333333333332,23.333333333333332,46.0,5.2,4.333333333333333,1.0,0.6666666666666666,0.0,0.0,0.0,0.0,1.8,1.0,0.3333333333333333,0.3333333333333333,0.0,0.0,42.93333333333333,28.333333333333332,0.2651851851851852,0.30952380952380953,1778882400.0,0.044338624338624344,WAT,2026-ev-12,15.083333333333334,0.0324785924851434,123.33333333333333,0.16666666666666666,0.2222222222222222,0.0,0.0,1.0,1.0,1.0,1.0,0.7912781681542451,1.0551948051948052,1.0262185424869288,28.48,28.48,100.0
Chad,Palumbo,CHA,Attack,Attack,003280,14,2026_game_12,0.0,0.0,0.0,0.0,0.0,0.0,0.0,0.0,0.0,0.0,0.0,0.0,0.0,0.0,0.0,0.0,0.0,0.0,0.0,0.0,0.0,0.0,0.0,WAT,2026-ev-12,7.0,0.0324785924851434,123.33333333333333,0.16666666666666666,0.2222222222222222,0.0,0.0,1.0,1.0,1.0,1.0,1.0,1.0,1.0262185424869288,12.41,12.41,25.9
Eric,Spanos,CHA,Attack,Attack,003250,6,2026_game_12,5.0,5.0,11.0,4.5,4.5,1.5,1.5,0.0,0.0,0.0,0.0,0.0,0.0,0.0,0.0,0.0,0.0,10.0,10.0,0.1,0.1,1778882400.0,0.0,WAT,2026-ev-12,15.083333333333334,0.0324785924851434,123.33333333333333,0.16666666666666666,0.2222222222222222,0.0,0.0,1.0,1.0,1.0,1.0,1.0,1.0,1.0262185424869288,12.33,12.33,25.5
Jackson,Eicher,CHA,Attack,Attack,003192,31,2026_game_12,26.153846153846153,29.0,40.0,7.153846153846154,7.666666666666667,0.5384615384615384,0.3333333333333333,0.0,0.0,0.0,0.0,0.6923076923076923,0.0,0.07692307692307693,0.3333333333333333,0.0,0.0,22.923076923076923,23.333333333333332,0.2693861693861694,0.3452380952380952,1778882400.0,0.0758519258519258,WAT,2026-ev-12,15.083333333333334,0.0324785924851434,123.33333333333333,0.16666666666666666,0.2222222222222222,0.0,0.0,1.0,1.0,1.0,1.0,1.1887323098405895,1.2284313725490197,1.0262185424869288,23.59,23.59,91.7
Owen,Hiltz,CHA,Attack,Attack,003166,39,2026_game_12,40.375,32.0,39.0,6.625,7.0,1.375,2.0,0.0,0.0,0.0,0.0,1.625,1.3333333333333333,0.375,0.3333333333333333,0.0,0.0,29.375,29.0,0.3060515873015873,0.1952380952380952,1755995400.0,-0.11081349206349211,WAT,2026-ev-12,279.9791666666667,0.0324785924851434,123.33333333333333,0.16666666666666666,0.2222222222222222,0.0,0.0,1.0,1.0,1.0,1.0,1.0,1.0768833849329207,1.0262185424869288,30.05,30.05,100.0
Teddy,Malone,CHA,Attack,Attack,003257,8,2026_game_12,10.5,10.5,10.0,2.0,2.0,0.5,0.5,0.0,0.0,0.0,0.0,0.0,0.0,0.0,0.0,0.0,0.0,15.5,15.5,0.5,0.5,1778882400.0,0.0,WAT,2026-ev-12,15.083333333333334,0.0324785924851434,123.33333333333333,0.16666666666666666,0.2222222222222222,0.0,0.0,1.0,1.0,1.0,1.0,1.0341365895129446,1.0,1.0262185424869288,15.07,15.07,41.6
CJ,Kirst,WAT,Attack,Attack,003159,37,2026_game_12,39.0,55.333333333333336,30.0,7.833333333333333,8.333333333333334,2.0,3.3333333333333335,0.0,0.0,0.0,0.0,1.0,1.6666666666666667,0.16666666666666666,0.3333333333333333,0.0,0.0,29.166666666666668,34.666666666666664,0.3134259259259259,0.39999999999999997,1756742400.0,0.08657407407407408,CHA,2026-ev-12,271.3333333333333,-0.0324785924851434,68.33333333333333,0.2222222222222222,0.2222222222222222,0.0,0.0,1.0,1.0,1.0,1.0,1.0,0.8632478632478633,0.9371258824987563,25.96,25.96,100.0
Jake,Taylor,WAT,Attack,Attack,003167,23,2026_game_12,16.818181818181817,17.666666666666668,31.0,3.727272727272727,3.0,1.5454545454545454,2.0,0.0,0.0,0.0,0.0,0.45454545454545453,0.6666666666666666,0.09090909090909091,0.3333333333333333,0.0,0.0,10.272727272727273,10.333333333333334,0.2818181818181818,0.17777777777777778,1778976000.0,-0.10404040404040402,CHA,2026-ev-12,14.0,-0.0324785924851434,68.33333333333333,0.2222222222222222,0.2222222222222222,0.0,0.0,1.0,1.0,1.0,1.0,1.0,0.9027027027027027,0.9371258824987563,14.75,14.75,39.7
Josh,Yago,WAT,Attack,Attack,003288,11,2026_game_12,0.0,0.0,0.0,0.0,0.0,0.0,0.0,0.0,0.0,0.0,0.0,0.0,0.0,0.0,0.0,0.0,0.0,0.0,0.0,0.0,0.0,0.0,0.0,CHA,2026-ev-12,7.0,-0.0324785924851434,68.33333333333333,0.2222222222222222,0.2222222222222222,0.0,0.0,1.0,1.0,1.0,1.0,1.0,1.0,0.9371258824987563,11.61,11.61,21.2
Kieran,McArdle,WAT,Attack,Attack,000240,30,2026_game_12,31.026666666666667,15.333333333333334,4.0,6.08,5.333333333333333,1.3733333333333333,1.3333333333333333,0.0,0.0,0.0,0.0,1.4666666666666666,1.3333333333333333,0.08,0.0,0.0,0.0,31.434826666666666,32.333333333333336,0.30623424723424725,0.11428571428571428,1778976000.0,-0.19194853294853298,CHA,2026-ev-12,14.0,-0.0324785924851434,68.33333333333333,0.2222222222222222,0.2222222222222222,0.0,0.0,1.0,1.0,1.0,1.1502650050136083,0.9229537947298756,1.0731168273067717,0.9371258824987563,29.0,29.0,100.0
Michael,Sowers,WAT,Attack,Attack,001810,46,2026_game_12,35.705882352941174,30.0,22.0,6.549019607843137,5.0,0.8431372549019608,1.3333333333333333,0.0,0.0,0.0,0.0,1.7450980392156863,1.3333333333333333,0.0196078431372549,0.0,0.0,0.0,31.66007843137255,34.0,0.31950669156551514,0.4583333333333333,1778976000.0,0.13882664176781817,CHA,2026-ev-12,14.0,-0.0324785924851434,68.33333333333333,0.2222222222222222,0.2222222222222222,0.0,0.0,1.0,1.0,1.0,0.8753432180120813,0.8465599965067312,0.6658679047476411,0.9371258824987563,21.81,21.81,81.2
Zed,Williams,WAT,Attack,Attack,000419,6,2026_game_12,29.3,5.666666666666667,-3.0,8.1,5.0,1.7,0.6666666666666666,0.0,0.0,0.0,0.0,0.54,0.0,0.2,0.0,0.0,0.0,28.716279999999998,21.666666666666668,0.2691043401043401,0.10000000000000002,1778976000.0,-0.16910434010434006,CHA,2026-ev-12,14.0,-0.0324785924851434,68.33333333333333,0.2222222222222222,0.2222222222222222,0.0,0.0,1.0,1.0,1.0,1.0,1.0,1.0225781044893674,0.9371258824987563,17.94,17.94,58.5
Connor,Kirst,CAN,Midfield,Midfield,001815,6,2026_game_9,9.63,-1.7,0.0,2.933333333333333,1.3333333333333333,1.0333333333333334,1.6666666666666667,0.0,0.0,0.43333333333333335,1.0,0.13333333333333333,0.0,0.1,0.0,0.2515151515151515,0.24444444444444446,12.473,5.333333333333333,0.2485185185185185,0.0,1778976000.0,-0.2485185185185185,WHP,2026-ev-9,12.916666666666666,-0.2148559742030428,57.56666666666666,0.1111111111111111,0.25,0.0,0.0,1.0,1.0,1.0,1.0,1.0,0.9609452596465584,0.887090382116499,11.06,11.06,18.0
Logan,Ip,CAN,Midfield,Midfield,003249,4,2026_game_9,0.0,0.0,0.0,0.0,0.0,0.0,0.0,0.0,0.0,0.0,0.0,0.0,0.0,0.0,0.0,0.0,0.0,0.0,0.0,0.0,0.0,1778976000.0,0.0,WHP,2026-ev-9,12.916666666666666,-0.2148559742030428,57.56666666666666,0.1111111111111111,0.25,0.0,0.0,1.0,1.0,1.0,1.0,1.0,1.0,0.887090382116499,7.0,7.0,0.0
Matt,Campbell,CAN,Midfield,Midfield,003013,29,2026_game_9,20.771428571428572,20.0,40.0,5.228571428571429,5.0,0.8571428571428571,1.0,0.0,0.0,0.0,0.0,0.5428571428571428,0.6666666666666666,0.02857142857142857,0.0,0.0,0.0,25.485714285714284,34.0,0.2853741496598639,0.20000000000000004,1778976000.0,-0.08537414965986387,WHP,2026-ev-9,12.916666666666666,-0.2148559742030428,57.56666666666666,0.1111111111111111,0.25,0.0,0.0,1.0,1.0,1.0,1.0,1.0,0.9718019257221457,0.887090382116499,20.71,20.71,74.8
Mic,Kelly,CAN,Midfield,Midfield,003170,10,2026_game_9,13.0,12.666666666666666,24.0,5.285714285714286,6.0,0.7142857142857143,1.0,0.0,0.0,0.0,0.0,0.42857142857142855,0.3333333333333333,0.2857142857142857,0.3333333333333333,0.0,0.0,22.857142857142858,28.333333333333332,0.19104308390022676,0.20370370370370372,1778976000.0,0.012660619803476963,WHP,2026-ev-9,12.916666666666666,-0.2148559742030428,57.56666666666666,0.1111111111111111,0.25,0.0,0.0,1.0,1.0,1.0,1.0,1.0,1.1794871794871795,0.887090382116499,18.16,18.16,59.8
Mikey,Weisshaar,CAN,Midfield,Midfield,003267,12,2026_game_9,13.0,13.0,17.0,3.0,3.0,1.0,1.0,0.0,0.0,0.0,0.0,0.5,0.5,0.0,0.0,0.0,0.0,18.0,18.0,0.375,0.375,1778976000.0,0.0,WHP,2026-ev-9,12.916666666666666,-0.2148559742030428,57.56666666666666,0.1111111111111111,0.25,0.0,0.0,1.0,1.0,1.0,1.0,1.0,1.0,0.887090382116499,17.12,17.12,53.6
Ryan,Drenner,CAN,Midfield,Midfield,000358,10,2026_game_9,19.906976744186046,17.0,7.0,4.186046511627907,4.0,0.7209302325581395,0.0,0.0,0.0,0.0,0.0,0.3488372093023256,0.3333333333333333,0.09302325581395349,0.3333333333333333,0.0,0.0,23.58139534883721,23.0,0.36044665928386854,0.3444444444444444,1754780400.0,-0.016002214839424156,WHP,2026-ev-9,292.9583333333333,-0.2148559742030428,57.56666666666666,0.1111111111111111,0.25,0.0,0.0,1.0,1.0,1.0,1.0,1.0,1.057830459770115,0.887090382116499,24.51,24.51,97.1
Tye,Kurtz,CAN,Midfield,Midfield,003017,4,2026_game_9,0.0,0.0,0.0,0.0,0.0,0.0,0.0,0.0,0.0,0.0,0.0,0.0,0.0,0.0,0.0,0.0,0.0,0.0,0.0,0.0,0.0,1722115800.0,0.0,WHP,2026-ev-9,671.0208333333334,-0.2148559742030428,57.56666666666666,0.1111111111111111,0.25,0.0,0.0,1.0,1.0,1.0,1.0,1.0,1.1698576337751596,0.887090382116499,8.26,8.26,1.5
Adam,Poitras,WHP,Midfield,Midfield,003100,15,2026_game_11,16.26086956521739,15.0,22.0,3.869565217391304,4.666666666666667,3.0,2.6666666666666665,0.0,0.0,0.0,0.0,0.43478260869565216,0.3333333333333333,0.13043478260869565,0.0,0.0,0.0,21.130434782608695,24.0,0.22101449275362317,0.15,1778891400.0,-0.07101449275362318,CAN,2026-ev-9,13.895833333333334,0.2148559742030428,80.76666666666667,0.16666666666666666,0.0,0.0,0.0,1.0,1.0,1.0,1.0,1.0,1.178475935828877,0.9372224062734422,20.76,20.76,75.1
Adam,Poitras,WHP,Midfield,Midfield,003100,18,2026_game_9,16.26086956521739,15.0,22.0,3.869565217391304,4.666666666666667,3.0,2.6666666666666665,0.0,0.0,0.0,0.0,0.43478260869565216,0.3333333333333333,0.13043478260869565,0.0,0.0,0.0,21.130434782608695,24.0,0.22101449275362317,0.15,1778891400.0,-0.07101449275362318,CAN,2026-ev-9,13.895833333333334,0.2148559742030428,80.76666666666667,0.16666666666666666,0.0,0.0,0.0,1.0,1.0,1.0,1.0,1.0,1.178475935828877,0.9372224062734422,20.76,20.76,75.1
Brad,Smith,WHP,Midfield,Midfield,000390,13,2026_game_11,19.5,16.0,1.0,4.761904761904762,3.0,1.1428571428571428,1.3333333333333333,0.0,0.0,0.0,0.0,0.7142857142857143,0.3333333333333333,0.07142857142857142,0.0,0.0,0.0,23.547761904761906,19.333333333333332,0.27534958427815576,0.19444444444444442,1778891400.0,-0.08090513983371134,CAN,2026-ev-9,13.895833333333334,0.2148559742030428,80.76666666666667,0.16666666666666666,0.0,0.0,0.0,1.0,1.0,1.0,1.0,1.0,1.0355371900826447,0.9372224062734422,23.12,23.12,88.9
Brad,Smith,WHP,Midfield,Midfield,000390,16,2026_game_9,19.5,16.0,1.0,4.761904761904762,3.0,1.1428571428571428,1.3333333333333333,0.0,0.0,0.0,0.0,0.7142857142857143,0.3333333333333333,0.07142857142857142,0.0,0.0,0.0,23.547761904761906,19.333333333333332,0.27534958427815576,0.19444444444444442,1778891400.0,-0.08090513983371134,CAN,2026-ev-9,13.895833333333334,0.2148559742030428,80.76666666666667,0.16666666666666666,0.0,0.0,0.0,1.0,1.0,1.0,1.0,1.0,1.0355371900826447,0.9372224062734422,23.12,23.12,88.9
Colin,Heacock,WHP,Midfield,Midfield,001009,12,2026_game_11,7.309523809523809,12.0,7.0,2.9285714285714284,4.0,0.5952380952380952,0.6666666666666666,0.0,0.0,0.0,0.0,0.09523809523809523,0.0,0.047619047619047616,0.3333333333333333,0.0,0.0,14.523809523809524,18.333333333333332,0.2242063492063492,0.17777777777777778,1778891400.0,-0.0464285714285714,CAN,2026-ev-9,13.895833333333334,0.2148559742030428,80.76666666666667,0.16666666666666666,0.0,0.0,0.0,1.0,1.0,1.0,1.0,1.0,0.980019493177388,0.9372224062734422,13.21,13.21,30.6
Colin,Heacock,WHP,Midfield,Midfield,001009,14,2026_game_9,7.309523809523809,12.0,7.0,2.9285714285714284,4.0,0.5952380952380952,0.6666666666666666,0.0,0.0,0.0,0.0,0.09523809523809523,0.0,0.047619047619047616,0.3333333333333333,0.0,0.0,14.523809523809524,18.333333333333332,0.2242063492063492,0.17777777777777778,1778891400.0,-0.0464285714285714,CAN,2026-ev-9,13.895833333333334,0.2148559742030428,80.76666666666667,0.16666666666666666,0.0,0.0,0.0,1.0,1.0,1.0,1.0,1.0,0.980019493177388,0.9372224062734422,13.21,13.21,30.6
Garrett,Degnon,WHP,Midfield,Midfield,003091,5,2026_game_11,15.375,17.333333333333332,8.0,4.125,4.0,1.0,1.0,0.0,0.0,0.0,0.0,0.375,0.6666666666666666,0.0,0.0,0.0,0.0,18.0,16.0,0.18333333333333332,0.19999999999999998,1750617000.0,0.016666666666666663,CAN,2026-ev-9,341.1458333333333,0.2148559742030428,80.76666666666667,0.16666666666666666,0.0,0.0,0.0,1.0,1.0,1.0,1.0,1.0,0.8441734417344173,0.9372224062734422,12.21,12.21,24.8
Garrett,Degnon,WHP,Midfield,Midfield,003091,5,2026_game_9,15.375,17.333333333333332,8.0,4.125,4.0,1.0,1.0,0.0,0.0,0.0,0.0,0.375,0.6666666666666666,0.0,0.0,0.0,0.0,18.0,16.0,0.18333333333333332,0.19999999999999998,1750617000.0,0.016666666666666663,CAN,2026-ev-9,341.1458333333333,0.2148559742030428,80.76666666666667,0.16666666666666666,0.0,0.0,0.0,1.0,1.0,1.0,1.0,1.0,0.8441734417344173,0.9372224062734422,12.21,12.21,24.8
Matt,Brandau,WHP,Midfield,Midfield,003081,24,2026_game_11,26.153846153846153,20.666666666666668,10.0,5.923076923076923,6.333333333333333,1.6923076923076923,2.0,0.0,0.0,0.0,0.0,0.3076923076923077,0.3333333333333333,0.15384615384615385,0.0,0.0,0.0,25.53846153846154,30.333333333333332,0.2978632478632478,0.23148148148148148,1778891400.0,-0.06638176638176632,CAN,2026-ev-9,13.895833333333334,0.2148559742030428,80.76666666666667,0.16666666666666666,0.0,0.0,0.0,1.0,1.0,1.0,1.0,1.0,1.0594639865996651,0.9372224062734422,20.94,20.94,76.1
Matt,Brandau,WHP,Midfield,Midfield,003081,28,2026_game_9,26.153846153846153,20.666666666666668,10.0,5.923076923076923,6.333333333333333,1.6923076923076923,2.0,0.0,0.0,0.0,0.0,0.3076923076923077,0.3333333333333333,0.15384615384615385,0.0,0.0,0.0,25.53846153846154,30.333333333333332,0.2978632478632478,0.23148148148148148,1778891400.0,-0.06638176638176632,CAN,2026-ev-9,13.895833333333334,0.2148559742030428,80.76666666666667,0.16666666666666666,0.0,0.0,0.0,1.0,1.0,1.0,1.0,1.0,1.0594639865996651,0.9372224062734422,20.94,20.94,76.1
Aidan,McLane,ATL,Midfield,Midfield,003238,4,2026_game_10,0.0,0.0,0.0,3.0,3.0,0.0,0.0,0.0,0.0,0.0,0.0,0.0,0.0,0.0,0.0,0.0,0.0,8.0,8.0,0.0,0.0,1778891400.0,0.0,OUT,2026-ev-10,14.6875,0.12490860409756122,37.333333333333336,0.1111111111111111,0.1111111111111111,0.0,0.0,1.0,1.0,1.0,1.0,1.0,1.0,1.0217248466812212,11.87,11.87,22.8
Bryan,Costabile,ATL,Midfield,Midfield,000395,27,2026_game_10,22.532258064516128,29.666666666666668,10.0,6.193548387096774,7.0,1.564516129032258,0.6666666666666666,0.0,0.0,0.0,0.0,0.5967741935483871,0.3333333333333333,0.2903225806451613,0.0,0.0,0.0,27.108048387096776,26.0,0.23973915869077161,0.3452380952380952,1778891400.0,0.10549893654732356,OUT,2026-ev-10,14.6875,0.12490860409756122,37.333333333333336,0.1111111111111111,0.1111111111111111,0.0,0.0,1.0,1.0,1.0,1.0,1.0,1.090998568360773,1.0217248466812212,21.67,21.67,80.4
Hugh,Kelleher,ATL,Midfield,Midfield,003186,8,2026_game_10,8.0,10.333333333333334,10.0,3.625,4.0,0.75,0.3333333333333333,0.0,0.0,0.0,0.0,0.125,0.3333333333333333,0.0,0.0,0.0,0.0,12.375,13.0,0.20625,0.19444444444444442,1757867400.0,-0.011805555555555569,OUT,2026-ev-10,258.0208333333333,0.12490860409756122,37.333333333333336,0.1111111111111111,0.1111111111111111,0.0,0.0,1.0,1.0,1.0,1.0,1.0,1.0416666666666667,1.0217248466812212,11.59,11.59,21.1
Jake,Stevens,ATL,Midfield,Midfield,003084,6,2026_game_10,7.476190476190476,2.0,11.0,3.0952380952380953,0.6666666666666666,0.8571428571428571,0.6666666666666666,0.0,0.0,0.0,0.0,0.14285714285714285,0.3333333333333333,0.047619047619047616,0.0,0.0,0.0,12.428571428571429,12.333333333333334,0.2790249433106575,0.0,1778891400.0,-0.2790249433106575,OUT,2026-ev-10,14.6875,0.12490860409756122,37.333333333333336,0.1111111111111111,0.1111111111111111,0.0,0.0,1.0,1.0,1.0,1.0,1.0,0.7921974522292994,1.0217248466812212,10.85,10.85,16.8
Levi,Anderson,ATL,Midfield,Midfield,003094,22,2026_game_10,16.142857142857142,26.0,-2.0,3.857142857142857,3.3333333333333335,0.5238095238095238,0.6666666666666666,0.0,0.0,0.0,0.0,0.2857142857142857,0.3333333333333333,0.14285714285714285,0.0,0.0,0.0,14.761904761904763,12.0,0.2759637188208617,0.43333333333333335,1778891400.0,0.15736961451247167,OUT,2026-ev-10,14.6875,0.12490860409756122,37.333333333333336,0.1111111111111111,0.1111111111111111,0.0,0.0,1.0,1.0,1.0,1.0,1.0,1.0508849557522124,1.0217248466812212,14.7,14.7,39.4
Luke,Rhoa,ATL,Midfield,Midfield,003279,9,2026_game_10,0.0,0.0,0.0,0.0,0.0,0.0,0.0,0.0,0.0,0.0,0.0,0.0,0.0,0.0,0.0,0.0,0.0,0.0,0.0,0.0,0.0,1778891400.0,0.0,OUT,2026-ev-10,14.6875,0.12490860409756122,37.333333333333336,0.1111111111111111,0.1111111111111111,0.0,0.0,1.0,1.0,1.0,1.0,1.0,1.0,1.0217248466812212,8.53,8.53,3.1
Matt,Traynor,ATL,Midfield,Midfield,003164,23,2026_game_10,22.928571428571427,22.666666666666668,28.0,5.857142857142857,8.0,1.3571428571428572,0.6666666666666666,0.0,0.0,0.0,0.0,0.6428571428571429,0.0,0.14285714285714285,0.0,0.0,0.0,18.785714285714285,18.0,0.24880952380952379,0.2388888888888889,1778891400.0,-0.009920634920634885,OUT,2026-ev-10,14.6875,0.12490860409756122,37.333333333333336,0.1111111111111111,0.1111111111111111,0.0,0.0,1.0,1.0,1.0,1.0,1.0,0.894971072541166,1.0217248466812212,22.42,22.42,84.8
Reid,Bowering,ATL,Midfield,Midfield,002006,22,2026_game_10,18.266666666666666,18.666666666666668,17.0,2.8666666666666667,4.0,2.2,2.6666666666666665,0.0,0.0,0.0,0.0,0.4666666666666667,0.6666666666666666,0.13333333333333333,0.3333333333333333,0.0,0.0,12.666666666666666,14.0,0.3933333333333333,0.24444444444444446,1778891400.0,-0.14888888888888885,OUT,2026-ev-10,14.6875,0.12490860409756122,37.333333333333336,0.1111111111111111,0.1111111111111111,0.0,0.0,1.0,1.0,1.0,1.0,1.0435912584471558,1.1991657977059438,1.0217248466812212,16.05,16.05,47.4
Dalton,Young,OUT,Midfield,Midfield,003106,16,2026_game_10,15.708333333333334,9.333333333333334,-2.0,2.9166666666666665,4.0,0.7083333333333334,0.3333333333333333,0.0,0.0,0.0,0.0,0.5416666666666666,0.3333333333333333,0.08333333333333333,0.0,0.0,0.0,15.0,15.333333333333334,0.33402777777777776,0.1111111111111111,1778950800.0,-0.22291666666666665,ATL,2026-ev-10,14.0,-0.12490860409756122,45.666666666666664,0.1111111111111111,0.1111111111111111,0.0,0.0,1.0,1.0,1.0,1.0,1.0,0.8159814323607427,1.0052217616196517,12.84,12.84,28.5
Evan,Plunkett,OUT,Midfield,Midfield,003270,10,2026_game_10,7.0,7.0,7.0,7.0,7.0,0.0,0.0,0.0,0.0,0.0,0.0,1.0,1.0,0.0,0.0,0.0,0.0,22.0,22.0,0.0,0.0,1778950800.0,0.0,ATL,2026-ev-10,14.0,-0.12490860409756122,45.666666666666664,0.1111111111111111,0.1111111111111111,0.0,0.0,1.0,1.0,1.0,1.0,1.0,1.0,1.0052217616196517,23.36,23.36,90.4
Graham,Bundy,OUT,Midfield,Midfield,003085,9,2026_game_10,13.96,4.333333333333333,0.0,4.96,3.0,0.64,1.6666666666666667,0.0,0.0,0.0,0.0,0.16,0.0,0.08,0.0,0.0,0.0,22.6,21.333333333333332,0.19530158730158728,0.39999999999999997,1778950800.0,0.20469841269841269,ATL,2026-ev-10,14.0,-0.12490860409756122,45.666666666666664,0.1111111111111111,0.1111111111111111,0.0,0.0,1.0,1.0,1.0,1.0,1.0,0.6787249283667622,1.0052217616196517,15.42,15.42,43.6
Jack,Taylor,OUT,Midfield,Midfield,003268,5,2026_game_10,0.0,0.0,0.0,0.0,0.0,0.0,0.0,0.0,0.0,0.0,0.0,0.0,0.0,0.0,0.0,0.0,0.0,0.0,0.0,0.0,0.0,1778950800.0,0.0,ATL,2026-ev-10,14.0,-0.12490860409756122,45.666666666666664,0.1111111111111111,0.1111111111111111,0.0,0.0,1.0,1.0,1.0,1.0,1.0,1.0,1.0052217616196517,7.61,7.61,0.0
Jack,VanOverbeke,OUT,Midfield,Midfield,003120,3,2026_game_10,5.8,-0.6666666666666666,-9.0,2.9,1.6666666666666667,0.5,0.0,0.0,0.0,0.0,0.0,0.4,0.3333333333333333,0.0,0.0,0.0,0.0,12.8,8.333333333333334,0.1,0.0,1752370200.0,-0.1,ATL,2026-ev-10,321.6458333333333,-0.12490860409756122,45.666666666666664,0.1111111111111111,0.1111111111111111,0.0,0.0,1.0,1.0,1.0,1.0,1.0,0.0,1.0052217616196517,10.59,10.59,15.2
Jonathan,Donville,OUT,Midfield,Midfield,002030,8,2026_game_10,15.689655172413794,11.0,7.0,2.8275862068965516,1.3333333333333333,0.7586206896551724,0.6666666666666666,0.0,0.0,0.0,0.0,0.5517241379310345,0.3333333333333333,0.13793103448275862,0.3333333333333333,0.0,0.0,17.379310344827587,15.666666666666666,0.2857142857142857,0.3333333333333333,1778950800.0,0.047619047619047616,ATL,2026-ev-10,14.0,-0.12490860409756122,45.666666666666664,0.1111111111111111,0.1111111111111111,0.0,0.0,1.0,1.0,1.0,1.0,1.0,1.4549450549450549,1.0052217616196517,12.99,12.99,29.4
Justin,Anderson,OUT,Midfield,Midfield,001828,13,2026_game_10,15.49090909090909,10.0,27.0,3.3454545454545452,2.0,1.290909090909091,0.6666666666666666,0.0,0.0,0.0,0.0,0.32727272727272727,0.3333333333333333,0.2909090909090909,0.0,0.0,0.0,18.30038181818182,9.666666666666666,0.28554112554112554,0.3333333333333333,1778950800.0,0.047792207792207775,ATL,2026-ev-10,14.0,-0.12490860409756122,45.666666666666664,0.1111111111111111,0.1111111111111111,0.0,0.0,1.0,1.0,1.0,1.0,1.0,0.7597097737942808,1.0052217616196517,11.43,11.43,20.2
Mikie,Schlosser,OUT,Midfield,Midfield,001391,3,2026_game_10,8.666666666666666,-1.0,0.0,2.814814814814815,1.0,0.6296296296296297,0.0,0.0,0.0,0.0,0.0,0.037037037037037035,0.0,0.0,0.0,0.0,0.0,14.302962962962962,4.333333333333333,0.24259259259259258,0.0,1778367600.0,-0.24259259259259258,ATL,2026-ev-10,20.75,-0.12490860409756122,45.666666666666664,0.1111111111111111,0.1111111111111111,0.0,0.0,1.0,1.0,1.0,1.0,1.0,1.1888111888111887,1.0052217616196517,9.89,9.89,11.1
Nolan,Byrne,OUT,Midfield,Midfield,003256,5,2026_game_10,0.0,0.0,0.0,0.0,0.0,0.0,0.0,0.0,0.0,0.0,0.0,0.0,0.0,0.0,0.0,0.0,0.0,0.0,0.0,0.0,0.0,1778950800.0,0.0,ATL,2026-ev-10,14.0,-0.12490860409756122,45.666666666666664,0.1111111111111111,0.1111111111111111,0.0,0.0,1.0,1.0,1.0,1.0,1.0,1.0,1.0052217616196517,7.61,7.61,0.0
Bryce,Ford,ARC,Midfield,Midfield,003188,2,2026_game_11,3.25,4.333333333333333,-6.0,1.75,2.0,0.5,0.6666666666666666,0.0,0.0,0.0,0.0,0.0,0.0,0.0,0.0,0.0,0.0,10.0,10.333333333333334,0.375,0.5,1778367600.0,0.125,WHP,2026-ev-11,20.9375,-0.1030534565706886,57.56666666666666,0.05555555555555555,0.25,0.0,0.0,1.0,1.0,1.0,1.0,1.0,1.0,0.887090382116499,9.71,9.71,10.1
CK,Giancola,ARC,Midfield,Midfield,003203,7,2026_game_11,14.0,14.0,20.0,6.0,6.0,2.0,2.0,0.0,0.0,0.0,0.0,0.0,0.0,0.0,0.0,0.0,0.0,31.0,31.0,0.24285714285714285,0.24285714285714285,1778367600.0,0.0,WHP,2026-ev-11,20.9375,-0.1030534565706886,57.56666666666666,0.05555555555555555,0.25,0.0,0.0,1.0,1.0,1.0,1.0,1.0,1.0,0.887090382116499,17.47,17.47,55.7
Dyson,Williams,ARC,Midfield,Midfield,003090,13,2026_game_11,10.333333333333334,8.333333333333334,1.0,2.611111111111111,3.0,0.4444444444444444,0.3333333333333333,0.0,0.0,0.0,0.0,0.05555555555555555,0.0,0.0,0.0,0.0,0.0,6.666666666666667,7.666666666666667,0.47129629629629627,0.38888888888888884,1778284800.0,-0.08240740740740743,WHP,2026-ev-11,21.895833333333332,-0.1030534565706886,57.56666666666666,0.05555555555555555,0.25,0.0,0.0,1.0,1.0,1.0,1.0,1.0,0.9516129032258065,0.887090382116499,10.06,10.06,12.1
Grant,Ament,ARC,Midfield,Midfield,000391,12,2026_game_11,19.233333333333334,3.3333333333333335,-2.0,3.8666666666666667,5.0,0.7666666666666667,0.3333333333333333,0.0,0.0,0.0,0.0,1.2666666666666666,0.6666666666666666,0.03333333333333333,0.0,0.0,0.0,28.833333333333332,24.333333333333332,0.27595238095238095,0.041666666666666664,1754701200.0,-0.2342857142857143,WHP,2026-ev-11,294.8541666666667,-0.1030534565706886,57.56666666666666,0.05555555555555555,0.25,0.0,0.0,1.0,1.0,1.0,1.0,1.0,0.9576045734986134,0.887090382116499,21.7,21.7,80.6
Ryan,Ambler,ARC,Midfield,Midfield,000221,6,2026_game_11,12.56,10.666666666666666,16.0,3.026666666666667,4.333333333333333,0.5733333333333334,1.3333333333333333,0.0,0.0,0.0,0.0,0.4266666666666667,0.0,0.12,0.3333333333333333,0.0,0.0,17.146386666666668,22.333333333333332,0.29063492063492063,0.18888888888888888,1778367600.0,-0.10174603174603175,WHP,2026-ev-11,20.9375,-0.1030534565706886,57.56666666666666,0.05555555555555555,0.25,0.0,0.0,1.0,1.0,1.0,1.0,1.0,0.9065817409766452,0.887090382116499,15.08,15.08,41.6
Ryan,Stines,ARC,Midfield,Midfield,003248,12,2026_game_11,0.0,0.0,0.0,0.0,0.0,0.0,0.0,0.0,0.0,0.0,0.0,0.0,0.0,0.0,0.0,0.0,0.0,0.0,0.0,0.0,0.0,0.0,0.0,WHP,2026-ev-11,7.0,-0.1030534565706886,57.56666666666666,0.05555555555555555,0.25,0.0,0.0,1.0,1.0,1.0,1.0,1.0,1.0,0.887090382116499,7.3,7.3,0.0
Tom,Schreiber,ARC,Midfield,Midfield,000225,12,2026_game_11,28.191176470588236,16.333333333333332,15.0,5.720588235294118,3.6666666666666665,1.1029411764705883,1.6666666666666667,0.0,0.0,0.0,0.0,1.3529411764705883,1.3333333333333333,0.1323529411764706,0.6666666666666666,0.0,0.0,29.987779411764706,27.0,0.27508435192258723,0.0,1753488000.0,-0.27508435192258723,WHP,2026-ev-11,308.8958333333333,-0.1030534565706886,57.56666666666666,0.05555555555555555,0.25,0.0,0.0,1.0,1.0,1.0,1.0,1.0,1.056964006259781,0.887090382116499,19.15,19.15,65.6
Tre,Leclaire,ARC,Midfield,Midfield,001821,13,2026_game_11,17.55,2.6666666666666665,1.0,3.675,5.0,1.075,0.6666666666666666,0.0,0.0,0.0,0.0,0.25,0.3333333333333333,0.05,0.0,0.0,0.0,18.45,21.333333333333332,0.3625,0.12222222222222223,1754701200.0,-0.24027777777777776,WHP,2026-ev-11,294.8541666666667,-0.1030534565706886,57.56666666666666,0.05555555555555555,0.25,0.0,0.0,1.0,1.0,1.0,1.0,1.0,1.0021984924623115,0.887090382116499,13.8,13.8,34.1
Adam,Poitras,WHP,Midfield,Midfield,003100,15,2026_game_11,16.26086956521739,15.0,22.0,3.869565217391304,4.666666666666667,3.0,2.6666666666666665,0.0,0.0,0.0,0.0,0.43478260869565216,0.3333333333333333,0.13043478260869565,0.0,0.0,0.0,21.130434782608695,24.0,0.22101449275362317,0.15,1778891400.0,-0.07101449275362318,ARC,2026-ev-11,14.875,0.1030534565706886,41.333333333333336,0.16666666666666666,0.0,0.0,0.0,1.0,1.0,1.0,1.0,1.0,1.05548128342246,1.0085099159284137,20.55,20.55,73.8
Adam,Poitras,WHP,Midfield,Midfield,003100,18,2026_game_9,16.26086956521739,15.0,22.0,3.869565217391304,4.666666666666667,3.0,2.6666666666666665,0.0,0.0,0.0,0.0,0.43478260869565216,0.3333333333333333,0.13043478260869565,0.0,0.0,0.0,21.130434782608695,24.0,0.22101449275362317,0.15,1778891400.0,-0.07101449275362318,ARC,2026-ev-11,14.875,0.1030534565706886,41.333333333333336,0.16666666666666666,0.0,0.0,0.0,1.0,1.0,1.0,1.0,1.0,1.05548128342246,1.0085099159284137,20.55,20.55,73.8
Brad,Smith,WHP,Midfield,Midfield,000390,13,2026_game_11,19.5,16.0,1.0,4.761904761904762,3.0,1.1428571428571428,1.3333333333333333,0.0,0.0,0.0,0.0,0.7142857142857143,0.3333333333333333,0.07142857142857142,0.0,0.0,0.0,23.547761904761906,19.333333333333332,0.27534958427815576,0.19444444444444442,1778891400.0,-0.08090513983371134,ARC,2026-ev-11,14.875,0.1030534565706886,41.333333333333336,0.16666666666666666,0.0,0.0,0.0,1.0,1.0,1.0,1.0,1.0,1.243425995492111,1.0085099159284137,25.04,25.04,100.0
Brad,Smith,WHP,Midfield,Midfield,000390,16,2026_game_9,19.5,16.0,1.0,4.761904761904762,3.0,1.1428571428571428,1.3333333333333333,0.0,0.0,0.0,0.0,0.7142857142857143,0.3333333333333333,0.07142857142857142,0.0,0.0,0.0,23.547761904761906,19.333333333333332,0.27534958427815576,0.19444444444444442,1778891400.0,-0.08090513983371134,ARC,2026-ev-11,14.875,0.1030534565706886,41.333333333333336,0.16666666666666666,0.0,0.0,0.0,1.0,1.0,1.0,1.0,1.0,1.243425995492111,1.0085099159284137,25.04,25.04,100.0
Colin,Heacock,WHP,Midfield,Midfield,001009,12,2026_game_11,7.309523809523809,12.0,7.0,2.9285714285714284,4.0,0.5952380952380952,0.6666666666666666,0.0,0.0,0.0,0.0,0.09523809523809523,0.0,0.047619047619047616,0.3333333333333333,0.0,0.0,14.523809523809524,18.333333333333332,0.2242063492063492,0.17777777777777778,1778891400.0,-0.0464285714285714,ARC,2026-ev-11,14.875,0.1030534565706886,41.333333333333336,0.16666666666666666,0.0,0.0,0.0,1.0,1.0,1.0,1.0,1.0,1.1220760233918128,1.0085099159284137,13.6,13.6,32.9
Colin,Heacock,WHP,Midfield,Midfield,001009,14,2026_game_9,7.309523809523809,12.0,7.0,2.9285714285714284,4.0,0.5952380952380952,0.6666666666666666,0.0,0.0,0.0,0.0,0.09523809523809523,0.0,0.047619047619047616,0.3333333333333333,0.0,0.0,14.523809523809524,18.333333333333332,0.2242063492063492,0.17777777777777778,1778891400.0,-0.0464285714285714,ARC,2026-ev-11,14.875,0.1030534565706886,41.333333333333336,0.16666666666666666,0.0,0.0,0.0,1.0,1.0,1.0,1.0,1.0,1.1220760233918128,1.0085099159284137,13.6,13.6,32.9
Garrett,Degnon,WHP,Midfield,Midfield,003091,5,2026_game_11,15.375,17.333333333333332,8.0,4.125,4.0,1.0,1.0,0.0,0.0,0.0,0.0,0.375,0.6666666666666666,0.0,0.0,0.0,0.0,18.0,16.0,0.18333333333333332,0.19999999999999998,1750617000.0,0.016666666666666663,ARC,2026-ev-11,342.125,0.1030534565706886,41.333333333333336,0.16666666666666666,0.0,0.0,0.0,1.0,1.0,1.0,1.0,1.0,0.0,1.0085099159284137,12.8,12.8,28.2
Garrett,Degnon,WHP,Midfield,Midfield,003091,5,2026_game_9,15.375,17.333333333333332,8.0,4.125,4.0,1.0,1.0,0.0,0.0,0.0,0.0,0.375,0.6666666666666666,0.0,0.0,0.0,0.0,18.0,16.0,0.18333333333333332,0.19999999999999998,1750617000.0,0.016666666666666663,ARC,2026-ev-11,342.125,0.1030534565706886,41.333333333333336,0.16666666666666666,0.0,0.0,0.0,1.0,1.0,1.0,1.0,1.0,0.0,1.0085099159284137,12.8,12.8,28.2
Matt,Brandau,WHP,Midfield,Midfield,003081,24,2026_game_11,26.153846153846153,20.666666666666668,10.0,5.923076923076923,6.333333333333333,1.6923076923076923,2.0,0.0,0.0,0.0,0.0,0.3076923076923077,0.3333333333333333,0.15384615384615385,0.0,0.0,0.0,25.53846153846154,30.333333333333332,0.2978632478632478,0.23148148148148148,1778891400.0,-0.06638176638176632,ARC,2026-ev-11,14.875,0.1030534565706886,41.333333333333336,0.16666666666666666,0.0,0.0,0.0,1.0,1.0,1.0,1.0,1.0,0.9802584350323045,1.0085099159284137,23.02,23.02,88.4
Matt,Brandau,WHP,Midfield,Midfield,003081,28,2026_game_9,26.153846153846153,20.666666666666668,10.0,5.923076923076923,6.333333333333333,1.6923076923076923,2.0,0.0,0.0,0.0,0.0,0.3076923076923077,0.3333333333333333,0.15384615384615385,0.0,0.0,0.0,25.53846153846154,30.333333333333332,0.2978632478632478,0.23148148148148148,1778891400.0,-0.06638176638176632,ARC,2026-ev-11,14.875,0.1030534565706886,41.333333333333336,0.16666666666666666,0.0,0.0,0.0,1.0,1.0,1.0,1.0,1.0,0.9802584350323045,1.0085099159284137,23.02,23.02,88.4
Chris,Aslanian,CHA,Midfield,Midfield,001729,13,2026_game_12,15.96551724137931,11.666666666666666,15.0,4.172413793103448,3.3333333333333335,0.3448275862068966,0.3333333333333333,0.0,0.0,0.0,0.0,0.4482758620689655,0.0,0.06896551724137931,0.0,0.0,0.0,21.06896551724138,18.666666666666668,0.23004926108374382,0.27777777777777773,1778882400.0,0.04772851669403391,WAT,2026-ev-12,15.083333333333334,0.0324785924851434,76.66666666666667,0.16666666666666666,0.2222222222222222,0.0,0.0,1.0,1.0,1.0,1.0,1.0,1.0042120042120042,0.9626847782333667,14.0,14.0,35.3
Cole,Williams,CHA,Midfield,Midfield,001843,6,2026_game_12,6.777777777777778,1.0,-5.0,2.3333333333333335,2.0,0.4444444444444444,0.3333333333333333,0.0,0.0,0.0,0.0,0.2222222222222222,0.0,0.0,0.0,0.0,0.0,13.333333333333334,11.666666666666666,0.287037037037037,0.27777777777777773,1778882400.0,-0.009259259259259245,WAT,2026-ev-12,15.083333333333334,0.0324785924851434,76.66666666666667,0.16666666666666666,0.2222222222222222,0.0,0.0,1.0,1.0,1.0,1.0,1.0,0.0,0.9626847782333667,11.33,11.33,19.6
JJ,Sillstrop,CHA,Midfield,Midfield,003149,6,2026_game_12,7.6,-0.3333333333333333,0.0,2.2,1.3333333333333333,0.3,0.6666666666666666,0.0,0.0,0.0,0.0,0.3,0.0,0.2,0.0,0.0,0.0,14.1,9.333333333333334,0.13666666666666666,0.0,1754701200.0,-0.13666666666666666,WAT,2026-ev-12,294.9583333333333,0.0324785924851434,76.66666666666667,0.16666666666666666,0.2222222222222222,0.0,0.0,1.0,1.0,1.0,1.0,1.0,0.7894736842105263,0.9626847782333667,10.64,10.64,15.5
Ross,Scott,CHA,Midfield,Midfield,003093,18,2026_game_12,16.153846153846153,9.0,10.0,3.6923076923076925,3.3333333333333335,0.8461538461538461,1.0,0.0,0.0,0.0,0.0,0.6153846153846154,0.0,0.0,0.0,0.0,0.0,23.615384615384617,20.0,0.2858974358974359,0.27777777777777773,1778882400.0,-0.008119658119658146,WAT,2026-ev-12,15.083333333333334,0.0324785924851434,76.66666666666667,0.16666666666666666,0.2222222222222222,0.0,0.0,1.0,1.0,1.0,1.0,1.0,1.1286503551696923,0.9626847782333667,21.05,21.05,76.8
Shane,Knobloch,CHA,Midfield,Midfield,003078,24,2026_game_12,14.526315789473685,18.0,15.0,5.052631578947368,6.333333333333333,0.8421052631578947,0.3333333333333333,0.0,0.0,0.0,0.0,0.3684210526315789,0.0,0.0,0.0,0.0,0.0,21.57894736842105,27.666666666666668,0.2464912280701755,0.3138888888888889,1778882400.0,0.06739766081871337,WAT,2026-ev-12,15.083333333333334,0.0324785924851434,76.66666666666667,0.16666666666666666,0.2222222222222222,0.0,0.0,1.0,1.0,1.0,1.0,1.0,0.9251207729468599,0.9626847782333667,16.6,16.6,50.6
Casey,Wilson,WAT,Midfield,Midfield,003232,5,2026_game_12,0.0,0.0,0.0,0.0,0.0,0.0,0.0,0.0,0.0,0.0,0.0,0.0,0.0,0.0,0.0,0.0,0.0,0.0,0.0,0.0,0.0,1778976000.0,0.0,CHA,2026-ev-12,14.0,-0.0324785924851434,88.83333333333333,0.2222222222222222,0.2222222222222222,0.0,0.0,1.0,1.0,1.0,1.0,1.0,1.0,1.0041206945464465,7.7,7.7,0.0
Connor,Kelly,WAT,Midfield,Midfield,000339,23,2026_game_12,20.9,26.333333333333332,17.0,6.014285714285714,6.666666666666667,0.8285714285714286,0.6666666666666666,0.0,0.0,0.0,0.0,0.5285714285714286,0.3333333333333333,0.11428571428571428,0.3333333333333333,0.0,0.0,24.04185714285714,31.0,0.2031494299351442,0.16666666666666666,1778976000.0,-0.03648276326847755,CHA,2026-ev-12,14.0,-0.0324785924851434,88.83333333333333,0.2222222222222222,0.2222222222222222,0.0,0.0,1.0,1.0,1.0,1.0,1.0,1.14683014354067,1.0041206945464465,24.19,24.19,95.2
Jack,Hannah,WAT,Midfield,Midfield,002028,17,2026_game_12,16.204545454545453,11.333333333333334,-6.0,5.818181818181818,4.666666666666667,1.0454545454545454,0.0,0.0,0.0,0.0,0.0,0.4772727272727273,0.6666666666666666,0.09090909090909091,0.0,0.0,0.0,19.022727272727273,17.666666666666668,0.19983766233766234,0.09523809523809523,1778976000.0,-0.10459956709956711,CHA,2026-ev-12,14.0,-0.0324785924851434,88.83333333333333,0.2222222222222222,0.2222222222222222,0.0,0.0,1.0,1.0,1.0,1.0,1.0,1.1109269412214715,1.0041206945464465,24.0,24.0,94.1
Thomas,McConvey,WAT,Midfield,Midfield,003027,17,2026_game_12,13.142857142857142,12.666666666666666,7.0,2.5714285714285716,3.3333333333333335,0.7619047619047619,0.3333333333333333,0.0,0.0,0.0,0.0,0.23809523809523808,0.3333333333333333,0.19047619047619047,0.3333333333333333,0.0,0.0,15.428571428571429,23.0,0.3341269841269841,0.3888888888888889,1778976000.0,0.05476190476190479,CHA,2026-ev-12,14.0,-0.0324785924851434,88.83333333333333,0.2222222222222222,0.2222222222222222,0.0,0.0,1.0,1.0,1.0,1.0,1.0,0.8333333333333334,1.0041206945464465,14.04,14.04,35.5
Zach,Currier,WAT,Midfield,Midfield,000409,18,2026_game_12,26.096825396825395,17.400000000000002,24.6,3.0952380952380953,3.0,4.841269841269841,6.0,0.0,0.0,1.3015873015873016,1.3333333333333333,0.7142857142857143,0.0,0.746031746031746,1.0,0.2355890231307458,1.0,23.414539682539683,18.0,0.3010959939531368,0.08333333333333333,1778976000.0,-0.21776266061980348,CHA,2026-ev-12,14.0,-0.0324785924851434,88.83333333333333,0.2222222222222222,0.2222222222222222,0.0,0.0,1.0,1.0,1.0,1.0,1.0,1.0357408542433786,1.0041206945464465,28.39,28.39,100.0
Ben,Ramsey,CAN,Defense,SSDM,003184,8,2026_game_9,9.083333333333334,-1.3333333333333333,-6.0,0.5833333333333334,0.6666666666666666,2.4166666666666665,1.6666666666666667,0.0,0.0,0.0,0.0,0.25,0.0,0.25,0.0,0.0,0.0,9.416666666666666,8.666666666666666,0.125,0.0,1778976000.0,-0.125,WHP,2026-ev-9,12.916666666666666,-0.2148559742030428,78.33333333333334,0.1111111111111111,0.25,0.0,0.0,1.0,1.0,1.0,1.0,1.0,0.9659239842726082,0.8756919930567149,8.05,8.05,0.3
Ethan,Rall,CAN,Defense,SSDM,003041,20,2026_game_9,18.102941176470587,18.333333333333332,31.0,0.5,0.6666666666666666,2.8529411764705883,2.6666666666666665,0.0,0.0,0.29411764705882354,0.0,0.029411764705882353,0.0,1.5,1.3333333333333333,0.22647009549668445,0.3,4.382352941176471,3.6666666666666665,0.14705882352941177,0.3333333333333333,1778976000.0,0.18627450980392155,WHP,2026-ev-9,12.916666666666666,-0.2148559742030428,78.33333333333334,0.1111111111111111,0.25,0.0,0.0,1.0,1.0,1.0,1.0,1.0,0.9502030869212023,0.8756919930567149,16.86,16.86,52.1
Hunter,Smith,CAN,Defense,Defensemen,003271,5,2026_game_9,0.0,0.0,0.0,0.0,0.0,0.0,0.0,0.0,0.0,0.0,0.0,0.0,0.0,0.0,0.0,0.0,0.0,0.0,0.0,0.0,0.0,1778976000.0,0.0,WHP,2026-ev-9,12.916666666666666,-0.2148559742030428,78.33333333333334,0.1111111111111111,0.25,0.0,0.0,1.0,1.0,1.0,1.0,0.774092047319626,1.0,1.035189638665642,7.3,7.3,0.0
Jack,Kielty,CAN,Defense,Defensemen,001817,15,2026_game_9,10.568181818181818,14.666666666666666,23.0,0.09090909090909091,0.0,1.3636363636363635,1.3333333333333333,0.0,0.0,0.0,0.0,0.0,0.0,0.9318181818181818,1.3333333333333333,0.0,0.0,6.6409090909090915,4.666666666666667,0.0,0.0,1778976000.0,0.0,WHP,2026-ev-9,12.916666666666666,-0.2148559742030428,78.33333333333334,0.1111111111111111,0.25,0.0,0.0,1.0,1.0,1.0,1.0,0.7826206495283102,1.0866666666666667,1.035189638665642,10.73,10.73,16.1
Jeff,Trainor,CAN,Defense,SSDM,001826,15,2026_game_9,13.0,28.0,-1.0,1.1714285714285715,1.0,1.2571428571428571,2.3333333333333335,0.0,0.0,0.0,0.0,0.2,0.3333333333333333,0.5714285714285714,1.3333333333333333,0.0,0.0,8.4,8.333333333333334,0.2642857142857143,0.5,1778976000.0,0.2357142857142857,WHP,2026-ev-9,12.916666666666666,-0.2148559742030428,78.33333333333334,0.1111111111111111,0.25,0.0,0.0,1.0,1.0,1.0,1.0,1.0,1.0288868723532971,0.8756919930567149,11.08,11.08,18.1
Marquez,White,CAN,Defense,SSDM,003150,2,2026_game_9,0.0,0.0,0.0,0.0,0.0,0.0,0.0,0.0,0.0,0.0,0.0,0.0,0.0,0.0,0.0,0.0,0.0,0.0,0.0,0.0,0.0,1778976000.0,0.0,WHP,2026-ev-9,12.916666666666666,-0.2148559742030428,78.33333333333334,0.1111111111111111,0.25,0.0,0.0,1.0,1.0,1.0,1.0,1.0,1.0,0.8756919930567149,7.07,7.07,0.0
Owen,Grant,CAN,Defense,Defensemen,003023,18,2026_game_9,15.529411764705882,8.333333333333334,22.0,1.2352941176470589,0.3333333333333333,1.4705882352941178,1.6666666666666667,0.0,0.0,0.0,0.0,0.11764705882352941,0.0,1.0,0.6666666666666666,0.0,0.0,5.588235294117647,9.0,0.1372549019607843,0.0,1778976000.0,-0.1372549019607843,WHP,2026-ev-9,12.916666666666666,-0.2148559742030428,78.33333333333334,0.1111111111111111,0.25,0.0,0.0,1.0,1.0,1.0,1.0,1.2082210296163785,0.9067234848484849,1.035189638665642,11.42,11.42,20.1
Remington,Reynolds,CAN,Defense,Defensemen,003228,5,2026_game_9,7.0,7.0,12.0,0.5,0.5,2.0,2.0,0.0,0.0,0.0,0.0,0.0,0.0,0.5,0.5,0.0,0.0,5.0,5.0,0.0,0.0,1778976000.0,0.0,WHP,2026-ev-9,12.916666666666666,-0.2148559742030428,78.33333333333334,0.1111111111111111,0.25,0.0,0.0,1.0,1.0,1.0,1.0,1.0,1.0,1.035189638665642,9.03,9.03,6.1
Zach,Goodrich,CAN,Defense,SSDM,001671,7,2026_game_9,7.5181818181818185,12.0,1.0,0.21818181818181817,0.0,0.8,0.3333333333333333,0.0,0.0,0.09090909090909091,0.0,0.05454545454545454,0.0,0.6545454545454545,1.0,0.03116883116883117,0.0,5.709090909090909,3.3333333333333335,0.00909090909090909,0.0,1778976000.0,-0.00909090909090909,WHP,2026-ev-9,12.916666666666666,-0.2148559742030428,78.33333333333334,0.1111111111111111,0.25,0.0,0.0,1.0,1.0,1.0,1.0,1.0,1.0484683595324467,0.8756919930567149,7.95,7.95,0.0
Ajax,Zappitello,WHP,Defense,Defensemen,003077,20,2026_game_11,18.0,15.333333333333334,11.0,0.3076923076923077,0.0,2.1538461538461537,2.0,0.0,0.0,0.0,0.0,0.07692307692307693,0.0,1.4615384615384615,1.3333333333333333,0.0,0.0,9.153846153846153,9.666666666666666,0.057692307692307696,0.0,1778891400.0,-0.057692307692307696,CAN,2026-ev-9,13.895833333333334,0.2148559742030428,66.0,0.16666666666666666,0.0,0.0,0.0,1.0,1.0,1.0,1.0,0.80700383794942,0.9074074074074074,1.0138349347603801,13.68,13.68,33.4
Ajax,Zappitello,WHP,Defense,Defensemen,003077,20,2026_game_9,18.0,15.333333333333334,11.0,0.3076923076923077,0.0,2.1538461538461537,2.0,0.0,0.0,0.0,0.0,0.07692307692307693,0.0,1.4615384615384615,1.3333333333333333,0.0,0.0,9.153846153846153,9.666666666666666,0.057692307692307696,0.0,1778891400.0,-0.057692307692307696,CAN,2026-ev-9,13.895833333333334,0.2148559742030428,66.0,0.16666666666666666,0.0,0.0,0.0,1.0,1.0,1.0,1.0,0.8920157165956899,0.9074074074074074,1.0138349347603801,13.68,13.68,33.4
Billy,Dwan,WHP,Defense,Defensemen,003282,6,2026_game_11,0.0,0.0,0.0,0.0,0.0,0.0,0.0,0.0,0.0,0.0,0.0,0.0,0.0,0.0,0.0,0.0,0.0,0.0,0.0,0.0,0.0,1778891400.0,0.0,CAN,2026-ev-9,13.895833333333334,0.2148559742030428,66.0,0.16666666666666666,0.0,0.0,0.0,1.0,1.0,1.0,1.0,1.0,1.0,1.0138349347603801,7.15,7.15,0.0
Billy,Dwan,WHP,Defense,Defensemen,003282,6,2026_game_9,0.0,0.0,0.0,0.0,0.0,0.0,0.0,0.0,0.0,0.0,0.0,0.0,0.0,0.0,0.0,0.0,0.0,0.0,0.0,0.0,0.0,1778891400.0,0.0,CAN,2026-ev-9,13.895833333333334,0.2148559742030428,66.0,0.16666666666666666,0.0,0.0,0.0,1.0,1.0,1.0,1.0,1.0,1.0,1.0138349347603801,7.15,7.15,0.0
Blake,Eiland,WHP,Defense,SSDM,003283,2,2026_game_11,0.0,0.0,0.0,0.0,0.0,0.0,0.0,0.0,0.0,0.0,0.0,0.0,0.0,0.0,0.0,0.0,0.0,0.0,0.0,0.0,0.0,1778891400.0,0.0,CAN,2026-ev-9,13.895833333333334,0.2148559742030428,66.0,0.16666666666666666,0.0,0.0,0.0,1.0,1.0,1.0,1.0,1.0,1.0,0.9802986042292817,7.07,7.07,0.0
Blake,Eiland,WHP,Defense,SSDM,003283,2,2026_game_9,0.0,0.0,0.0,0.0,0.0,0.0,0.0,0.0,0.0,0.0,0.0,0.0,0.0,0.0,0.0,0.0,0.0,0.0,0.0,0.0,0.0,1778891400.0,0.0,CAN,2026-ev-9,13.895833333333334,0.2148559742030428,66.0,0.16666666666666666,0.0,0.0,0.0,1.0,1.0,1.0,1.0,1.0,1.0,0.9802986042292817,7.07,7.07,0.0
Eric,Kolar,WHP,Defense,SSDM,003284,2,2026_game_11,0.0,0.0,0.0,0.0,0.0,0.0,0.0,0.0,0.0,0.0,0.0,0.0,0.0,0.0,0.0,0.0,0.0,0.0,0.0,0.0,0.0,1778891400.0,0.0,CAN,2026-ev-9,13.895833333333334,0.2148559742030428,66.0,0.16666666666666666,0.0,0.0,0.0,1.0,1.0,1.0,1.0,1.0,1.0,0.9802986042292817,7.07,7.07,0.0
Eric,Kolar,WHP,Defense,SSDM,003284,2,2026_game_9,0.0,0.0,0.0,0.0,0.0,0.0,0.0,0.0,0.0,0.0,0.0,0.0,0.0,0.0,0.0,0.0,0.0,0.0,0.0,0.0,0.0,1778891400.0,0.0,CAN,2026-ev-9,13.895833333333334,0.2148559742030428,66.0,0.16666666666666666,0.0,0.0,0.0,1.0,1.0,1.0,1.0,1.0,1.0,0.9802986042292817,7.07,7.07,0.0
Jack,McDonald,WHP,Defense,SSDM,003173,7,2026_game_11,7.285714285714286,9.666666666666666,8.0,0.5714285714285714,0.6666666666666666,1.0,0.6666666666666666,0.0,0.0,0.0,0.0,0.0,0.0,0.42857142857142855,1.0,0.0,0.0,4.428571428571429,5.333333333333333,0.14285714285714285,0.0,1778891400.0,-0.14285714285714285,CAN,2026-ev-9,13.895833333333334,0.2148559742030428,66.0,0.16666666666666666,0.0,0.0,0.0,1.0,1.0,1.0,1.0,1.0,0.8790849673202614,0.9802986042292817,7.54,7.54,0.0
Jack,McDonald,WHP,Defense,SSDM,003173,7,2026_game_9,7.285714285714286,9.666666666666666,8.0,0.5714285714285714,0.6666666666666666,1.0,0.6666666666666666,0.0,0.0,0.0,0.0,0.0,0.0,0.42857142857142855,1.0,0.0,0.0,4.428571428571429,5.333333333333333,0.14285714285714285,0.0,1778891400.0,-0.14285714285714285,CAN,2026-ev-9,13.895833333333334,0.2148559742030428,66.0,0.16666666666666666,0.0,0.0,0.0,1.0,1.0,1.0,1.0,1.0,0.8790849673202614,0.9802986042292817,7.54,7.54,0.0
Jack,Pilling,WHP,Defense,SSDM,003260,2,2026_game_11,2.0,2.0,2.0,0.0,0.0,2.0,2.0,0.0,0.0,0.0,0.0,0.0,0.0,0.0,0.0,0.0,0.0,9.0,9.0,0.0,0.0,1778891400.0,0.0,CAN,2026-ev-9,13.895833333333334,0.2148559742030428,66.0,0.16666666666666666,0.0,0.0,0.0,1.0,1.0,1.0,1.0,1.0,1.0,0.9802986042292817,7.82,7.82,0.0
Jack,Pilling,WHP,Defense,SSDM,003260,2,2026_game_9,2.0,2.0,2.0,0.0,0.0,2.0,2.0,0.0,0.0,0.0,0.0,0.0,0.0,0.0,0.0,0.0,0.0,9.0,9.0,0.0,0.0,1778891400.0,0.0,CAN,2026-ev-9,13.895833333333334,0.2148559742030428,66.0,0.16666666666666666,0.0,0.0,0.0,1.0,1.0,1.0,1.0,1.0,1.0,0.9802986042292817,7.82,7.82,0.0
Jack,Posey,WHP,Defense,Defensemen,003128,6,2026_game_11,4.916666666666667,6.333333333333333,1.0,0.0,0.0,0.9166666666666666,0.6666666666666666,0.0,0.0,0.0,0.0,0.08333333333333333,0.0,0.4166666666666667,0.6666666666666666,0.0,0.0,3.5833333333333335,1.6666666666666667,0.0,0.0,1778891400.0,0.0,CAN,2026-ev-9,13.895833333333334,0.2148559742030428,66.0,0.16666666666666666,0.0,0.0,0.0,1.0,1.0,1.0,1.0,0.8597380515710797,1.0,1.0138349347603801,6.84,6.84,0.0
Jack,Posey,WHP,Defense,Defensemen,003128,6,2026_game_9,4.916666666666667,6.333333333333333,1.0,0.0,0.0,0.9166666666666666,0.6666666666666666,0.0,0.0,0.0,0.0,0.08333333333333333,0.0,0.4166666666666667,0.6666666666666666,0.0,0.0,3.5833333333333335,1.6666666666666667,0.0,0.0,1778891400.0,0.0,CAN,2026-ev-9,13.895833333333334,0.2148559742030428,66.0,0.16666666666666666,0.0,0.0,0.0,1.0,1.0,1.0,1.0,0.7982450337624099,1.0,1.0138349347603801,6.84,6.84,0.0
Jake,Bernhardt,WHP,Defense,SSDM,000345,2,2026_game_11,4.923636363636364,1.7666666666666666,9.5,0.5818181818181818,0.3333333333333333,0.6363636363636364,0.6666666666666666,0.0,0.0,0.10909090909090909,0.3333333333333333,0.03636363636363636,0.0,0.3090909090909091,0.3333333333333333,0.09696969696969697,0.3333333333333333,5.632727272727272,4.666666666666667,0.11363636363636363,0.0,1778891400.0,-0.11363636363636363,CAN,2026-ev-9,13.895833333333334,0.2148559742030428,66.0,0.16666666666666666,0.0,0.0,0.0,1.0,1.0,1.0,1.0,1.0,0.4616323477302256,0.9802986042292817,6.16,6.16,0.0
Jake,Bernhardt,WHP,Defense,SSDM,000345,2,2026_game_9,4.923636363636364,1.7666666666666666,9.5,0.5818181818181818,0.3333333333333333,0.6363636363636364,0.6666666666666666,0.0,0.0,0.10909090909090909,0.3333333333333333,0.03636363636363636,0.0,0.3090909090909091,0.3333333333333333,0.09696969696969697,0.3333333333333333,5.632727272727272,4.666666666666667,0.11363636363636363,0.0,1778891400.0,-0.11363636363636363,CAN,2026-ev-9,13.895833333333334,0.2148559742030428,66.0,0.16666666666666666,0.0,0.0,0.0,1.0,1.0,1.0,1.0,1.0,0.4616323477302256,0.9802986042292817,6.16,6.16,0.0
James,Shipley,WHP,Defense,SSDM,003152,2,2026_game_11,0.0,0.0,0.0,0.0,0.0,0.0,0.0,0.0,0.0,0.0,0.0,0.0,0.0,0.0,0.0,0.0,0.0,0.0,0.0,0.0,0.0,0.0,0.0,CAN,2026-ev-9,7.0,0.2148559742030428,66.0,0.16666666666666666,0.0,0.0,0.0,1.0,1.0,1.0,1.0,1.0,1.0,0.9802986042292817,6.8,6.8,0.0
James,Shipley,WHP,Defense,SSDM,003152,2,2026_game_9,0.0,0.0,0.0,0.0,0.0,0.0,0.0,0.0,0.0,0.0,0.0,0.0,0.0,0.0,0.0,0.0,0.0,0.0,0.0,0.0,0.0,0.0,0.0,CAN,2026-ev-9,7.0,0.2148559742030428,66.0,0.16666666666666666,0.0,0.0,0.0,1.0,1.0,1.0,1.0,1.0,1.0,0.9802986042292817,6.8,6.8,0.0
Joe,Juengerkes,WHP,Defense,SSDM,003255,6,2026_game_11,10.25,10.25,10.0,0.0,0.0,0.5,0.5,0.0,0.0,0.0,0.0,1.0,1.0,0.0,0.0,0.0,0.0,6.0,6.0,0.0,0.0,1778891400.0,0.0,CAN,2026-ev-9,13.895833333333334,0.2148559742030428,66.0,0.16666666666666666,0.0,0.0,0.0,1.0,1.0,1.0,1.0,1.0,1.0,0.9802986042292817,6.74,6.74,0.0
Joe,Juengerkes,WHP,Defense,SSDM,003255,6,2026_game_9,10.25,10.25,10.0,0.0,0.0,0.5,0.5,0.0,0.0,0.0,0.0,1.0,1.0,0.0,0.0,0.0,0.0,6.0,6.0,0.0,0.0,1778891400.0,0.0,CAN,2026-ev-9,13.895833333333334,0.2148559742030428,66.0,0.16666666666666666,0.0,0.0,0.0,1.0,1.0,1.0,1.0,1.0,1.0,0.9802986042292817,6.74,6.74,0.0
Matthew,Dunn,WHP,Defense,Defensemen,000355,10,2026_game_11,8.773333333333333,9.333333333333334,21.0,0.25333333333333335,0.0,1.32,0.3333333333333333,0.0,0.0,0.0,0.0,0.06666666666666667,0.0,0.6933333333333334,1.0,0.0,0.0,6.746666666666667,8.666666666666666,0.02666666666666667,0.0,1778891400.0,-0.02666666666666667,CAN,2026-ev-9,13.895833333333334,0.2148559742030428,66.0,0.16666666666666666,0.0,0.0,0.0,1.0,1.0,1.0,1.0,1.2677428868811094,1.433004052684904,1.0138349347603801,8.2,8.2,1.2
Matthew,Dunn,WHP,Defense,Defensemen,000355,9,2026_game_9,8.773333333333333,9.333333333333334,21.0,0.25333333333333335,0.0,1.32,0.3333333333333333,0.0,0.0,0.0,0.0,0.06666666666666667,0.0,0.6933333333333334,1.0,0.0,0.0,6.746666666666667,8.666666666666666,0.02666666666666667,0.0,1778891400.0,-0.02666666666666667,CAN,2026-ev-9,13.895833333333334,0.2148559742030428,66.0,0.16666666666666666,0.0,0.0,0.0,1.0,1.0,1.0,1.0,0.8205128205128206,1.433004052684904,1.0138349347603801,8.2,8.2,1.2
Payton,Rezanka,WHP,Defense,SSDM,003011,4,2026_game_11,5.681818181818182,0.6666666666666666,1.0,0.45454545454545453,0.3333333333333333,0.5454545454545454,0.6666666666666666,0.0,0.0,0.0,0.0,0.0,0.0,0.36363636363636365,0.0,0.0,0.0,3.6363636363636362,4.0,0.09090909090909091,0.0,1725742800.0,-0.09090909090909091,CAN,2026-ev-9,629.0416666666666,0.2148559742030428,66.0,0.16666666666666666,0.0,0.0,0.0,1.0,1.0,1.0,1.0,1.0,0.7394285714285714,0.9802986042292817,9.29,9.29,7.6
Payton,Rezanka,WHP,Defense,SSDM,003011,4,2026_game_9,5.681818181818182,0.6666666666666666,1.0,0.45454545454545453,0.3333333333333333,0.5454545454545454,0.6666666666666666,0.0,0.0,0.0,0.0,0.0,0.0,0.36363636363636365,0.0,0.0,0.0,3.6363636363636362,4.0,0.09090909090909091,0.0,1725742800.0,-0.09090909090909091,CAN,2026-ev-9,629.0416666666666,0.2148559742030428,66.0,0.16666666666666666,0.0,0.0,0.0,1.0,1.0,1.0,1.0,1.0,0.7394285714285714,0.9802986042292817,9.29,9.29,7.6
Tim,Muller,WHP,Defense,Defensemen,000359,8,2026_game_11,9.64102564102564,13.666666666666666,1.0,0.07692307692307693,0.0,1.6794871794871795,1.3333333333333333,0.0,0.0,0.0,0.0,0.05128205128205128,0.0,0.7435897435897436,1.3333333333333333,0.0,0.0,6.584615384615385,7.666666666666667,0.02564102564102564,0.0,1778891400.0,-0.02564102564102564,CAN,2026-ev-9,13.895833333333334,0.2148559742030428,66.0,0.16666666666666666,0.0,0.0,0.0,1.0,1.0,1.0,1.0,1.0,0.796985815602837,1.0138349347603801,8.95,8.95,5.6
Tim,Muller,WHP,Defense,Defensemen,000359,8,2026_game_9,9.64102564102564,13.666666666666666,1.0,0.07692307692307693,0.0,1.6794871794871795,1.3333333333333333,0.0,0.0,0.0,0.0,0.05128205128205128,0.0,0.7435897435897436,1.3333333333333333,0.0,0.0,6.584615384615385,7.666666666666667,0.02564102564102564,0.0,1778891400.0,-0.02564102564102564,CAN,2026-ev-9,13.895833333333334,0.2148559742030428,66.0,0.16666666666666666,0.0,0.0,0.0,1.0,1.0,1.0,1.0,1.0,0.796985815602837,1.0138349347603801,8.95,8.95,5.6
Alex,Ross,ATL,Defense,Defensemen,003289,5,2026_game_10,0.0,0.0,0.0,0.0,0.0,0.0,0.0,0.0,0.0,0.0,0.0,0.0,0.0,0.0,0.0,0.0,0.0,0.0,0.0,0.0,0.0,1778891400.0,0.0,OUT,2026-ev-10,14.6875,0.12490860409756122,90.93333333333332,0.1111111111111111,0.1111111111111111,0.0,0.0,1.0,1.0,1.0,1.0,1.0,1.0,0.9339689615872449,7.18,7.18,0.0
Brett,Makar,ATL,Defense,Defensemen,003009,16,2026_game_10,12.314285714285715,22.0,8.0,0.45714285714285713,0.6666666666666666,2.9714285714285715,3.3333333333333335,0.0,0.0,0.0,0.0,0.08571428571428572,0.3333333333333333,0.8571428571428571,1.6666666666666667,0.0,0.0,8.6,11.666666666666666,0.05714285714285714,0.0,1778891400.0,-0.05714285714285714,OUT,2026-ev-10,14.6875,0.12490860409756122,90.93333333333332,0.1111111111111111,0.1111111111111111,0.0,0.0,1.0,1.0,1.0,1.0,1.3233081196483094,1.2131256214782897,0.9339689615872449,13.7,13.7,33.5
Cooper,Frankenheimer,ATL,Defense,SSDM,003242,2,2026_game_10,1.0,1.0,1.0,1.0,1.0,1.0,1.0,0.0,0.0,0.0,0.0,0.0,0.0,0.0,0.0,0.0,0.0,4.0,4.0,0.0,0.0,1778891400.0,0.0,OUT,2026-ev-10,14.6875,0.12490860409756122,90.93333333333332,0.1111111111111111,0.1111111111111111,0.0,0.0,1.0,1.0,1.0,1.0,1.0,1.0,0.9917452564803422,6.95,6.95,0.0
Danny,Logan,ATL,Defense,SSDM,001819,5,2026_game_10,10.303703703703704,8.766666666666667,21.5,0.7222222222222222,0.6666666666666666,1.6481481481481481,2.0,0.0,0.0,0.24074074074074073,0.3333333333333333,0.2037037037037037,0.3333333333333333,0.4074074074074074,0.0,0.18209876543209874,0.6666666666666666,7.683333333333333,7.0,0.24074074074074073,0.3333333333333333,1757867400.0,0.09259259259259259,OUT,2026-ev-10,258.0208333333333,0.12490860409756122,90.93333333333332,0.1111111111111111,0.1111111111111111,0.0,0.0,1.0,1.0,1.0,1.0,1.0,1.1320992092020128,0.9917452564803422,8.84,8.84,4.9
Eli,Gobrecht,ATL,Defense,Defensemen,000410,5,2026_game_10,10.577586206896552,3.3333333333333335,10.0,0.1724137931034483,0.0,1.9137931034482758,0.0,0.0,0.0,0.43103448275862066,0.0,0.034482758620689655,0.0,0.8793103448275862,0.3333333333333333,0.10494087942386633,0.0,5.1482758620689655,1.6666666666666667,0.05172413793103448,0.0,1754758800.0,-0.05172413793103448,OUT,2026-ev-10,294.0,0.12490860409756122,90.93333333333332,0.1111111111111111,0.1111111111111111,0.0,0.0,1.0,1.0,1.0,1.0,0.9216679179907916,0.7683083013156363,0.9339689615872449,9.35,9.35,7.9
Jon,Robbins,ATL,Defense,SSDM,002042,3,2026_game_10,9.129032258064516,4.0,9.0,0.25806451612903225,0.3333333333333333,1.3225806451612903,1.6666666666666667,0.0,0.0,0.0,0.0,0.03225806451612903,0.0,0.7419354838709677,0.3333333333333333,0.0,0.0,3.064516129032258,3.3333333333333335,0.06451612903225806,0.0,1778891400.0,-0.06451612903225806,OUT,2026-ev-10,14.6875,0.12490860409756122,90.93333333333332,0.1111111111111111,0.1111111111111111,0.0,0.0,1.0,1.0,1.0,1.0,1.0,0.8864209994952045,0.9917452564803422,8.62,8.62,3.6
Liam,Kammar,ATL,Defense,SSDM,003259,4,2026_game_10,5.5,5.5,0.0,0.5,0.5,0.5,0.5,0.0,0.0,0.0,0.0,0.0,0.0,0.5,0.5,0.0,0.0,4.0,4.0,0.0,0.0,1778891400.0,0.0,OUT,2026-ev-10,14.6875,0.12490860409756122,90.93333333333332,0.1111111111111111,0.1111111111111111,0.0,0.0,1.0,1.0,1.0,1.0,1.0,1.0,0.9917452564803422,5.49,5.49,0.0
Max,Krevsky,ATL,Defense,SSDM,003172,3,2026_game_10,3.0833333333333335,0.6666666666666666,1.0,0.75,1.0,1.0,1.6666666666666667,0.0,0.0,0.0,0.0,0.16666666666666666,0.0,0.16666666666666666,0.0,0.0,0.0,7.916666666666667,8.666666666666666,0.08333333333333333,0.0,1778891400.0,-0.08333333333333333,OUT,2026-ev-10,14.6875,0.12490860409756122,90.93333333333332,0.1111111111111111,0.1111111111111111,0.0,0.0,1.0,1.0,1.0,1.0,1.0,1.0,0.9917452564803422,6.82,6.82,0.0
Michael,Rexrode,ATL,Defense,Defensemen,001397,14,2026_game_10,12.974137931034482,10.0,13.0,0.13793103448275862,0.0,1.6724137931034482,2.0,0.0,0.0,0.0,0.0,0.017241379310344827,0.3333333333333333,1.0862068965517242,0.6666666666666666,0.0,0.0,5.498275862068965,7.333333333333333,0.05172413793103448,0.0,1778891400.0,-0.05172413793103448,OUT,2026-ev-10,14.6875,0.12490860409756122,90.93333333333332,0.1111111111111111,0.1111111111111111,0.0,0.0,1.0,1.0,1.0,1.0996677740863787,1.4380467655831362,1.0778239202657809,0.9339689615872449,10.06,10.06,12.1
Nikko,DiPonio,ATL,Defense,Defensemen,003251,6,2026_game_10,8.0,8.0,4.0,0.5,0.5,3.0,3.0,0.0,0.0,0.0,0.0,0.0,0.0,0.5,0.5,0.0,0.0,7.5,7.5,0.0,0.0,1778891400.0,0.0,OUT,2026-ev-10,14.6875,0.12490860409756122,90.93333333333332,0.1111111111111111,0.1111111111111111,0.0,0.0,1.0,1.0,1.0,1.0,1.0,1.0,0.9339689615872449,13.24,13.24,30.8
Tyler,Carpenter,ATL,Defense,SSDM,003099,9,2026_game_10,11.64,5.666666666666667,13.0,0.56,0.3333333333333333,3.24,3.3333333333333335,0.0,0.0,0.0,0.0,0.08,0.0,0.6,0.3333333333333333,0.0,0.0,7.92,6.333333333333333,0.14,0.0,1778891400.0,-0.14,OUT,2026-ev-10,14.6875,0.12490860409756122,90.93333333333332,0.1111111111111111,0.1111111111111111,0.0,0.0,1.0,1.0,1.0,1.0,1.0,1.0438144329896906,0.9917452564803422,14.14,14.14,36.1
Alexander,Smith,OUT,Defense,SSDM,002074,7,2026_game_10,4.365384615384615,9.0,1.0,0.07692307692307693,0.3333333333333333,0.9615384615384616,2.3333333333333335,0.0,0.0,0.0,0.0,0.038461538461538464,0.0,0.38461538461538464,0.6666666666666666,0.0,0.0,5.038461538461538,6.333333333333333,0.0,0.0,1778950800.0,0.0,ATL,2026-ev-10,14.0,-0.12490860409756122,85.76666666666667,0.1111111111111111,0.1111111111111111,0.0,0.0,1.0,1.0,1.0,1.0,1.0,1.0,1.2124714150288451,7.93,7.93,0.0
Ben,Randall,OUT,Defense,Defensemen,001406,15,2026_game_10,15.172413793103448,15.333333333333334,1.0,0.3620689655172414,0.0,2.1724137931034484,2.6666666666666665,0.0,0.0,0.0,0.0,0.05172413793103448,0.3333333333333333,1.2413793103448276,1.3333333333333333,0.0,0.0,8.0,7.333333333333333,0.06896551724137931,0.0,1778950800.0,-0.06896551724137931,ATL,2026-ev-10,14.0,-0.12490860409756122,85.76666666666667,0.1111111111111111,0.1111111111111111,0.0,0.0,1.0,1.0,1.0,1.0,1.1469475172779842,1.5153030303030302,1.025531464598616,13.05,13.05,29.7
Greg,Weyl,OUT,Defense,SSDM,001415,3,2026_game_10,14.823529411764707,4.0,2.0,0.35294117647058826,0.0,1.4705882352941178,0.6666666666666666,0.0,0.0,0.0,0.0,0.0,0.0,1.1176470588235294,0.3333333333333333,0.0,0.0,5.147058823529412,1.3333333333333333,0.14705882352941177,0.0,1778950800.0,-0.14705882352941177,ATL,2026-ev-10,14.0,-0.12490860409756122,85.76666666666667,0.1111111111111111,0.1111111111111111,0.0,0.0,1.0,1.0,1.0,1.0,1.0,0.8558201058201058,1.2124714150288451,10.49,10.49,14.6
Jack,Gray,OUT,Defense,SSDM,003183,5,2026_game_10,4.825,2.2666666666666666,1.3,0.125,0.0,0.5,1.0,0.0,0.0,0.25,0.3333333333333333,0.125,0.0,0.25,0.3333333333333333,0.7,0.5,2.625,2.6666666666666665,0.125,0.0,1778950800.0,-0.125,ATL,2026-ev-10,14.0,-0.12490860409756122,85.76666666666667,0.1111111111111111,0.1111111111111111,0.0,0.0,1.0,1.0,1.0,1.0,1.0,1.0,1.2124714150288451,6.85,6.85,0.0
Jake,Piseno,OUT,Defense,SSDM,003083,25,2026_game_10,16.96,19.0,12.0,1.28,1.3333333333333333,3.0,2.3333333333333335,0.0,0.0,0.0,0.0,0.2,0.0,0.96,1.6666666666666667,0.0,0.0,8.0,5.666666666666667,0.12666666666666665,0.0,1778950800.0,-0.12666666666666665,ATL,2026-ev-10,14.0,-0.12490860409756122,85.76666666666667,0.1111111111111111,0.1111111111111111,0.0,0.0,1.0,1.0,1.0,1.0,1.0,1.1777712264150941,1.2124714150288451,13.98,13.98,35.2
JT,Giles-Harris,OUT,Defense,Defensemen,001811,10,2026_game_10,9.11111111111111,7.666666666666667,2.0,0.06666666666666667,0.0,1.5555555555555556,2.0,0.0,0.0,0.0,0.0,0.022222222222222223,0.0,0.8,0.6666666666666666,0.0,0.0,7.955555555555556,9.0,0.0,0.0,1778950800.0,0.0,ATL,2026-ev-10,14.0,-0.12490860409756122,85.76666666666667,0.1111111111111111,0.1111111111111111,0.0,0.0,1.0,1.0,1.0,0.7299651567944251,0.7370148553620122,0.8621951219512195,1.025531464598616,9.29,9.29,7.6
Kevin,Parnham,OUT,Defense,Defensemen,003182,3,2026_game_10,1.0,1.0,1.0,0.0,0.0,1.0,1.0,0.0,0.0,0.0,0.0,0.0,0.0,0.0,0.0,0.0,0.0,8.0,8.0,0.0,0.0,1778367600.0,0.0,ATL,2026-ev-10,20.75,-0.12490860409756122,85.76666666666667,0.1111111111111111,0.1111111111111111,0.0,0.0,1.0,1.0,1.0,1.0,1.0,1.0,1.025531464598616,6.89,6.89,0.0
Michael,Manley,OUT,Defense,Defensemen,000302,11,2026_game_10,12.82089552238806,7.333333333333333,1.0,0.746268656716418,1.0,2.0,0.6666666666666666,0.0,0.0,0.0,0.0,0.08955223880597014,0.0,0.9104477611940298,0.6666666666666666,0.0,0.0,7.728358208955223,7.333333333333333,0.12686567164179105,0.0,1778950800.0,-0.12686567164179105,ATL,2026-ev-10,14.0,-0.12490860409756122,85.76666666666667,0.1111111111111111,0.1111111111111111,0.0,0.0,1.0,1.0,1.0,1.0,1.0,0.9012593925283099,1.025531464598616,10.05,10.05,12.1
Nick,Grill,OUT,Defense,SSDM,001839,6,2026_game_10,6.5875,0.3333333333333333,0.0,0.025,0.0,1.25,0.3333333333333333,0.0,0.0,0.0,0.0,0.025,0.0,0.55,0.0,0.0,0.0,3.2600000000000002,1.0,0.0,0.0,1757867400.0,0.0,ATL,2026-ev-10,258.0208333333333,-0.12490860409756122,85.76666666666667,0.1111111111111111,0.1111111111111111,0.0,0.0,1.0,1.0,1.0,1.0,1.0,0.9326375711574951,1.2124714150288451,7.67,7.67,0.0
Ryan,Terefenko,OUT,Defense,SSDM,001820,9,2026_game_10,9.424528301886792,8.666666666666666,19.5,1.0188679245283019,1.0,1.830188679245283,0.0,0.0,0.0,0.0,0.0,0.3018867924528302,0.6666666666666666,0.33962264150943394,0.0,0.0,0.0,11.507547169811321,13.666666666666666,0.2232704402515723,0.16666666666666666,1757867400.0,-0.05660377358490565,ATL,2026-ev-10,258.0208333333333,-0.12490860409756122,85.76666666666667,0.1111111111111111,0.1111111111111111,0.0,0.0,1.0,1.0,1.0,1.0,1.0,1.2358722358722358,1.2124714150288451,9.97,9.97,11.6
Zach,Geddes,OUT,Defense,SSDM,002022,13,2026_game_10,10.383720930232558,9.833333333333334,17.0,1.069767441860465,1.6666666666666667,1.5813953488372092,1.0,0.0,0.0,0.0,0.0,0.11627906976744186,0.0,0.4883720930232558,0.3333333333333333,0.0,0.0,7.930232558139535,10.0,0.1868217054263566,0.2222222222222222,1778950800.0,0.035400516795865616,ATL,2026-ev-10,14.0,-0.12490860409756122,85.76666666666667,0.1111111111111111,0.1111111111111111,0.0,0.0,1.0,1.0,1.0,1.0,1.0,1.3741445813114346,1.2124714150288451,9.48,9.48,8.7
Aidan,Maguire,ARC,Defense,SSDM,003278,8,2026_game_11,0.0,0.0,0.0,0.0,0.0,0.0,0.0,0.0,0.0,0.0,0.0,0.0,0.0,0.0,0.0,0.0,0.0,0.0,0.0,0.0,0.0,1778367600.0,0.0,WHP,2026-ev-11,20.9375,-0.1030534565706886,78.33333333333334,0.05555555555555555,0.25,0.0,0.0,1.0,1.0,1.0,1.0,1.0,1.0,0.8756919930567149,6.83,6.83,0.0
Beau,Pederson,ARC,Defense,SSDM,003087,12,2026_game_11,8.554166666666667,14.233333333333334,30.3,0.5833333333333334,1.6666666666666667,1.375,3.0,0.0,0.0,0.25,1.3333333333333333,0.125,0.3333333333333333,0.4583333333333333,0.6666666666666666,0.10416666666666667,0.38888888888888884,7.291666666666667,8.333333333333334,0.25,0.3333333333333333,1778367600.0,0.08333333333333331,WHP,2026-ev-11,20.9375,-0.1030534565706886,78.33333333333334,0.05555555555555555,0.25,0.0,0.0,1.0,1.0,1.0,1.0,1.0,1.129140282513395,0.8756919930567149,9.92,9.92,11.3
Brendan,Lavelle,ARC,Defense,Defensemen,003163,10,2026_game_11,9.833333333333334,8.333333333333334,22.0,0.16666666666666666,0.6666666666666666,3.0833333333333335,1.6666666666666667,0.0,0.0,0.0,0.0,0.08333333333333333,0.0,0.6666666666666666,0.6666666666666666,0.0,0.0,7.833333333333333,7.0,0.0,0.0,1778367600.0,0.0,WHP,2026-ev-11,20.9375,-0.1030534565706886,78.33333333333334,0.05555555555555555,0.25,0.0,0.0,1.0,1.0,1.0,1.0,1.2082210296163785,0.8672316384180792,1.035189638665642,12.09,12.09,24.1
Cam,Wyers,ARC,Defense,Defensemen,003007,6,2026_game_11,7.482142857142857,10.666666666666666,1.0,0.39285714285714285,0.0,1.2142857142857142,0.6666666666666666,0.0,0.0,0.0,0.0,0.07142857142857142,0.3333333333333333,0.5357142857142857,0.6666666666666666,0.0,0.0,3.107142857142857,3.0,0.08928571428571429,0.0,1778367600.0,-0.08928571428571429,WHP,2026-ev-11,20.9375,-0.1030534565706886,78.33333333333334,0.05555555555555555,0.25,0.0,0.0,1.0,1.0,1.0,1.0,1.0,1.0259546539379474,1.035189638665642,7.8,7.8,0.0
Colin,Sharkey,ARC,Defense,SSDM,003194,2,2026_game_11,0.0,0.0,0.0,0.0,0.0,0.0,0.0,0.0,0.0,0.0,0.0,0.0,0.0,0.0,0.0,0.0,0.0,0.0,0.0,0.0,0.0,0.0,0.0,WHP,2026-ev-11,7.0,-0.1030534565706886,78.33333333333334,0.05555555555555555,0.25,0.0,0.0,1.0,1.0,1.0,1.0,1.0,1.0,0.8756919930567149,7.12,7.12,0.0
Connor,Maher,ARC,Defense,SSDM,003005,5,2026_game_11,6.438888888888889,11.666666666666666,10.0,0.4166666666666667,0.3333333333333333,1.25,1.3333333333333333,0.0,0.0,0.027777777777777776,0.0,0.08333333333333333,0.0,0.3611111111111111,1.0,0.09523809523809523,0.0,6.055555555555555,4.666666666666667,0.125,0.3333333333333333,1778367600.0,0.20833333333333331,WHP,2026-ev-11,20.9375,-0.1030534565706886,78.33333333333334,0.05555555555555555,0.25,0.0,0.0,1.0,1.0,1.0,1.0,1.0,0.8339085418464194,0.8756919930567149,7.26,7.26,0.0
Ethan,Till,ARC,Defense,SSDM,003237,4,2026_game_11,0.0,0.0,0.0,0.0,0.0,0.0,0.0,0.0,0.0,0.0,0.0,0.0,0.0,0.0,0.0,0.0,0.0,0.0,0.0,0.0,0.0,1778367600.0,0.0,WHP,2026-ev-11,20.9375,-0.1030534565706886,78.33333333333334,0.05555555555555555,0.25,0.0,0.0,1.0,1.0,1.0,1.0,1.0,1.0,0.8756919930567149,6.83,6.83,0.0
Mason,Woodward,ARC,Defense,Defensemen,003082,13,2026_game_11,15.875,5.0,2.0,1.0833333333333333,1.3333333333333333,2.2083333333333335,1.6666666666666667,0.0,0.0,0.0,0.0,0.08333333333333333,0.3333333333333333,0.75,0.0,0.0,0.0,8.916666666666666,11.0,0.22916666666666666,0.0,1778367600.0,-0.22916666666666666,WHP,2026-ev-11,20.9375,-0.1030534565706886,78.33333333333334,0.05555555555555555,0.25,0.0,0.0,1.0,1.0,1.0,1.0,0.774092047319626,0.9557086614173228,1.035189638665642,9.01,9.01,5.9
Mitchell,Dunham,ARC,Defense,Defensemen,003177,14,2026_game_11,47.5,47.5,59.0,0.0,0.0,4.0,4.0,0.0,0.0,0.0,0.0,0.0,0.0,4.0,4.0,0.0,0.0,10.5,10.5,0.0,0.0,1778367600.0,0.0,WHP,2026-ev-11,20.9375,-0.1030534565706886,78.33333333333334,0.05555555555555555,0.25,0.0,0.0,1.0,1.0,1.0,1.0,0.7826206495283102,1.0,1.035189638665642,13.12,13.12,30.1
Piper,Bond,ARC,Defense,SSDM,003006,6,2026_game_11,5.7250000000000005,6.1000000000000005,-1.0,0.6666666666666666,1.0,1.75,2.6666666666666665,0.0,0.0,0.05555555555555555,0.3333333333333333,0.1111111111111111,0.0,0.4166666666666667,0.6666666666666666,0.052910052910052914,0.037037037037037035,11.222222222222221,13.666666666666666,0.07870370370370369,0.0,1778367600.0,-0.07870370370370369,WHP,2026-ev-11,20.9375,-0.1030534565706886,78.33333333333334,0.05555555555555555,0.25,0.0,0.0,1.0,1.0,1.0,1.0,1.0,1.7227074235807862,0.8756919930567149,7.27,7.27,0.0
Tommy,Stull,ARC,Defense,SSDM,003215,5,2026_game_11,13.0,13.0,13.0,0.0,0.0,3.0,3.0,0.0,0.0,0.0,0.0,0.0,0.0,1.0,1.0,0.0,0.0,3.0,3.0,0.0,0.0,1778284800.0,0.0,WHP,2026-ev-11,21.895833333333332,-0.1030534565706886,78.33333333333334,0.05555555555555555,0.25,0.0,0.0,1.0,1.0,1.0,1.0,1.0,1.0,0.8756919930567149,12.28,12.28,25.2
Warren,Jeffrey,ARC,Defense,Defensemen,001661,8,2026_game_11,8.232558139534884,10.0,11.0,0.0,0.0,1.2790697674418605,1.0,0.0,0.0,0.0,0.0,0.046511627906976744,0.0,0.7209302325581395,1.0,0.0,0.0,4.660465116279069,4.0,0.0,0.0,1754701200.0,0.0,WHP,2026-ev-11,294.8541666666667,-0.1030534565706886,78.33333333333334,0.05555555555555555,0.25,0.0,0.0,1.0,1.0,1.0,1.0,1.0,0.8316854990583804,1.035189638665642,9.17,9.17,6.9
Ajax,Zappitello,WHP,Defense,Defensemen,003077,20,2026_game_11,18.0,15.333333333333334,11.0,0.3076923076923077,0.0,2.1538461538461537,2.0,0.0,0.0,0.0,0.0,0.07692307692307693,0.0,1.4615384615384615,1.3333333333333333,0.0,0.0,9.153846153846153,9.666666666666666,0.057692307692307696,0.0,1778891400.0,-0.057692307692307696,ARC,2026-ev-11,14.875,0.1030534565706886,67.43333333333332,0.16666666666666666,0.0,0.0,0.0,1.0,1.0,1.0,1.0,0.80700383794942,1.0069444444444444,0.8877907566719828,13.47,13.47,32.2
Ajax,Zappitello,WHP,Defense,Defensemen,003077,20,2026_game_9,18.0,15.333333333333334,11.0,0.3076923076923077,0.0,2.1538461538461537,2.0,0.0,0.0,0.0,0.0,0.07692307692307693,0.0,1.4615384615384615,1.3333333333333333,0.0,0.0,9.153846153846153,9.666666666666666,0.057692307692307696,0.0,1778891400.0,-0.057692307692307696,ARC,2026-ev-11,14.875,0.1030534565706886,67.43333333333332,0.16666666666666666,0.0,0.0,0.0,1.0,1.0,1.0,1.0,0.8920157165956899,1.0069444444444444,0.8877907566719828,13.47,13.47,32.2
Billy,Dwan,WHP,Defense,Defensemen,003282,6,2026_game_11,0.0,0.0,0.0,0.0,0.0,0.0,0.0,0.0,0.0,0.0,0.0,0.0,0.0,0.0,0.0,0.0,0.0,0.0,0.0,0.0,0.0,1778891400.0,0.0,ARC,2026-ev-11,14.875,0.1030534565706886,67.43333333333332,0.16666666666666666,0.0,0.0,0.0,1.0,1.0,1.0,1.0,1.0,1.0,0.8877907566719828,6.7,6.7,0.0
Billy,Dwan,WHP,Defense,Defensemen,003282,6,2026_game_9,0.0,0.0,0.0,0.0,0.0,0.0,0.0,0.0,0.0,0.0,0.0,0.0,0.0,0.0,0.0,0.0,0.0,0.0,0.0,0.0,0.0,1778891400.0,0.0,ARC,2026-ev-11,14.875,0.1030534565706886,67.43333333333332,0.16666666666666666,0.0,0.0,0.0,1.0,1.0,1.0,1.0,1.0,1.0,0.8877907566719828,6.7,6.7,0.0
Blake,Eiland,WHP,Defense,SSDM,003283,2,2026_game_11,0.0,0.0,0.0,0.0,0.0,0.0,0.0,0.0,0.0,0.0,0.0,0.0,0.0,0.0,0.0,0.0,0.0,0.0,0.0,0.0,0.0,1778891400.0,0.0,ARC,2026-ev-11,14.875,0.1030534565706886,67.43333333333332,0.16666666666666666,0.0,0.0,0.0,1.0,1.0,1.0,1.0,1.0,1.0,0.9044200800466934,6.7,6.7,0.0
Blake,Eiland,WHP,Defense,SSDM,003283,2,2026_game_9,0.0,0.0,0.0,0.0,0.0,0.0,0.0,0.0,0.0,0.0,0.0,0.0,0.0,0.0,0.0,0.0,0.0,0.0,0.0,0.0,0.0,1778891400.0,0.0,ARC,2026-ev-11,14.875,0.1030534565706886,67.43333333333332,0.16666666666666666,0.0,0.0,0.0,1.0,1.0,1.0,1.0,1.0,1.0,0.9044200800466934,6.7,6.7,0.0
Eric,Kolar,WHP,Defense,SSDM,003284,2,2026_game_11,0.0,0.0,0.0,0.0,0.0,0.0,0.0,0.0,0.0,0.0,0.0,0.0,0.0,0.0,0.0,0.0,0.0,0.0,0.0,0.0,0.0,1778891400.0,0.0,ARC,2026-ev-11,14.875,0.1030534565706886,67.43333333333332,0.16666666666666666,0.0,0.0,0.0,1.0,1.0,1.0,1.0,1.0,1.0,0.9044200800466934,6.7,6.7,0.0
Eric,Kolar,WHP,Defense,SSDM,003284,2,2026_game_9,0.0,0.0,0.0,0.0,0.0,0.0,0.0,0.0,0.0,0.0,0.0,0.0,0.0,0.0,0.0,0.0,0.0,0.0,0.0,0.0,0.0,1778891400.0,0.0,ARC,2026-ev-11,14.875,0.1030534565706886,67.43333333333332,0.16666666666666666,0.0,0.0,0.0,1.0,1.0,1.0,1.0,1.0,1.0,0.9044200800466934,6.7,6.7,0.0
Jack,McDonald,WHP,Defense,SSDM,003173,7,2026_game_11,7.285714285714286,9.666666666666666,8.0,0.5714285714285714,0.6666666666666666,1.0,0.6666666666666666,0.0,0.0,0.0,0.0,0.0,0.0,0.42857142857142855,1.0,0.0,0.0,4.428571428571429,5.333333333333333,0.14285714285714285,0.0,1778891400.0,-0.14285714285714285,ARC,2026-ev-11,14.875,0.1030534565706886,67.43333333333332,0.16666666666666666,0.0,0.0,0.0,1.0,1.0,1.0,1.0,1.0,0.0,0.9044200800466934,7.31,7.31,0.0
Jack,McDonald,WHP,Defense,SSDM,003173,7,2026_game_9,7.285714285714286,9.666666666666666,8.0,0.5714285714285714,0.6666666666666666,1.0,0.6666666666666666,0.0,0.0,0.0,0.0,0.0,0.0,0.42857142857142855,1.0,0.0,0.0,4.428571428571429,5.333333333333333,0.14285714285714285,0.0,1778891400.0,-0.14285714285714285,ARC,2026-ev-11,14.875,0.1030534565706886,67.43333333333332,0.16666666666666666,0.0,0.0,0.0,1.0,1.0,1.0,1.0,1.0,0.0,0.9044200800466934,7.31,7.31,0.0
Jack,Pilling,WHP,Defense,SSDM,003260,2,2026_game_11,2.0,2.0,2.0,0.0,0.0,2.0,2.0,0.0,0.0,0.0,0.0,0.0,0.0,0.0,0.0,0.0,0.0,9.0,9.0,0.0,0.0,1778891400.0,0.0,ARC,2026-ev-11,14.875,0.1030534565706886,67.43333333333332,0.16666666666666666,0.0,0.0,0.0,1.0,1.0,1.0,1.0,1.0,1.0,0.9044200800466934,7.88,7.88,0.0
Jack,Pilling,WHP,Defense,SSDM,003260,2,2026_game_9,2.0,2.0,2.0,0.0,0.0,2.0,2.0,0.0,0.0,0.0,0.0,0.0,0.0,0.0,0.0,0.0,0.0,9.0,9.0,0.0,0.0,1778891400.0,0.0,ARC,2026-ev-11,14.875,0.1030534565706886,67.43333333333332,0.16666666666666666,0.0,0.0,0.0,1.0,1.0,1.0,1.0,1.0,1.0,0.9044200800466934,7.88,7.88,0.0
Jack,Posey,WHP,Defense,Defensemen,003128,6,2026_game_11,4.916666666666667,6.333333333333333,1.0,0.0,0.0,0.9166666666666666,0.6666666666666666,0.0,0.0,0.0,0.0,0.08333333333333333,0.0,0.4166666666666667,0.6666666666666666,0.0,0.0,3.5833333333333335,1.6666666666666667,0.0,0.0,1778891400.0,0.0,ARC,2026-ev-11,14.875,0.1030534565706886,67.43333333333332,0.16666666666666666,0.0,0.0,0.0,1.0,1.0,1.0,1.0,0.8597380515710797,1.0,0.8877907566719828,6.81,6.81,0.0
Jack,Posey,WHP,Defense,Defensemen,003128,6,2026_game_9,4.916666666666667,6.333333333333333,1.0,0.0,0.0,0.9166666666666666,0.6666666666666666,0.0,0.0,0.0,0.0,0.08333333333333333,0.0,0.4166666666666667,0.6666666666666666,0.0,0.0,3.5833333333333335,1.6666666666666667,0.0,0.0,1778891400.0,0.0,ARC,2026-ev-11,14.875,0.1030534565706886,67.43333333333332,0.16666666666666666,0.0,0.0,0.0,1.0,1.0,1.0,1.0,0.7982450337624099,1.0,0.8877907566719828,6.81,6.81,0.0
Jake,Bernhardt,WHP,Defense,SSDM,000345,2,2026_game_11,4.923636363636364,1.7666666666666666,9.5,0.5818181818181818,0.3333333333333333,0.6363636363636364,0.6666666666666666,0.0,0.0,0.10909090909090909,0.3333333333333333,0.03636363636363636,0.0,0.3090909090909091,0.3333333333333333,0.09696969696969697,0.3333333333333333,5.632727272727272,4.666666666666667,0.11363636363636363,0.0,1778891400.0,-0.11363636363636363,ARC,2026-ev-11,14.875,0.1030534565706886,67.43333333333332,0.16666666666666666,0.0,0.0,0.0,1.0,1.0,1.0,1.0,1.0,0.8182384148982244,0.9044200800466934,5.94,5.94,0.0
Jake,Bernhardt,WHP,Defense,SSDM,000345,2,2026_game_9,4.923636363636364,1.7666666666666666,9.5,0.5818181818181818,0.3333333333333333,0.6363636363636364,0.6666666666666666,0.0,0.0,0.10909090909090909,0.3333333333333333,0.03636363636363636,0.0,0.3090909090909091,0.3333333333333333,0.09696969696969697,0.3333333333333333,5.632727272727272,4.666666666666667,0.11363636363636363,0.0,1778891400.0,-0.11363636363636363,ARC,2026-ev-11,14.875,0.1030534565706886,67.43333333333332,0.16666666666666666,0.0,0.0,0.0,1.0,1.0,1.0,1.0,1.0,0.8182384148982244,0.9044200800466934,5.94,5.94,0.0
James,Shipley,WHP,Defense,SSDM,003152,2,2026_game_11,0.0,0.0,0.0,0.0,0.0,0.0,0.0,0.0,0.0,0.0,0.0,0.0,0.0,0.0,0.0,0.0,0.0,0.0,0.0,0.0,0.0,0.0,0.0,ARC,2026-ev-11,7.0,0.1030534565706886,67.43333333333332,0.16666666666666666,0.0,0.0,0.0,1.0,1.0,1.0,1.0,1.0,1.0,0.9044200800466934,6.43,6.43,0.0
James,Shipley,WHP,Defense,SSDM,003152,2,2026_game_9,0.0,0.0,0.0,0.0,0.0,0.0,0.0,0.0,0.0,0.0,0.0,0.0,0.0,0.0,0.0,0.0,0.0,0.0,0.0,0.0,0.0,0.0,0.0,ARC,2026-ev-11,7.0,0.1030534565706886,67.43333333333332,0.16666666666666666,0.0,0.0,0.0,1.0,1.0,1.0,1.0,1.0,1.0,0.9044200800466934,6.43,6.43,0.0
Joe,Juengerkes,WHP,Defense,SSDM,003255,6,2026_game_11,10.25,10.25,10.0,0.0,0.0,0.5,0.5,0.0,0.0,0.0,0.0,1.0,1.0,0.0,0.0,0.0,0.0,6.0,6.0,0.0,0.0,1778891400.0,0.0,ARC,2026-ev-11,14.875,0.1030534565706886,67.43333333333332,0.16666666666666666,0.0,0.0,0.0,1.0,1.0,1.0,1.0,1.0,1.0,0.9044200800466934,6.76,6.76,0.0
Joe,Juengerkes,WHP,Defense,SSDM,003255,6,2026_game_9,10.25,10.25,10.0,0.0,0.0,0.5,0.5,0.0,0.0,0.0,0.0,1.0,1.0,0.0,0.0,0.0,0.0,6.0,6.0,0.0,0.0,1778891400.0,0.0,ARC,2026-ev-11,14.875,0.1030534565706886,67.43333333333332,0.16666666666666666,0.0,0.0,0.0,1.0,1.0,1.0,1.0,1.0,1.0,0.9044200800466934,6.76,6.76,0.0
Matthew,Dunn,WHP,Defense,Defensemen,000355,10,2026_game_11,8.773333333333333,9.333333333333334,21.0,0.25333333333333335,0.0,1.32,0.3333333333333333,0.0,0.0,0.0,0.0,0.06666666666666667,0.0,0.6933333333333334,1.0,0.0,0.0,6.746666666666667,8.666666666666666,0.02666666666666667,0.0,1778891400.0,-0.02666666666666667,ARC,2026-ev-11,14.875,0.1030534565706886,67.43333333333332,0.16666666666666666,0.0,0.0,0.0,1.0,1.0,1.0,1.0,1.2677428868811094,0.7684270516717325,0.8877907566719828,8.12,8.12,0.7
Matthew,Dunn,WHP,Defense,Defensemen,000355,9,2026_game_9,8.773333333333333,9.333333333333334,21.0,0.25333333333333335,0.0,1.32,0.3333333333333333,0.0,0.0,0.0,0.0,0.06666666666666667,0.0,0.6933333333333334,1.0,0.0,0.0,6.746666666666667,8.666666666666666,0.02666666666666667,0.0,1778891400.0,-0.02666666666666667,ARC,2026-ev-11,14.875,0.1030534565706886,67.43333333333332,0.16666666666666666,0.0,0.0,0.0,1.0,1.0,1.0,1.0,0.8205128205128206,0.7684270516717325,0.8877907566719828,8.12,8.12,0.7
Payton,Rezanka,WHP,Defense,SSDM,003011,4,2026_game_11,5.681818181818182,0.6666666666666666,1.0,0.45454545454545453,0.3333333333333333,0.5454545454545454,0.6666666666666666,0.0,0.0,0.0,0.0,0.0,0.0,0.36363636363636365,0.0,0.0,0.0,3.6363636363636362,4.0,0.09090909090909091,0.0,1725742800.0,-0.09090909090909091,ARC,2026-ev-11,630.0208333333334,0.1030534565706886,67.43333333333332,0.16666666666666666,0.0,0.0,0.0,1.0,1.0,1.0,1.0,1.0,0.8626666666666667,0.9044200800466934,8.33,8.33,1.9
Payton,Rezanka,WHP,Defense,SSDM,003011,4,2026_game_9,5.681818181818182,0.6666666666666666,1.0,0.45454545454545453,0.3333333333333333,0.5454545454545454,0.6666666666666666,0.0,0.0,0.0,0.0,0.0,0.0,0.36363636363636365,0.0,0.0,0.0,3.6363636363636362,4.0,0.09090909090909091,0.0,1725742800.0,-0.09090909090909091,ARC,2026-ev-11,630.0208333333334,0.1030534565706886,67.43333333333332,0.16666666666666666,0.0,0.0,0.0,1.0,1.0,1.0,1.0,1.0,0.8626666666666667,0.9044200800466934,8.33,8.33,1.9
Tim,Muller,WHP,Defense,Defensemen,000359,8,2026_game_11,9.64102564102564,13.666666666666666,1.0,0.07692307692307693,0.0,1.6794871794871795,1.3333333333333333,0.0,0.0,0.0,0.0,0.05128205128205128,0.0,0.7435897435897436,1.3333333333333333,0.0,0.0,6.584615384615385,7.666666666666667,0.02564102564102564,0.0,1778891400.0,-0.02564102564102564,ARC,2026-ev-11,14.875,0.1030534565706886,67.43333333333332,0.16666666666666666,0.0,0.0,0.0,1.0,1.0,1.0,1.0,1.0,0.7922207446808511,0.8877907566719828,8.94,8.94,5.5
Tim,Muller,WHP,Defense,Defensemen,000359,8,2026_game_9,9.64102564102564,13.666666666666666,1.0,0.07692307692307693,0.0,1.6794871794871795,1.3333333333333333,0.0,0.0,0.0,0.0,0.05128205128205128,0.0,0.7435897435897436,1.3333333333333333,0.0,0.0,6.584615384615385,7.666666666666667,0.02564102564102564,0.0,1778891400.0,-0.02564102564102564,ARC,2026-ev-11,14.875,0.1030534565706886,67.43333333333332,0.16666666666666666,0.0,0.0,0.0,1.0,1.0,1.0,1.0,1.0,0.7922207446808511,0.8877907566719828,8.94,8.94,5.5
Christian,Scarpello,CHA,Defense,SSDM,001795,6,2026_game_12,5.4868421052631575,8.666666666666666,8.0,0.3157894736842105,0.6666666666666666,1.2105263157894737,0.6666666666666666,0.0,0.0,0.0,0.0,0.07894736842105263,0.0,0.3157894736842105,1.0,0.0,0.0,6.605263157894737,6.666666666666667,0.10526315789473684,0.0,1778882400.0,-0.10526315789473684,WAT,2026-ev-12,15.083333333333334,0.0324785924851434,71.93333333333334,0.16666666666666666,0.2222222222222222,0.0,0.0,1.0,1.0,1.0,1.0,1.0,1.0,0.9169524258908119,6.99,6.99,0.0
Greg,Langermeier,CHA,Defense,SSDM,003206,3,2026_game_12,7.33,11.433333333333332,17.5,0.6,0.3333333333333333,0.9,0.3333333333333333,0.0,0.0,0.1,0.3333333333333333,0.2,0.0,0.6,1.3333333333333333,0.2222222222222222,0.2222222222222222,6.0,4.666666666666667,0.0,0.0,1755995400.0,0.0,WAT,2026-ev-12,279.9791666666667,0.0324785924851434,71.93333333333334,0.16666666666666666,0.2222222222222222,0.0,0.0,1.0,1.0,1.0,1.0,1.0,1.0834470213733516,0.9169524258908119,8.34,8.34,2.0
Jack,Rowlett,CHA,Defense,Defensemen,000365,6,2026_game_12,11.445454545454547,5.666666666666667,-3.0,0.22077922077922077,0.3333333333333333,1.3896103896103895,1.0,0.0,0.0,0.07792207792207792,0.0,0.05194805194805195,0.0,1.0,0.6666666666666666,0.025821596244131453,0.0,6.368831168831169,6.333333333333333,0.025974025974025976,0.0,1778882400.0,-0.025974025974025976,WAT,2026-ev-12,15.083333333333334,0.0324785924851434,71.93333333333334,0.16666666666666666,0.2222222222222222,0.0,0.0,1.0,1.0,1.0,0.9789515488482923,1.0836028652246241,1.1171870226675629,0.9265222087325565,9.66,9.66,9.8
Jarrod,Neumann,CHA,Defense,Defensemen,000269,4,2026_game_12,8.9875,1.3333333333333333,0.0,0.675,0.0,1.575,1.3333333333333333,0.0,0.0,0.0,0.0,0.0375,0.0,0.5875,0.0,0.0,0.0,6.06875,10.666666666666666,0.04895833333333333,0.0,1778882400.0,-0.04895833333333333,WAT,2026-ev-12,15.083333333333334,0.0324785924851434,71.93333333333334,0.16666666666666666,0.2222222222222222,0.0,0.0,1.0,1.0,1.0,0.8333333333333334,1.0132612658883784,0.9152669305659571,0.9265222087325565,8.24,8.24,1.4
Levi,Verch,CHA,Defense,SSDM,003171,4,2026_game_12,4.181818181818182,5.333333333333333,1.0,0.2727272727272727,0.3333333333333333,1.9090909090909092,2.0,0.0,0.0,0.0,0.0,0.0,0.0,0.36363636363636365,0.3333333333333333,0.0,0.0,4.7272727272727275,2.6666666666666665,0.0,0.0,1755995400.0,0.0,WAT,2026-ev-12,279.9791666666667,0.0324785924851434,71.93333333333334,0.16666666666666666,0.2222222222222222,0.0,0.0,1.0,1.0,1.0,1.0,1.0,1.0,0.9169524258908119,8.37,8.37,2.2
Liam,Byrnes,CHA,Defense,Defensemen,000925,5,2026_game_12,15.30232558139535,5.333333333333333,19.0,0.32558139534883723,0.0,2.627906976744186,1.6666666666666667,0.0,0.0,0.0,0.0,0.046511627906976744,0.0,1.3255813953488371,0.6666666666666666,0.0,0.0,8.390697674418606,7.333333333333333,0.0,0.0,1778882400.0,0.0,WAT,2026-ev-12,15.083333333333334,0.0324785924851434,71.93333333333334,0.16666666666666666,0.2222222222222222,0.0,0.0,1.0,1.0,1.0,1.0,1.0,1.0,0.9265222087325565,13.51,13.51,32.4
Mark,Glicini,CHA,Defense,SSDM,000275,6,2026_game_12,4.736170212765958,-1.0666666666666667,0.8,0.2765957446808511,0.0,1.1702127659574468,1.3333333333333333,0.0,0.0,0.0425531914893617,0.3333333333333333,0.02127659574468085,0.0,0.3404255319148936,0.0,0.1111111111111111,0.1111111111111111,5.51063829787234,6.666666666666667,0.06382978723404255,0.0,1778293800.0,-0.06382978723404255,WAT,2026-ev-12,21.895833333333332,0.0324785924851434,71.93333333333334,0.16666666666666666,0.2222222222222222,0.0,0.0,1.0,1.0,1.0,1.0,1.0,1.3844716718804309,0.9169524258908119,6.65,6.65,0.0
Peter,Detwiler,CHA,Defense,SSDM,003254,3,2026_game_12,4.5,4.5,0.0,1.0,1.0,2.5,2.5,0.0,0.0,0.0,0.0,0.0,0.0,0.0,0.0,0.0,0.0,8.5,8.5,0.5,0.5,1778882400.0,0.0,WAT,2026-ev-12,15.083333333333334,0.0324785924851434,71.93333333333334,0.16666666666666666,0.2222222222222222,0.0,0.0,1.0,1.0,1.0,1.0,1.0,1.0,0.9169524258908119,11.21,11.21,18.9
Ray,Dearth,CHA,Defense,SSDM,003212,10,2026_game_12,9.636363636363637,13.666666666666666,19.0,0.5454545454545454,1.3333333333333333,1.1818181818181819,1.0,0.0,0.0,0.0,0.0,0.18181818181818182,0.0,0.36363636363636365,0.6666666666666666,0.0,0.0,5.909090909090909,7.333333333333333,0.18181818181818182,0.3333333333333333,1778882400.0,0.1515151515151515,WAT,2026-ev-12,15.083333333333334,0.0324785924851434,71.93333333333334,0.16666666666666666,0.2222222222222222,0.0,0.0,1.0,1.0,1.0,1.0,1.0,0.8333333333333334,0.9169524258908119,8.72,8.72,4.2
Richard,Checo,CHA,Defense,SSDM,003276,5,2026_game_12,0.0,0.0,0.0,0.0,0.0,0.0,0.0,0.0,0.0,0.0,0.0,0.0,0.0,0.0,0.0,0.0,0.0,0.0,0.0,0.0,0.0,1778882400.0,0.0,WAT,2026-ev-12,15.083333333333334,0.0324785924851434,71.93333333333334,0.16666666666666666,0.2222222222222222,0.0,0.0,1.0,1.0,1.0,1.0,1.0,1.0,0.9169524258908119,6.63,6.63,0.0
Scott,Smith,CHA,Defense,Defensemen,003103,11,2026_game_12,13.8,9.333333333333334,-2.0,1.3,0.6666666666666666,1.4,1.3333333333333333,0.0,0.0,0.0,0.0,0.0,0.0,1.0,1.0,0.0,0.0,4.4,2.6666666666666665,0.15,0.0,1778882400.0,-0.15,WAT,2026-ev-12,15.083333333333334,0.0324785924851434,71.93333333333334,0.16666666666666666,0.2222222222222222,0.0,0.0,1.0,1.0,1.0,1.0,1.0,1.2629399585921326,0.9265222087325565,9.89,9.89,11.1
Troy,Reh,CHA,Defense,SSDM,000281,14,2026_game_12,11.924050632911392,6.666666666666667,4.0,0.6075949367088608,0.0,2.5822784810126582,4.333333333333333,0.0,0.0,0.0,0.0,0.0379746835443038,0.0,0.810126582278481,0.3333333333333333,0.0,0.0,7.9113924050632916,11.666666666666666,0.10759493670886076,0.0,1778882400.0,-0.10759493670886076,WAT,2026-ev-12,15.083333333333334,0.0324785924851434,71.93333333333334,0.16666666666666666,0.2222222222222222,0.0,0.0,1.0,1.0,1.0,1.0,1.0,0.7297484893026295,0.9169524258908119,13.27,13.27,31.0
Ben,Wayer,WAT,Defense,SSDM,003179,17,2026_game_12,15.214285714285714,20.333333333333332,12.0,1.4285714285714286,2.0,2.4285714285714284,1.3333333333333333,0.0,0.0,0.0,0.0,0.21428571428571427,0.0,0.6428571428571429,0.6666666666666666,0.0,0.0,7.428571428571429,7.333333333333333,0.19642857142857142,0.3333333333333333,1778976000.0,0.1369047619047619,CHA,2026-ev-12,14.0,-0.0324785924851434,72.89999999999999,0.2222222222222222,0.2222222222222222,0.0,0.0,1.0,1.0,1.0,1.0,1.0,1.096244131455399,1.0397977009484396,12.05,12.05,23.8
Brendan,Staub,WAT,Defense,SSDM,003269,5,2026_game_12,0.0,0.0,0.0,0.0,0.0,0.0,0.0,0.0,0.0,0.0,0.0,0.0,0.0,0.0,0.0,0.0,0.0,0.0,0.0,0.0,0.0,1778976000.0,0.0,CHA,2026-ev-12,14.0,-0.0324785924851434,72.89999999999999,0.2222222222222222,0.2222222222222222,0.0,0.0,1.0,1.0,1.0,1.0,1.0,1.0,1.0397977009484396,6.83,6.83,0.0
Charlie,Hayes,WAT,Defense,SSDM,001733,5,2026_game_12,6.907407407407407,7.333333333333333,0.0,0.4444444444444444,0.3333333333333333,1.5925925925925926,1.6666666666666667,0.0,0.0,0.0,0.0,0.07407407407407407,0.0,0.4074074074074074,0.6666666666666666,0.0,0.0,5.533333333333332,5.333333333333333,0.1111111111111111,0.0,1778976000.0,-0.1111111111111111,CHA,2026-ev-12,14.0,-0.0324785924851434,72.89999999999999,0.2222222222222222,0.2222222222222222,0.0,0.0,1.0,1.0,1.0,1.0,1.0,1.0502680965147453,1.0397977009484396,7.3,7.3,0.0
Dylan,Hess,WAT,Defense,SSDM,003101,9,2026_game_12,8.23076923076923,11.333333333333334,13.0,0.6153846153846154,0.6666666666666666,1.3846153846153846,2.3333333333333335,0.0,0.0,0.0,0.0,0.15384615384615385,0.3333333333333333,0.38461538461538464,0.3333333333333333,0.0,0.0,7.615384615384615,8.666666666666666,0.15384615384615385,0.3333333333333333,1778358600.0,0.17948717948717946,CHA,2026-ev-12,21.145833333333332,-0.0324785924851434,72.89999999999999,0.2222222222222222,0.2222222222222222,0.0,0.0,1.0,1.0,1.0,1.0,1.0,1.0965732087227416,1.0397977009484396,8.3,8.3,1.8
Gavin,Adler,WAT,Defense,Defensemen,003008,12,2026_game_12,16.0,1.0,2.0,0.030303030303030304,0.0,1.3333333333333333,1.0,0.0,0.0,0.0,0.0,0.030303030303030304,0.0,1.3636363636363635,0.0,0.0,0.0,6.2727272727272725,6.0,0.030303030303030304,0.0,1778976000.0,-0.030303030303030304,CHA,2026-ev-12,14.0,-0.0324785924851434,72.89999999999999,0.2222222222222222,0.2222222222222222,0.0,0.0,1.0,1.0,1.0,1.0,1.0772657450076806,1.0078125,1.0559380221175416,9.53,9.53,9.0
Jimmy,Freehill,WAT,Defense,Defensemen,003181,12,2026_game_12,13.0,9.666666666666666,-1.0,0.6923076923076923,0.3333333333333333,1.3846153846153846,0.6666666666666666,0.0,0.0,0.0,0.0,0.0,0.0,0.7692307692307693,0.3333333333333333,0.0,0.0,6.6923076923076925,3.0,0.19230769230769232,0.3333333333333333,1778976000.0,0.141025641025641,CHA,2026-ev-12,14.0,-0.0324785924851434,72.89999999999999,0.2222222222222222,0.2222222222222222,0.0,0.0,1.0,1.0,1.0,1.0,0.8809523809523809,1.2435897435897436,1.0559380221175416,8.96,8.96,5.6
Kenny,Brower,WAT,Defense,Defensemen,003089,14,2026_game_12,14.583333333333334,11.333333333333334,1.0,0.08333333333333333,0.0,1.6666666666666667,1.3333333333333333,0.0,0.0,0.0,0.0,0.08333333333333333,0.0,1.1666666666666667,1.0,0.0,0.0,5.25,3.0,0.0,0.0,1778976000.0,0.0,CHA,2026-ev-12,14.0,-0.0324785924851434,72.89999999999999,0.2222222222222222,0.2222222222222222,0.0,0.0,1.0,1.0,1.0,1.0,0.9793858367861729,0.0,1.0559380221175416,11.05,11.05,17.9
Malik,Sparrow,WAT,Defense,SSDM,003074,4,2026_game_12,0.0,0.0,0.0,0.0,0.0,0.0,0.0,0.0,0.0,0.0,0.0,0.0,0.0,0.0,0.0,0.0,0.0,0.0,0.0,0.0,0.0,1778976000.0,0.0,CHA,2026-ev-12,14.0,-0.0324785924851434,72.89999999999999,0.2222222222222222,0.2222222222222222,0.0,0.0,1.0,1.0,1.0,1.0,1.0,1.0,1.0397977009484396,6.83,6.83,0.0
Marcus,Hudgins,WAT,Defense,SSDM,003096,20,2026_game_12,14.666666666666666,15.333333333333334,35.0,0.1111111111111111,0.3333333333333333,2.2222222222222223,2.3333333333333335,0.0,0.0,0.0,0.0,0.05555555555555555,0.0,1.2222222222222223,1.3333333333333333,0.0,0.0,5.444444444444445,4.0,0.0,0.0,1778976000.0,0.0,CHA,2026-ev-12,14.0,-0.0324785924851434,72.89999999999999,0.2222222222222222,0.2222222222222222,0.0,0.0,1.0,1.0,1.0,1.0,1.0,0.801948051948052,1.0397977009484396,11.42,11.42,20.1
Matt,Whitcher,WAT,Defense,SSDM,001707,8,2026_game_12,8.278846153846153,7.0,11.0,0.7884615384615384,0.6666666666666666,1.3846153846153846,1.6666666666666667,0.0,0.0,0.0,0.0,0.019230769230769232,0.3333333333333333,0.5192307692307693,0.0,0.0,0.0,6.498076923076923,5.333333333333333,0.1762820512820513,0.16666666666666666,1778358600.0,-0.009615384615384637,CHA,2026-ev-12,21.145833333333332,-0.0324785924851434,72.89999999999999,0.2222222222222222,0.2222222222222222,0.0,0.0,1.0,1.0,1.0,1.0,1.0,1.0193960511033682,1.0397977009484396,8.35,8.35,2.1
Nakeie,Montgomery,WAT,Defense,SSDM,002033,2,2026_game_12,0.0,0.0,0.0,0.0,0.0,0.0,0.0,0.0,0.0,0.0,0.0,0.0,0.0,0.0,0.0,0.0,0.0,0.0,0.0,0.0,0.0,1722202200.0,0.0,CHA,2026-ev-12,671.1041666666666,-0.0324785924851434,72.89999999999999,0.2222222222222222,0.2222222222222222,0.0,0.0,1.0,1.0,1.0,1.0,1.0,0.7035928143712574,1.0397977009484396,9.62,9.62,9.5
Patty,Eldredge,WAT,Defense,SSDM,003274,2,2026_game_12,0.0,0.0,0.0,0.0,0.0,0.0,0.0,0.0,0.0,0.0,0.0,0.0,0.0,0.0,0.0,0.0,0.0,0.0,0.0,0.0,0.0,1778976000.0,0.0,CHA,2026-ev-12,14.0,-0.0324785924851434,72.89999999999999,0.2222222222222222,0.2222222222222222,0.0,0.0,1.0,1.0,1.0,1.0,1.0,1.0,1.0397977009484396,6.83,6.83,0.0
Zac,Tucci,CAN,Faceoff,Faceoff,002067,13,2026_game_9,12.048148148148146,15.566666666666665,21.4,1.6666666666666667,1.0,5.444444444444445,5.0,0.0,0.0,10.962962962962964,11.333333333333334,0.037037037037037035,0.0,0.14814814814814814,0.0,0.4564099534176383,0.49001443001443,5.185185185185185,4.666666666666667,0.1574074074074074,0.6666666666666666,1778976000.0,0.5092592592592592,WHP,2026-ev-9,12.916666666666666,-0.2148559742030428,12.633333333333331,0.1111111111111111,0.25,0.0,0.0,1.0,1.0,1.0,1.0,1.1813437230379862,0.714970796188134,0.7459469289790686,11.32,11.32,19.5
Matthew,Paolatto,WHP,Faceoff,Faceoff,003202,4,2026_game_11,0.0,0.0,0.0,0.0,0.0,0.0,0.0,0.0,0.0,0.0,0.0,0.0,0.0,0.0,0.0,0.0,0.0,0.0,0.0,0.0,0.0,1778891400.0,0.0,CAN,2026-ev-9,13.895833333333334,0.2148559742030428,24.499999999999996,0.16666666666666666,0.0,0.0,0.0,1.0,1.0,1.0,1.0,1.0,1.0,1.388586775522877,11.87,11.87,22.8
Matthew,Paolatto,WHP,Faceoff,Faceoff,003202,6,2026_game_9,0.0,0.0,0.0,0.0,0.0,0.0,0.0,0.0,0.0,0.0,0.0,0.0,0.0,0.0,0.0,0.0,0.0,0.0,0.0,0.0,0.0,1778891400.0,0.0,CAN,2026-ev-9,13.895833333333334,0.2148559742030428,24.499999999999996,0.16666666666666666,0.0,0.0,0.0,1.0,1.0,1.0,1.0,1.0,1.0,1.388586775522877,11.87,11.87,22.8
Petey,LaSalla,WHP,Faceoff,Faceoff,003032,16,2026_game_11,16.35,14.133333333333333,35.9,0.7857142857142857,1.0,9.785714285714286,4.333333333333333,0.0,0.0,13.785714285714286,9.333333333333334,0.0,0.0,0.0,0.0,0.5409575450220508,0.3909592822636301,9.785714285714286,4.333333333333333,0.11904761904761904,0.3333333333333333,1778891400.0,0.21428571428571427,CAN,2026-ev-9,13.895833333333334,0.2148559742030428,24.499999999999996,0.16666666666666666,0.0,0.0,0.0,1.0,1.0,1.0,1.0,1.1856871506128965,1.2696228338430173,1.388586775522877,19.71,19.71,68.9
Petey,LaSalla,WHP,Faceoff,Faceoff,003032,14,2026_game_9,16.35,14.133333333333333,35.9,0.7857142857142857,1.0,9.785714285714286,4.333333333333333,0.0,0.0,13.785714285714286,9.333333333333334,0.0,0.0,0.0,0.0,0.5409575450220508,0.3909592822636301,9.785714285714286,4.333333333333333,0.11904761904761904,0.3333333333333333,1778891400.0,0.21428571428571427,CAN,2026-ev-9,13.895833333333334,0.2148559742030428,24.499999999999996,0.16666666666666666,0.0,0.0,0.0,1.0,1.0,1.0,1.0,1.0245761856731317,1.2696228338430173,1.388586775522877,20.0,20.0,70.6
Nathan,Laliberte,ATL,Faceoff,Faceoff,003151,5,2026_game_10,11.4,11.4,21.2,1.0,1.0,3.5,3.5,0.0,0.0,13.0,13.0,0.0,0.0,0.5,0.5,0.5324675324675324,0.5324675324675324,3.5,3.5,0.0,0.0,1778891400.0,0.0,OUT,2026-ev-10,14.6875,0.12490860409756122,12.1,0.1111111111111111,0.1111111111111111,0.0,0.0,1.0,1.0,1.0,1.0,0.7224226388756843,1.0,0.8698527092353328,13.76,13.76,33.9
Trevor,Baptiste,ATL,Faceoff,Faceoff,000254,26,2026_game_10,25.518309859154925,31.8,23.6,1.5492957746478873,1.0,10.084507042253522,10.666666666666666,0.0,0.0,16.985915492957748,21.0,0.19718309859154928,0.3333333333333333,0.22535211267605634,0.0,0.6536699542321408,0.6851851851851851,11.658000000000001,14.333333333333334,0.19647887323943664,0.3333333333333333,1757867400.0,0.13685446009389668,OUT,2026-ev-10,258.0208333333333,0.12490860409756122,12.1,0.1111111111111111,0.1111111111111111,0.0,0.0,1.0,1.0,1.0,1.0,1.0,0.8953940832321449,0.8698527092353328,24.76,24.76,98.6
Luke,Wierman,OUT,Faceoff,Faceoff,003098,17,2026_game_10,16.468000000000004,9.299999999999999,14.5,1.68,1.0,6.52,4.0,0.0,0.0,12.16,9.333333333333334,0.12,0.3333333333333333,0.36,0.0,0.4937817982297751,0.4253968253968254,7.64,6.0,0.19999999999999996,0.1111111111111111,1778950800.0,-0.08888888888888885,ATL,2026-ev-10,14.0,-0.12490860409756122,4.0,0.1111111111111111,0.1111111111111111,0.0,0.0,1.0,1.0,1.0,1.0,1.2124422644287822,1.0037648773378673,0.6074516293576606,9.89,9.89,11.1
Mike,Sisselberger,ARC,Faceoff,Faceoff,003004,9,2026_game_11,13.09032258064516,2.5,9.0,0.9354838709677419,0.6666666666666666,8.548387096774194,4.0,0.0,0.0,13.419354838709678,6.666666666666667,0.06451612903225806,0.0,0.0967741935483871,0.0,0.5514932301543986,0.3786375661375661,7.709677419354839,3.0,0.11559139784946236,0.0,1778367600.0,-0.11559139784946236,WHP,2026-ev-11,20.9375,-0.1030534565706886,12.633333333333331,0.05555555555555555,0.25,0.0,0.0,1.0,1.0,1.0,1.0,1.1813437230379862,0.9400197141448989,0.7459469289790686,13.23,13.23,30.8
Matthew,Paolatto,WHP,Faceoff,Faceoff,003202,4,2026_game_11,0.0,0.0,0.0,0.0,0.0,0.0,0.0,0.0,0.0,0.0,0.0,0.0,0.0,0.0,0.0,0.0,0.0,0.0,0.0,0.0,0.0,1778891400.0,0.0,ARC,2026-ev-11,14.875,0.1030534565706886,22.800000000000008,0.16666666666666666,0.0,0.0,0.0,1.0,1.0,1.0,1.0,1.0,1.0,1.035575272975163,7.87,7.87,0.0
Matthew,Paolatto,WHP,Faceoff,Faceoff,003202,6,2026_game_9,0.0,0.0,0.0,0.0,0.0,0.0,0.0,0.0,0.0,0.0,0.0,0.0,0.0,0.0,0.0,0.0,0.0,0.0,0.0,0.0,0.0,1778891400.0,0.0,ARC,2026-ev-11,14.875,0.1030534565706886,22.800000000000008,0.16666666666666666,0.0,0.0,0.0,1.0,1.0,1.0,1.0,1.0,1.0,1.035575272975163,7.87,7.87,0.0
Petey,LaSalla,WHP,Faceoff,Faceoff,003032,16,2026_game_11,16.35,14.133333333333333,35.9,0.7857142857142857,1.0,9.785714285714286,4.333333333333333,0.0,0.0,13.785714285714286,9.333333333333334,0.0,0.0,0.0,0.0,0.5409575450220508,0.3909592822636301,9.785714285714286,4.333333333333333,0.11904761904761904,0.3333333333333333,1778891400.0,0.21428571428571427,ARC,2026-ev-11,14.875,0.1030534565706886,22.800000000000008,0.16666666666666666,0.0,0.0,0.0,1.0,1.0,1.0,1.0,1.1856871506128965,0.780690257754478,1.035575272975163,19.8,19.8,69.4
Petey,LaSalla,WHP,Faceoff,Faceoff,003032,14,2026_game_9,16.35,14.133333333333333,35.9,0.7857142857142857,1.0,9.785714285714286,4.333333333333333,0.0,0.0,13.785714285714286,9.333333333333334,0.0,0.0,0.0,0.0,0.5409575450220508,0.3909592822636301,9.785714285714286,4.333333333333333,0.11904761904761904,0.3333333333333333,1778891400.0,0.21428571428571427,ARC,2026-ev-11,14.875,0.1030534565706886,22.800000000000008,0.16666666666666666,0.0,0.0,0.0,1.0,1.0,1.0,1.0,1.0245761856731317,0.780690257754478,1.035575272975163,20.09,20.09,71.1
Justin,Inacio,CHA,Faceoff,Faceoff,002032,18,2026_game_12,12.235000000000001,16.4,13.9,1.05,1.0,7.2,9.333333333333334,0.0,0.0,11.7,13.0,0.05,0.0,0.05,0.3333333333333333,0.4916136169110998,0.5244200244200244,6.35,7.666666666666667,0.125,0.0,1778882400.0,-0.125,WAT,2026-ev-12,15.083333333333334,0.0324785924851434,10.83333333333333,0.16666666666666666,0.2222222222222222,0.0,0.0,1.0,1.0,1.0,1.0,1.007347990905864,1.2221962753225526,1.2827224020648926,14.28,14.28,36.9
Alec,Stathakis,WAT,Faceoff,Faceoff,003119,12,2026_game_12,8.526315789473685,1.4333333333333333,0.5,0.9473684210526315,0.6666666666666666,4.684210526315789,2.6666666666666665,0.0,0.0,11.842105263157896,10.333333333333334,0.0,0.0,0.15789473684210525,0.3333333333333333,0.48989912419519716,0.37876922105396105,5.684210526315789,4.0,0.043859649122807015,0.0,1756742400.0,-0.043859649122807015,CHA,2026-ev-12,271.3333333333333,-0.0324785924851434,19.933333333333326,0.2222222222222222,0.2222222222222222,0.0,0.0,1.0,1.0,1.0,1.0,1.0,1.0728395061728395,1.0141421988118937,13.68,13.68,33.4
Connor,Farrell,WAT,Faceoff,Faceoff,000366,12,2026_game_12,12.342553191489362,9.966666666666667,11.6,0.5319148936170213,0.0,7.8936170212765955,9.0,0.0,0.0,12.48936170212766,12.666666666666666,0.0425531914893617,0.0,0.14893617021276595,0.0,0.5543136104118034,0.5317460317460317,7.463404255319149,7.0,0.10638297872340426,0.0,1778976000.0,-0.10638297872340426,CHA,2026-ev-12,14.0,-0.0324785924851434,19.933333333333326,0.2222222222222222,0.2222222222222222,0.0,0.0,1.0,1.0,1.0,1.0,1.150438650301391,0.9973828963658302,1.0141421988118937,12.41,12.41,25.9
Colin,Kirst,CAN,Goalie,Goalie,002038,34,2026_game_9,29.085714285714285,21.333333333333332,39.0,0.05714285714285714,0.0,2.1142857142857143,1.6666666666666667,12.714285714285714,11.333333333333334,0.0,0.0,0.02857142857142857,0.0,0.14285714285714285,0.0,0.0,0.0,16.8,16.0,0.0,0.0,1778976000.0,0.0,WHP,2026-ev-9,12.916666666666666,-0.2148559742030428,22.0,0.1111111111111111,0.25,0.0,0.0,1.0,1.0,1.0,1.0,1.0,1.0107161993213074,1.0573139332769959,31.25,31.25,100.0
JC,Higginbotham,CAN,Goalie,Goalie,003145,3,2026_game_9,0.0,0.0,0.0,0.0,0.0,0.0,0.0,0.0,0.0,0.0,0.0,0.0,0.0,0.0,0.0,0.0,0.0,0.0,0.0,0.0,0.0,1778976000.0,0.0,WHP,2026-ev-9,12.916666666666666,-0.2148559742030428,22.0,0.1111111111111111,0.25,0.0,0.0,1.0,1.0,1.0,1.0,1.0,1.0,1.0573139332769959,10.87,10.87,16.9
Brian,Phipps,WHP,Goalie,Goalie,000614,3,2026_game_11,18.666666666666668,12.0,12.0,0.16666666666666666,0.3333333333333333,1.3333333333333333,1.0,7.5,7.666666666666667,0.0,0.0,0.0,0.0,0.5,0.0,0.0,0.0,12.529666666666666,10.382666666666667,0.0,0.0,1693851600.0,0.0,CAN,2026-ev-9,998.1527777777778,0.2148559742030428,21.666666666666668,0.16666666666666666,0.0,0.0,0.0,1.0,1.0,1.0,1.0,1.0,0.0,0.8933947950696993,22.95,22.95,87.9
Brian,Phipps,WHP,Goalie,Goalie,000614,2,2026_game_9,18.666666666666668,12.0,12.0,0.16666666666666666,0.3333333333333333,1.3333333333333333,1.0,7.5,7.666666666666667,0.0,0.0,0.0,0.0,0.5,0.0,0.0,0.0,12.529666666666666,10.382666666666667,0.0,0.0,1693851600.0,0.0,CAN,2026-ev-9,998.1527777777778,0.2148559742030428,21.666666666666668,0.16666666666666666,0.0,0.0,0.0,1.0,1.0,1.0,1.0,1.0,0.0,0.8933947950696993,22.95,22.95,87.9
Emmet,Carroll,WHP,Goalie,Goalie,003176,40,2026_game_11,35.2,31.0,55.0,0.3,0.0,1.9,1.3333333333333333,13.7,14.0,0.0,0.0,0.0,0.0,0.2,0.0,0.0,0.0,17.9,17.666666666666668,0.0,0.0,1778891400.0,0.0,CAN,2026-ev-9,13.895833333333334,0.2148559742030428,21.666666666666668,0.16666666666666666,0.0,0.0,0.0,1.0,1.0,1.0,1.0,1.0,0.9659090909090909,0.8933947950696993,33.3,33.3,100.0
Emmet,Carroll,WHP,Goalie,Goalie,003176,39,2026_game_9,35.2,31.0,55.0,0.3,0.0,1.9,1.3333333333333333,13.7,14.0,0.0,0.0,0.0,0.0,0.2,0.0,0.0,0.0,17.9,17.666666666666668,0.0,0.0,1778891400.0,0.0,CAN,2026-ev-9,13.895833333333334,0.2148559742030428,21.666666666666668,0.16666666666666666,0.0,0.0,0.0,1.0,1.0,1.0,1.0,1.0,0.9659090909090909,0.8933947950696993,33.3,33.3,100.0
Shun,Ito,WHP,Goalie,Goalie,003241,3,2026_game_11,0.0,0.0,0.0,0.0,0.0,0.0,0.0,0.0,0.0,0.0,0.0,0.0,0.0,0.0,0.0,0.0,0.0,0.0,0.0,0.0,0.0,1778891400.0,0.0,CAN,2026-ev-9,13.895833333333334,0.2148559742030428,21.666666666666668,0.16666666666666666,0.0,0.0,0.0,1.0,1.0,1.0,1.0,1.0,1.0,0.8933947950696993,7.57,7.57,0.0
Shun,Ito,WHP,Goalie,Goalie,003241,2,2026_game_9,0.0,0.0,0.0,0.0,0.0,0.0,0.0,0.0,0.0,0.0,0.0,0.0,0.0,0.0,0.0,0.0,0.0,0.0,0.0,0.0,0.0,1778891400.0,0.0,CAN,2026-ev-9,13.895833333333334,0.2148559742030428,21.666666666666668,0.16666666666666666,0.0,0.0,0.0,1.0,1.0,1.0,1.0,1.0,1.0,0.8933947950696993,7.57,7.57,0.0
Liam,Entenmann,ATL,Goalie,Goalie,003079,50,2026_game_10,36.857142857142854,41.333333333333336,38.0,0.23809523809523808,0.3333333333333333,2.4285714285714284,1.6666666666666667,14.19047619047619,16.0,0.0,0.0,0.047619047619047616,0.0,0.19047619047619047,0.0,0.0,0.0,18.0,19.666666666666668,0.0,0.0,1778891400.0,0.0,OUT,2026-ev-10,14.6875,0.12490860409756122,39.666666666666664,0.1111111111111111,0.1111111111111111,0.0,0.0,1.0,1.0,1.0,1.0,1.0,1.0896317829457365,1.0889959354157752,35.23,35.23,100.0
Will,Mark,ATL,Goalie,Goalie,003108,3,2026_game_10,1.0,1.0,1.0,0.0,0.0,1.0,1.0,0.0,0.0,0.0,0.0,0.0,0.0,0.0,0.0,0.0,0.0,0.0,0.0,0.0,0.0,1753497000.0,0.0,OUT,2026-ev-10,308.6041666666667,0.12490860409756122,39.666666666666664,0.1111111111111111,0.1111111111111111,0.0,0.0,1.0,1.0,1.0,1.0,1.0,1.0,1.0889959354157752,17.85,17.85,57.9
Logan,McNaney,OUT,Goalie,Goalie,003169,40,2026_game_10,34.416666666666664,32.0,51.0,0.25,0.3333333333333333,2.1666666666666665,3.0,13.0,12.0,0.0,0.0,0.0,0.0,0.4166666666666667,0.3333333333333333,0.0,0.0,19.666666666666668,19.666666666666668,0.0,0.0,1778950800.0,0.0,ATL,2026-ev-10,14.0,-0.12490860409756122,22.666666666666668,0.1111111111111111,0.1111111111111111,0.0,0.0,1.0,1.0,1.0,1.0,1.0,0.9799377378069872,1.1097755763333508,29.86,29.86,100.0
Owen,McElroy,OUT,Goalie,Goalie,002039,6,2026_game_10,24.285714285714285,24.333333333333332,10.0,0.07142857142857142,0.0,2.5,2.6666666666666665,10.714285714285714,11.0,0.0,0.0,0.0,0.0,0.07142857142857142,0.0,0.0,0.0,12.857142857142858,11.666666666666666,0.0,0.0,1749247200.0,0.0,ATL,2026-ev-10,357.7916666666667,-0.12490860409756122,22.666666666666668,0.1111111111111111,0.1111111111111111,0.0,0.0,1.0,1.0,1.0,1.0,1.0,0.7949579831932774,1.1097755763333508,31.35,31.35,100.0
Brett,Dobson,ARC,Goalie,Goalie,002026,45,2026_game_11,38.77142857142857,42.333333333333336,39.0,0.08571428571428572,0.3333333333333333,2.2857142857142856,2.3333333333333335,14.4,15.333333333333334,0.0,0.0,0.02857142857142857,0.0,0.2857142857142857,0.6666666666666666,0.0,0.0,15.228571428571428,18.333333333333332,0.0,0.0,1754701200.0,0.0,WHP,2026-ev-11,294.8541666666667,-0.1030534565706886,22.0,0.05555555555555555,0.25,0.0,0.0,1.0,1.0,1.0,1.0,1.0,1.0336973269913579,1.0573139332769959,41.3,41.3,100.0
Nick,Washuta,ARC,Goalie,Goalie,001773,9,2026_game_11,17.0,34.333333333333336,36.0,0.0,0.0,0.8333333333333334,1.3333333333333333,6.5,12.333333333333334,0.0,0.0,0.0,0.0,0.3333333333333333,0.6666666666666666,0.0,0.0,7.666666666666667,14.0,0.0,0.0,1778367600.0,0.0,WHP,2026-ev-11,20.9375,-0.1030534565706886,22.0,0.05555555555555555,0.25,0.0,0.0,1.0,1.0,1.0,1.0,1.0,0.8104575163398693,1.0573139332769959,33.22,33.22,100.0
Brian,Phipps,WHP,Goalie,Goalie,000614,3,2026_game_11,18.666666666666668,12.0,12.0,0.16666666666666666,0.3333333333333333,1.3333333333333333,1.0,7.5,7.666666666666667,0.0,0.0,0.0,0.0,0.5,0.0,0.0,0.0,12.529666666666666,10.382666666666667,0.0,0.0,1693851600.0,0.0,ARC,2026-ev-11,999.1319444444445,0.1030534565706886,26.0,0.16666666666666666,0.0,0.0,0.0,1.0,1.0,1.0,1.0,1.0,0.7142857142857143,0.8263872749140081,23.2,23.2,89.4
Brian,Phipps,WHP,Goalie,Goalie,000614,2,2026_game_9,18.666666666666668,12.0,12.0,0.16666666666666666,0.3333333333333333,1.3333333333333333,1.0,7.5,7.666666666666667,0.0,0.0,0.0,0.0,0.5,0.0,0.0,0.0,12.529666666666666,10.382666666666667,0.0,0.0,1693851600.0,0.0,ARC,2026-ev-11,999.1319444444445,0.1030534565706886,26.0,0.16666666666666666,0.0,0.0,0.0,1.0,1.0,1.0,1.0,1.0,0.7142857142857143,0.8263872749140081,23.2,23.2,89.4
Emmet,Carroll,WHP,Goalie,Goalie,003176,40,2026_game_11,35.2,31.0,55.0,0.3,0.0,1.9,1.3333333333333333,13.7,14.0,0.0,0.0,0.0,0.0,0.2,0.0,0.0,0.0,17.9,17.666666666666668,0.0,0.0,1778891400.0,0.0,ARC,2026-ev-11,14.875,0.1030534565706886,26.0,0.16666666666666666,0.0,0.0,0.0,1.0,1.0,1.0,1.0,1.0,0.0,0.8263872749140081,28.73,28.73,100.0
Emmet,Carroll,WHP,Goalie,Goalie,003176,39,2026_game_9,35.2,31.0,55.0,0.3,0.0,1.9,1.3333333333333333,13.7,14.0,0.0,0.0,0.0,0.0,0.2,0.0,0.0,0.0,17.9,17.666666666666668,0.0,0.0,1778891400.0,0.0,ARC,2026-ev-11,14.875,0.1030534565706886,26.0,0.16666666666666666,0.0,0.0,0.0,1.0,1.0,1.0,1.0,1.0,0.0,0.8263872749140081,28.73,28.73,100.0
Shun,Ito,WHP,Goalie,Goalie,003241,3,2026_game_11,0.0,0.0,0.0,0.0,0.0,0.0,0.0,0.0,0.0,0.0,0.0,0.0,0.0,0.0,0.0,0.0,0.0,0.0,0.0,0.0,0.0,1778891400.0,0.0,ARC,2026-ev-11,14.875,0.1030534565706886,26.0,0.16666666666666666,0.0,0.0,0.0,1.0,1.0,1.0,1.0,1.0,1.0,0.8263872749140081,8.72,8.72,4.2
Shun,Ito,WHP,Goalie,Goalie,003241,2,2026_game_9,0.0,0.0,0.0,0.0,0.0,0.0,0.0,0.0,0.0,0.0,0.0,0.0,0.0,0.0,0.0,0.0,0.0,0.0,0.0,0.0,0.0,1778891400.0,0.0,ARC,2026-ev-11,14.875,0.1030534565706886,26.0,0.16666666666666666,0.0,0.0,0.0,1.0,1.0,1.0,1.0,1.0,1.0,0.8263872749140081,8.72,8.72,4.2
Austin,Kaut,CHA,Goalie,Goalie,000815,9,2026_game_12,17.545454545454547,13.333333333333334,10.0,0.09090909090909091,0.3333333333333333,1.0,0.3333333333333333,8.0,7.333333333333333,0.0,0.0,0.0,0.0,0.09090909090909091,0.0,0.0,0.0,9.944545454545455,9.666666666666666,0.0,0.0,1778882400.0,0.0,WAT,2026-ev-12,15.083333333333334,0.0324785924851434,31.333333333333332,0.16666666666666666,0.2222222222222222,0.0,0.0,1.0,1.0,1.0,1.0,1.0,0.8333333333333334,1.0651802004497415,25.25,25.25,100.0
Blaze,Riorden,CHA,Goalie,Goalie,000258,43,2026_game_12,41.55263157894737,20.666666666666668,18.0,0.18421052631578946,0.0,2.0657894736842106,0.3333333333333333,14.644736842105264,9.333333333333334,0.0,0.0,0.15789473684210525,0.0,0.4342105263157895,0.3333333333333333,0.0,0.0,15.058526315789472,17.333333333333332,0.013157894736842105,0.0,1778882400.0,-0.013157894736842105,WAT,2026-ev-12,15.083333333333334,0.0324785924851434,31.333333333333332,0.16666666666666666,0.2222222222222222,0.0,0.0,1.0,1.0,1.0,1.0,1.0,1.015881521897988,1.0651802004497415,43.65,43.65,100.0
Matt,DeLuca,WAT,Goalie,Goalie,000408,27,2026_game_12,19.176470588235293,17.0,3.0,0.058823529411764705,0.3333333333333333,1.0,2.0,8.676470588235293,10.0,0.0,0.0,0.0,0.0,0.14705882352941177,0.0,0.0,0.0,9.355176470588235,8.666666666666666,0.0,0.0,1778976000.0,0.0,CHA,2026-ev-12,14.0,-0.0324785924851434,45.666666666666664,0.2222222222222222,0.2222222222222222,0.0,0.0,1.0,1.0,1.0,1.0,1.0,1.18159509202454,1.0291530326729517,21.22,21.22,77.8
Sean,Byrne,WAT,Goalie,Goalie,003264,11,2026_game_12,6.0,6.0,6.0,0.0,0.0,0.0,0.0,3.0,3.0,0.0,0.0,0.0,0.0,0.0,0.0,0.0,0.0,3.0,3.0,0.0,0.0,1778976000.0,0.0,CHA,2026-ev-12,14.0,-0.0324785924851434,45.666666666666664,0.2222222222222222,0.2222222222222222,0.0,0.0,1.0,1.0,1.0,1.0,1.0,1.0,1.0291530326729517,16.02,16.02,47.2
